date,app,platform,network,cdn,geography,stream_type,vst_p50,vst_p95,rebuffer_ratio,rebuffer_rate,vsf,ebvs,avg_rendered_bitrate,downshift_frequency,total_watch_time,avg_session_duration,dau,wau,mau,content_completion_25,content_completion_50,content_completion_75,content_completion_100,browse_to_play,ad_fill_rate,ad_start_failure,vcr_ads,ad_pod_dropoff,churn_rate,arpu,cdn_cache_hit_ratio,manifest_fetch_latency,ttfb,volume
2020-09-04,App_A,Android TV,T-Mobile,Akamai,Metro,FAST linear,1.79,4.82,1.99,1.01,1.91,2.44,4.46,2.41,4102,21.2,6547,31601,71512,82.6,60,42.5,31.2,50.9,81.4,1.56,65.8,10.6,6.15,2.39,86.8,239,170,11756
2020-09-04,App_B,FireTV,AT&T,Cloudflare,Region,VOD Movies,1.77,5.18,2.56,1.07,1.5,2.12,3.82,2.67,3357,20.8,5797,28111,75024,77.1,59.7,45.9,27,48.8,84.1,2.31,60.2,9.8,5.86,2.46,88.5,298,185,7462
2020-09-05,App_A,Android TV,Cellular 5G,AWS CloudFront,Region,Live Sports/Events,1.97,4.1,2.28,0.81,1.43,2.28,4.25,2.38,4067,21.3,6187,29508,79667,79.5,60.2,45.9,29.9,53.8,83.3,1.76,63,9,4.91,2.44,88.6,215,157,8050
2020-09-05,App_B,Android TV,Airtel,Cloudflare,Country,FAST linear,1.96,5.12,2.27,0.89,1.76,2.47,4.06,2.41,3726,20.2,5708,27208,65327,77,62.6,47.1,28.5,49.5,83.1,1.94,64,10.8,5.67,2.19,88.6,251,210,7221
2020-09-06,App_A,iOS,Cellular 4G,Akamai,Metro,FAST linear,1.75,4.31,2.35,0.75,1.56,2.44,4.42,2.64,3725,20.4,6852,32595,72238,78,64.5,45.2,28.7,51.4,79.7,1.67,63,9.3,4.97,2.35,86.7,305,184,8925
2020-09-06,App_B,Apple TV,Cellular 4G,Cloudflare,Region,VOD Series,2.23,4.9,2.34,0.95,1.94,3.16,3.59,2.02,3306,20.3,5843,28164,67801,78,62,45,28,46.7,80.8,2.12,59.8,11,6.21,2.47,89.6,298,200,7271
2020-09-07,App_A,Android,Airtel,Cloudflare,Metro,FAST linear,2.05,3.97,2.2,0.9,1.62,2.15,3.96,2.47,3816,21.6,6451,30786,67496,79.2,64.9,44.8,30.1,53.7,82.7,1.5,64,8.5,4.94,2.62,87.9,258,217,9063
2020-09-07,App_B,Android TV,Broadband,AWS CloudFront,Metro,VOD Movies,1.77,4.82,2.02,0.87,1.55,2.67,4.01,2.64,3284,19.4,5467,26323,62104,76.9,59.9,43.1,28.8,49.1,80.3,1.76,60.1,9.7,6.17,2.53,89.7,255,217,7174
2020-09-08,App_A,Tizen,Broadband,Cloudflare,Region,VOD Series,1.72,3.62,2.56,0.98,1.51,2.06,3.76,2.36,3179,19.6,6816,32556,79373,80.6,60.1,44,32,51,82.6,1.65,68,10.8,6.08,2.34,89.4,288,161,8391
2020-09-08,App_B,Apple TV,Jio,Akamai,Metro,VOD Movies,2.27,4.17,2.68,1.08,1.41,2.2,3.6,2.36,2936,19.9,5756,27898,66210,79.8,64.2,42.6,29,46.4,82.7,1.61,61.7,10,6.32,2.35,87.5,302,234,9775
2020-09-09,App_A,WebOS,T-Mobile,Cloudflare,Metro,FAST linear,1.6,3.98,2.47,0.93,1.86,1.95,3.81,2.08,3306,18.7,6432,30966,82696,80,61.9,45.8,28.5,49.4,83.9,1.73,65,9.8,6.08,2.33,86.4,231,191,8294
2020-09-09,App_B,Apple TV,Comcast Xfinity,Fastly,Region,FAST linear,2.24,4.63,2.73,1.01,1.64,2.85,3.52,2.51,3244,17.9,6057,28791,78371,83,59.1,44.3,27.5,49.7,84.9,2.02,59.8,11.6,6.35,2.18,89.3,311,220,7734
2020-09-10,App_A,WebOS,Wi-Fi,Cloudflare,Metro,VOD Series,1.55,3.66,2.59,0.9,1.6,1.95,3.83,2.29,3408,20.5,6143,29269,78142,79,62.4,45.2,31.4,49.7,84.1,2.01,65.1,9.3,5.05,2.44,87.4,257,218,10332
2020-09-10,App_B,iOS,Wi-Fi,Cloudflare,Region,VOD Movies,2.27,4.97,2.06,1.01,1.5,3.08,3.6,2.83,3500,19.5,5313,25552,64116,80.1,60.2,47.1,28.3,48.1,81.2,1.68,60.5,10.5,6.11,2.42,88.3,238,214,8689
2020-09-11,App_A,WebOS,Cellular 5G,Fastly,Metro,FAST linear,1.56,3.79,1.9,0.9,1.75,2.71,3.54,2.22,3777,19.9,6213,29910,68449,80.5,59,42.9,28.9,49.2,84.4,1.63,68.3,10.3,5.7,2.41,87.9,221,182,10958
2020-09-11,App_B,Tizen,Wi-Fi,Fastly,Country,FAST linear,2.16,4.05,2.14,1,1.65,2.54,3.83,2.65,3034,17.5,5298,25416,66577,79.2,64.6,47.5,29.1,49.7,82,1.63,58.7,9.6,5.67,2.29,86.8,309,219,9321
2020-09-12,App_A,Android TV,Jio,Fastly,Region,FAST linear,1.89,4.58,2.28,0.94,1.28,2.29,3.63,1.8,3310,19.2,6972,33459,74343,79,61,45.5,29.3,51.8,81.3,1.93,65,8.7,5.08,2.37,86.7,279,173,10259
2020-09-12,App_B,WebOS,Wi-Fi,Cloudflare,Country,FAST linear,2.04,4.6,2.46,1.05,2.1,3.16,3.77,2.67,3647,18.7,5681,27050,69044,77.4,60.8,45.4,28.6,47,79.5,2.07,61.2,10.1,6.21,2.13,86.5,268,245,8754
2020-09-13,App_A,Android,T-Mobile,AWS CloudFront,Country,FAST linear,1.82,4.36,2.33,1.06,1.44,2.35,3.78,1.96,3243,21.1,6845,33138,74431,78.3,61.7,42.9,28.3,50.4,82.8,1.95,67.3,10.9,5.22,2.4,87,230,201,8924
2020-09-13,App_B,Desktop Web,Comcast Xfinity,AWS CloudFront,Country,FAST linear,2.11,5.06,1.95,0.88,1.83,3.09,3.84,2.37,3037,19.3,5354,25855,60207,79.7,62.4,44.3,27.4,45.8,84.9,2.03,60.6,10.7,5.43,2.41,89.5,258,184,7014
2020-09-14,App_A,Apple TV,Broadband,Cloudflare,Metro,VOD Movies,1.79,4.3,2.41,1.02,1.87,2.36,3.82,1.76,3209,21.7,6135,29658,74345,81.6,65,42.8,29.6,51.1,82.8,1.81,65.8,10.4,4.93,2.56,88.8,215,192,10209
2020-09-14,App_B,Desktop Web,Airtel,Fastly,Region,FAST linear,1.9,4.08,2.76,0.95,1.97,2.97,3.63,1.97,3618,20.2,5585,26660,66850,83,62,47.1,27.1,48.5,84.5,2.14,60.6,11.4,6.56,2.55,87.8,293,177,9408
2020-09-15,App_A,WebOS,Comcast Xfinity,Fastly,Metro,VOD Movies,1.8,3.6,2.06,0.98,1.64,2.54,4.44,1.92,3634,20.6,6883,33088,73969,80.4,63.9,42.5,29.6,55.1,84.5,2.01,66.2,11.3,5.31,2.77,88.8,275,198,10664
2020-09-15,App_B,Desktop Web,Wi-Fi,AWS CloudFront,Country,FAST linear,1.91,5.11,2.71,0.85,1.45,2.17,3.69,2.46,3037,18,5591,26927,56740,79.9,61.6,43.1,26.3,45.7,82,2.03,60.8,12.6,6.53,2.28,87.7,246,226,7373
2020-09-16,App_A,WebOS,T-Mobile,AWS CloudFront,Country,VOD Movies,1.87,4.01,2.59,0.82,1.42,2.71,3.74,2.1,3968,18.7,6930,33434,73051,80.3,63.2,45.6,30.2,54.9,83,1.56,64.8,9.6,5.41,2.71,86.8,224,171,12029
2020-09-16,App_B,Apple TV,Verizon,Akamai,Metro,VOD Series,2.06,5.29,2.5,1.14,1.61,2.89,3.84,2.65,2995,16.9,5878,28401,76020,81.6,62.5,44.6,26.4,50.4,84.7,1.91,58.7,12,6.35,2.22,87.6,326,195,9554
2020-09-17,App_A,Android TV,Cellular 5G,Cloudflare,Country,VOD Movies,1.89,4.51,1.89,0.84,1.44,1.96,3.98,2.36,4113,20,6817,32534,79806,79.6,59.8,43.6,29.7,49.2,82.1,2.02,64.8,9,4.84,2.53,88.3,261,160,8280
2020-09-17,App_B,Android,Comcast Xfinity,AWS CloudFront,Metro,VOD Series,2.24,5.09,1.99,1.09,1.64,2.7,3.85,2.17,3487,17.1,5656,26926,65241,82.4,60.7,42.6,27.5,46.5,84.3,1.83,58.5,11.2,6.46,2.15,89.8,254,173,7873
2020-09-18,App_A,Tizen,Airtel,Fastly,Country,VOD Series,1.69,3.68,2.45,0.95,1.86,2.32,4.13,1.84,4127,21.7,6798,32677,79205,80.4,64,43.5,29.4,53.6,80.7,1.92,66.3,8.8,5.73,2.37,88.5,294,161,10409
2020-09-18,App_B,Tizen,Verizon,AWS CloudFront,Region,VOD Movies,1.99,4.44,2.37,1.1,1.88,3.14,3.35,2.14,3453,16.9,5733,27620,65537,82.6,59.1,47.1,29.2,47,84.9,1.75,61.6,9.6,5.81,2.13,86.6,238,198,9832
2020-09-19,App_A,Apple TV,Verizon,Akamai,Country,VOD Series,1.73,4.07,2.39,1,1.61,2.61,4.31,1.78,4183,19.9,6366,30437,66100,76.9,61.6,47,29,50.7,81.2,2.15,67.8,11.2,5.29,2.46,89.8,275,212,10197
2020-09-19,App_B,Android,Wi-Fi,Cloudflare,Region,VOD Movies,2.1,4,2.22,1.05,1.67,2.47,4.03,2.7,2815,19.3,5625,26956,61179,82.8,59.2,46.7,29.7,49,79.7,1.59,61.6,9.9,6.4,2.26,86.9,300,222,10050
2020-09-20,App_A,Android TV,Verizon,AWS CloudFront,Country,VOD Movies,1.95,4.09,1.79,0.75,1.35,2.45,4.47,2.22,3963,19.7,6160,29420,70205,81.4,60.1,47.4,30.5,49.3,84.7,1.67,63.8,11.1,5.22,2.62,87.8,212,168,9136
2020-09-20,App_B,Android TV,Comcast Xfinity,AWS CloudFront,Country,VOD Series,1.71,4.11,2.15,0.83,1.49,2.61,3.77,2,3658,17.8,5427,26235,61181,79.9,62.4,47.1,29.2,48.6,84.9,1.96,63.7,10.2,6.44,2.56,87.3,309,224,9280
2020-09-21,App_A,Apple TV,Airtel,AWS CloudFront,Country,VOD Series,1.93,3.8,2.1,0.74,1.8,2.65,3.69,1.77,3564,19.2,6396,30724,75241,79.2,64.2,44,30.8,54.1,80.8,1.55,64.8,10.3,5.25,2.38,86.5,253,218,10763
2020-09-21,App_B,Desktop Web,Jio,AWS CloudFront,Region,FAST linear,1.79,4.25,2.09,1.13,1.91,2.65,3.99,1.96,3203,17.3,5172,24896,54121,77.7,60.6,43.3,29.4,50.3,84,1.95,60.1,9.7,5.8,2.36,88.5,241,187,6589
2020-09-22,App_A,Android TV,Jio,Akamai,Country,VOD Series,1.67,4.32,1.77,0.85,1.91,2.49,3.79,1.8,4127,19.9,5858,27856,61877,78.7,63.3,42.5,28.9,52.7,79,1.68,66,8.6,5.26,2.71,89.3,269,183,8852
2020-09-22,App_B,FireTV,Comcast Xfinity,Akamai,Region,VOD Series,2.24,5,2.12,1.1,2.06,2.95,4.03,2.56,2973,18.8,5380,25600,68613,82.3,63.1,45.7,26.9,49.3,79,2.26,62,9.8,5.67,2.54,86.6,311,182,8997
2020-09-23,App_A,Android,Comcast Xfinity,Cloudflare,Metro,FAST linear,1.58,3.98,2.12,0.78,1.85,2.4,3.67,2.24,3169,19.9,6837,32621,84077,79.7,59.7,44.2,28.6,51.8,79.9,1.46,63.8,10.5,5.03,2.47,89.2,262,212,9599
2020-09-23,App_B,Tizen,Jio,Akamai,Metro,VOD Movies,2.1,4.85,2.4,1.03,1.96,2.42,3.79,2.84,3319,17.8,5673,27389,63905,81.9,63.9,45.9,27.5,51.1,81.2,1.61,62.7,12.3,5.37,2.43,86.7,244,211,7491
2020-09-24,App_A,Apple TV,Broadband,Fastly,Country,FAST linear,1.89,4.49,2.02,1.02,1.28,2.38,4.04,2.22,3966,20,5943,28347,70459,82.8,59.3,42.6,28.9,50.8,79,2.03,68.8,8.9,5.71,2.52,89.5,218,170,7883
2020-09-24,App_B,Apple TV,Jio,Fastly,Country,VOD Series,2.08,4.1,2.29,0.99,1.89,2.17,3.8,2.05,2685,18.1,5720,27550,67964,78,60.9,43.1,27.7,49.3,81.1,2.22,61.7,10.1,5.7,2.24,88.7,294,224,9910
2020-09-25,App_A,Tizen,Wi-Fi,AWS CloudFront,Region,Live Sports/Events,1.99,3.84,2.59,0.75,1.66,2.02,4.4,2.03,3288,19.9,6781,32300,86872,77.7,63.3,47.4,30.4,51.7,79.9,1.93,66.4,9.3,5.96,2.55,87.5,275,162,10593
2020-09-25,App_B,FireTV,Broadband,AWS CloudFront,Metro,FAST linear,1.75,4.87,2.23,0.82,2.08,2.52,3.94,2.28,2850,19.8,5812,28039,71713,83.2,64.6,44.6,29.3,46.5,81.6,1.87,60.8,9.7,5.97,2.48,87.5,331,219,9628
2020-09-26,App_A,Desktop Web,Airtel,Fastly,Region,VOD Series,2.01,4.65,2.31,0.88,1.75,2.51,3.68,2.44,3759,18.8,6484,31138,78625,78.5,63.6,45.8,28.8,53.4,83.6,1.89,67.8,9.5,6.01,2.55,86.9,266,194,10723
2020-09-26,App_B,Apple TV,Comcast Xfinity,Fastly,Region,VOD Movies,1.8,4.15,2.86,1.11,1.99,2.65,3.88,2.49,3153,19.1,5804,27571,73309,81.4,65.2,45.2,29.3,46.8,83.1,1.74,59.6,12,6.55,2.27,88.8,305,210,8078
2020-09-27,App_A,iOS,Cellular 4G,Cloudflare,Metro,FAST linear,1.71,3.79,1.93,0.93,1.73,2.28,3.76,2.02,4006,20.3,6514,31107,73176,77.6,62.9,43.7,29,52,81.5,1.56,64.3,10.6,5.66,2.54,88.7,269,198,9678
2020-09-27,App_B,Android,Comcast Xfinity,Cloudflare,Region,VOD Movies,1.92,5.1,2.39,1.1,1.59,2.67,3.32,2.12,3597,17,5108,24433,65759,82.9,59.5,42.8,27.1,46.6,82.9,1.94,64.4,10.7,6.24,2.56,88.2,308,237,6563
2020-09-28,App_A,Android TV,Cellular 5G,Fastly,Country,FAST linear,1.55,4.63,2.01,0.98,1.85,2.39,4.08,2.52,3131,19,6635,32088,67067,77.9,60,43.7,31.3,52.9,84.2,2.05,63.7,10.3,5.67,2.35,86.8,268,216,10285
2020-09-28,App_B,WebOS,Comcast Xfinity,Cloudflare,Metro,VOD Movies,2.02,5.07,2.36,1.06,1.84,2.48,3.81,2.61,3207,19,5825,27738,61954,79.5,65.2,42.8,28.3,47.5,81.7,2.22,62.3,9.7,6.37,2.45,89.3,275,210,8475
2020-09-29,App_A,WebOS,Verizon,AWS CloudFront,Region,Live Sports/Events,1.53,4.8,2.51,0.8,1.79,2.85,3.67,2.21,3294,17.6,6222,29655,72912,81.6,62.1,45.3,29,51.8,85.3,1.73,63.1,8.6,5.62,2.61,89.1,284,162,7738
2020-09-29,App_B,Desktop Web,Cellular 4G,AWS CloudFront,Metro,VOD Movies,1.89,4.64,2.81,0.84,1.84,2.36,3.9,2.68,2712,18.4,5144,24721,57100,83.2,63.6,47.5,26.9,48,84.5,2.04,64.1,11.3,6.4,2.42,87.5,296,192,9253
2020-09-30,App_A,FireTV,Airtel,AWS CloudFront,Metro,Live Sports/Events,1.63,4.75,2.23,0.76,1.29,2.29,4.51,2.41,3113,20.7,5850,28325,62427,82,61.8,43.6,31.2,54.4,82.1,1.71,63.5,10.8,6.01,2.57,89,281,199,9578
2020-09-30,App_B,Apple TV,Broadband,AWS CloudFront,Region,VOD Movies,2.03,4.84,2.49,0.83,2.09,2.68,3.35,2.72,2968,16.8,5423,25782,66856,77.7,59.6,43.7,28.6,49.5,84.6,2.09,64.7,11.7,5.48,2.56,89.1,267,236,7604
2020-10-01,App_A,Apple TV,Airtel,Fastly,Region,VOD Series,1.89,4.75,2.32,0.98,1.31,2.68,4.29,2.25,4036,19.3,5805,27691,64610,80.2,60.7,47.2,29.7,51,85.4,2.07,68,9.2,5.09,2.55,88.8,233,183,9850
2020-10-01,App_B,Desktop Web,Comcast Xfinity,Fastly,Country,VOD Movies,2.1,4.24,2.36,1.14,1.9,3.08,4.15,1.98,3361,17.6,5723,27676,59360,79,63.7,47.7,29.2,50.3,85,2.13,60.7,9.5,5.81,2.19,87.6,260,200,9636
2020-10-02,App_A,Apple TV,Airtel,Fastly,Region,FAST linear,2,4.06,2.62,1.06,1.29,2.51,4.21,2.56,4091,18.2,6101,29371,63482,81.1,60.6,42.9,31.9,51.2,83.9,1.93,66.7,10.6,5.81,2.5,89.2,261,221,8475
2020-10-02,App_B,Android,Cellular 4G,Fastly,Country,VOD Movies,1.75,4.44,2.27,1.11,1.42,2.57,3.35,2.22,2813,19,5805,27945,58580,83.3,63.5,46.5,28.3,49.6,82.5,1.84,58.7,10,6.2,2.41,87.6,238,173,9739
2020-10-03,App_A,WebOS,AT&T,Cloudflare,Region,VOD Series,1.61,3.84,1.86,0.78,1.53,2.59,4.16,1.87,3278,18.6,6232,29764,76642,80.2,61.7,46.5,30,50.3,85.3,1.62,64.2,8.6,5.95,2.59,87.7,295,161,8488
2020-10-03,App_B,Apple TV,Verizon,Cloudflare,Country,FAST linear,1.9,4.67,1.97,1.09,1.47,2.16,4.07,2.71,2687,18.8,5763,27649,61029,80.1,62.9,46.1,27.7,47.6,83.1,1.92,62.7,11.3,6.35,2.31,88.2,257,227,7622
2020-10-04,App_A,Desktop Web,Comcast Xfinity,Fastly,Country,Live Sports/Events,1.71,3.91,2.28,0.86,1.79,2.31,4.1,2.49,3685,20.4,6701,32336,82115,79.6,64.1,45.5,30.3,52.2,82.6,1.88,65.5,9.4,6.03,2.6,89.7,266,162,11404
2020-10-04,App_B,Apple TV,Cellular 5G,Cloudflare,Region,Live Sports/Events,1.84,4.64,2.06,0.84,1.66,2.13,3.66,2.86,2960,19.6,5068,24190,51662,80.2,62.7,44.7,26.5,46.8,83,1.9,62.6,11,5.35,2.33,87,245,232,8072
2020-10-05,App_A,Tizen,Airtel,Fastly,Country,Live Sports/Events,1.96,3.65,2.22,0.95,1.28,1.96,4.43,2.12,3560,20.2,6241,30094,65895,81.9,59.5,43.1,32.3,50.5,84.2,1.68,68.7,10.6,5.92,2.78,88.4,245,210,9798
2020-10-05,App_B,iOS,AT&T,AWS CloudFront,Region,FAST linear,1.69,4,2.12,1.1,1.79,2.31,3.59,2.34,3314,16.3,5140,24593,58666,77.8,61.8,44.6,30.1,49.5,82.3,1.72,60.5,11.6,6.42,2.42,89.5,313,219,7343
2020-10-06,App_A,iOS,Wi-Fi,Akamai,Country,FAST linear,2.05,4.02,2.4,1.02,1.27,1.99,4.31,2.4,3133,20,5778,27521,70503,77.8,62.7,43.9,31.2,55.3,80.9,2.02,68.9,9.7,5.14,2.43,89.5,236,163,8501
2020-10-06,App_B,Desktop Web,T-Mobile,Akamai,Country,VOD Movies,1.93,4.69,2.73,0.92,1.47,2.25,3.63,2.22,2875,19.4,5229,25032,58125,80.3,60,47.9,28.1,49.5,81.5,2.13,62.6,12.2,6.18,2.61,87.5,292,178,6761
2020-10-07,App_A,Desktop Web,T-Mobile,AWS CloudFront,Country,VOD Series,2.04,4.67,2.27,0.77,1.75,2.4,3.92,2.61,3359,19,6537,31211,77028,77.3,59.5,45.6,31.9,51.1,81.2,1.56,64.9,10,5.96,2.45,89.2,272,166,9603
2020-10-07,App_B,Android,Broadband,Cloudflare,Country,FAST linear,1.79,4.67,2.47,0.8,1.45,2.97,3.46,2.02,3259,18.4,5438,26237,55623,81.6,59.2,46.9,28.1,48.6,83.4,1.99,60.7,11,6.2,2.39,88,329,220,8018
2020-10-08,App_A,WebOS,Comcast Xfinity,Fastly,Metro,VOD Series,1.61,4.41,2.21,0.93,1.75,2.84,4,2.11,3459,18.3,6305,30578,66199,82.6,60.7,46.8,29.3,53.3,80,1.5,67.7,10.4,4.98,2.56,89.1,238,189,8165
2020-10-08,App_B,Android,AT&T,AWS CloudFront,Region,VOD Series,2.09,4.94,2.42,0.79,1.8,3.1,3.61,2.27,3137,17.4,5642,27312,58703,80.1,64.4,43,27,48.6,79.5,1.78,63.3,10.4,5.9,2.49,87.6,267,221,8554
2020-10-09,App_A,Desktop Web,Cellular 5G,Fastly,Region,VOD Series,1.75,3.66,1.88,0.88,1.36,2.66,3.66,2.46,3839,17.3,6128,29372,64133,79.4,61.3,45.8,29.8,52.2,83.4,1.76,66.3,9.6,4.89,2.81,87.7,236,156,10470
2020-10-09,App_B,iOS,Comcast Xfinity,Fastly,Country,Live Sports/Events,2.13,4.92,2.74,0.84,1.47,2.44,3.44,2.3,2761,16.9,5106,24754,52520,79.2,64.5,44.9,29.3,48.7,83.5,2.22,61.5,11.2,5.61,2.57,89,237,202,7390
2020-10-10,App_A,iOS,Cellular 4G,Akamai,Country,VOD Movies,1.71,3.66,2.23,0.76,1.8,2.66,3.98,1.87,3052,19.1,6022,29067,63161,77.6,61.3,43.8,32.4,50.6,82.4,1.96,67.9,9,5.81,2.78,86.5,216,165,9085
2020-10-10,App_B,Tizen,Jio,Akamai,Region,VOD Movies,1.86,5.1,2.42,0.8,1.6,2.28,3.99,2.31,3212,19.5,5063,24377,54481,81.5,59.7,43.4,28.6,50.5,79.7,1.86,64,12,5.42,2.59,86.8,304,193,8017
2020-10-11,App_A,WebOS,Jio,Cloudflare,Country,FAST linear,1.97,4.27,2.55,0.73,1.71,2.03,3.86,2.36,3217,17.3,6402,30715,74369,82.6,61.3,45,31.9,49.9,83.6,1.81,66.6,9.5,5.8,2.68,89.8,259,175,10801
2020-10-11,App_B,FireTV,Wi-Fi,Cloudflare,Metro,Live Sports/Events,2.18,4.73,2.63,1.12,1.65,2.67,4.14,2.52,3357,19.5,5611,26981,65667,80.8,62.8,46.1,26.9,50,82.7,1.88,63,11.8,5.83,2.63,88.5,240,220,8368
2020-10-12,App_A,Android TV,AT&T,Fastly,Metro,FAST linear,1.99,3.89,2.52,0.96,1.73,2.75,4.02,2.42,3935,18.5,5844,28263,63495,80.1,64.1,45.4,29.7,53.5,83,1.86,66.7,10.1,5.11,2.44,89.4,215,198,9777
2020-10-12,App_B,Android,Jio,Akamai,Metro,FAST linear,1.82,4.04,2.49,0.93,1.42,2.31,3.54,2.5,2763,18.8,5485,26263,60526,78.1,64.9,42.8,27.3,49.8,83.5,2.29,61.5,11.4,5.67,2.18,86.8,239,191,8341
2020-10-13,App_A,Apple TV,Verizon,AWS CloudFront,Metro,VOD Movies,1.67,3.97,2.09,0.84,1.77,2.17,3.69,2.55,3368,18.1,5912,28489,73452,83.3,60.5,44.4,30.2,50.8,82.5,1.53,64.5,9,5.82,2.48,88.1,246,158,10085
2020-10-13,App_B,Apple TV,Wi-Fi,AWS CloudFront,Region,Live Sports/Events,2,4.97,2.19,0.79,1.58,2.71,4.19,2.73,3427,16.6,5092,24370,51012,79.6,63.4,46.4,26.5,51.5,81.5,2.32,63.8,12,6.29,2.54,88.8,261,206,8524
2020-10-14,App_A,Desktop Web,Airtel,Fastly,Country,VOD Series,1.82,3.98,2.19,0.99,1.7,2.74,3.6,2.58,2989,18,6413,30543,72669,81.3,60,47.8,29.9,54.3,79.9,1.53,64.1,11,5.14,2.37,88.3,246,203,11269
2020-10-14,App_B,Desktop Web,Broadband,Akamai,Metro,Live Sports/Events,1.8,4.88,2.74,1.16,1.75,2.85,3.82,2.67,2885,17.8,5339,25631,62511,83.2,62.8,45.6,29.6,51.4,84.6,1.59,64.1,11.9,5.96,2.17,88.2,322,232,8255
2020-10-15,App_A,FireTV,Cellular 4G,Cloudflare,Metro,Live Sports/Events,1.67,4.5,2.23,1.04,1.7,2.17,4.08,2.57,3242,18.7,5742,27732,61829,82.1,62.7,47.9,30.4,54.5,84.2,1.54,68.4,10.1,4.92,2.71,89.4,244,189,8200
2020-10-15,App_B,WebOS,Broadband,Akamai,Metro,FAST linear,2.23,4.58,2.24,1.13,1.72,2.63,3.62,2.79,3064,17.2,5742,27313,62195,79.8,63.4,47.5,27.1,50.3,80.2,2.04,62.2,10.4,6.03,2.21,88.6,252,184,8158
2020-10-16,App_A,WebOS,Comcast Xfinity,Akamai,Region,FAST linear,1.69,4.71,2.44,1.05,1.33,2.01,4.47,1.78,3296,19.4,6404,30907,75081,77.5,62.9,45.8,28.5,50.7,85.1,1.75,66,9.8,6.07,2.77,88,241,155,9431
2020-10-16,App_B,FireTV,Airtel,Fastly,Country,Live Sports/Events,1.98,4.36,2.22,0.97,1.43,2.11,3.49,1.91,3244,17.2,5505,26483,66575,77.5,59.6,44.7,29.7,50.5,83.8,1.67,63.8,10.5,6.25,2.28,87.6,330,176,9825
2020-10-17,App_A,iOS,T-Mobile,Fastly,Metro,FAST linear,1.71,4.79,2.44,1.07,1.57,2.43,3.85,2.48,3435,17.5,6419,30693,65493,77.9,63.8,42.6,29.4,50.1,80.5,1.57,67.9,8.5,5.19,2.77,88.3,237,183,11538
2020-10-17,App_B,Tizen,T-Mobile,Fastly,Country,VOD Movies,2.15,4.75,2.84,1.1,1.95,2.26,3.88,2.48,3003,16.9,5712,27432,69425,77.1,62.4,43.5,28.5,49.6,81.5,1.86,60.5,12,5.39,2.41,87.5,309,208,10273
2020-10-18,App_A,WebOS,AT&T,Cloudflare,Region,VOD Series,1.63,3.61,1.93,1.06,1.82,2.6,4.23,2.28,3046,17.8,6191,29559,78983,77.4,63.6,43.4,28.5,53.4,80.6,1.91,65.5,9.1,5.18,2.8,88.5,300,197,9370
2020-10-18,App_B,iOS,Wi-Fi,Fastly,Region,FAST linear,1.85,4.1,2.54,0.97,1.46,2.51,3.84,2.82,2738,19.1,4991,24169,54977,77.8,60.8,47.4,29.9,48.4,83.6,1.9,64.3,9.4,6.46,2.52,87.4,263,220,6143
2020-10-19,App_A,iOS,Verizon,Akamai,Country,VOD Movies,1.85,4.62,1.84,1.03,1.51,2.1,4.1,2.44,3613,17.2,5918,28179,73884,82.9,65.4,47.1,31.3,52.3,83.4,1.65,66.7,9.6,5.06,2.68,88.2,234,217,10024
2020-10-19,App_B,FireTV,AT&T,Fastly,Country,VOD Movies,2.03,4.98,2.68,1.17,1.53,2.35,3.83,2.4,2633,17.8,4943,23632,63215,80.1,65.3,45.5,28,47.1,85,2.17,62.3,9.3,5.7,2.3,89.9,260,219,7036
2020-10-20,App_A,Desktop Web,Jio,AWS CloudFront,Country,VOD Series,1.92,4.63,2.34,0.9,1.72,2.47,4.46,2.31,3453,19.8,6186,29693,75392,78.1,60.7,43.7,31,49.4,81.1,1.86,65.9,10,5.37,2.44,89.4,222,212,8910
2020-10-20,App_B,Apple TV,Jio,Akamai,Metro,FAST linear,2.21,4.71,2.83,1.11,2.05,2.46,3.47,2.76,3370,16.5,5302,25320,61281,80.8,60.6,46.3,29.3,48.8,84.4,1.86,62.2,10.3,6.33,2.62,86.6,287,188,8290
2020-10-21,App_A,WebOS,Broadband,Cloudflare,Region,VOD Series,1.62,4.73,1.77,0.74,1.47,2.66,3.6,2.23,3157,17.3,6029,28731,76856,79.7,62.1,47.7,28.4,52.6,80.3,1.67,69.2,9.5,6.03,2.43,87.1,230,209,7568
2020-10-21,App_B,FireTV,Wi-Fi,Akamai,Country,VOD Movies,2.06,4.21,2.3,0.98,1.69,2.96,4.21,2.78,2627,16.2,5138,24759,51992,82.5,60.4,45.6,29.9,50.4,81.7,1.7,62.4,9.8,6.67,2.62,87.5,301,220,6872
2020-10-22,App_A,Desktop Web,Wi-Fi,AWS CloudFront,Metro,VOD Series,1.72,4.58,2.06,0.93,1.85,2.52,3.97,2.37,3690,20.3,5969,28550,64069,78.9,60.1,46,28.3,55.2,81.4,1.48,67.3,8.9,5.48,2.48,89.6,224,175,8436
2020-10-22,App_B,Apple TV,Comcast Xfinity,Fastly,Country,VOD Series,2.04,4.13,2.45,1.01,1.46,2.92,3.84,2.01,3042,17.2,5503,26509,68379,82.2,64.1,46.4,27.9,49,80.5,1.88,60.2,10.6,5.29,2.35,87.3,317,173,9487
2020-10-23,App_A,Android,Broadband,AWS CloudFront,Region,VOD Series,1.63,3.79,2.06,0.8,1.34,2.08,3.73,2.08,3037,18.6,6529,31102,81276,77.4,64.1,45.2,30.1,54.9,79.7,1.66,64.4,10.1,5.51,2.59,86.8,257,161,11649
2020-10-23,App_B,Android TV,T-Mobile,Akamai,Country,Live Sports/Events,2.01,5.12,2.37,1.12,2.01,2.82,3.82,2.51,3162,16.3,4999,23856,53387,78.4,59.6,43.4,28.7,47.1,79.5,2.11,63,10.1,5.52,2.29,87,279,191,6021
2020-10-24,App_A,Tizen,Wi-Fi,Akamai,Region,Live Sports/Events,1.7,4.37,1.91,0.99,1.54,2.56,4.49,1.99,3594,20.8,5991,28462,75643,83,64.2,48.1,29.1,53.6,80.4,1.52,65.2,10.2,5.25,2.84,88.3,278,207,8332
2020-10-24,App_B,iOS,Cellular 4G,Akamai,Country,VOD Series,2.21,4.24,2.81,1.1,1.96,2.09,3.78,2.78,2621,16,5601,26619,66631,78.1,65.3,44.4,29,50.6,81.7,1.72,61.6,10.9,6.68,2.52,89.6,316,220,7718
2020-10-25,App_A,Android,Broadband,Fastly,Country,Live Sports/Events,1.6,3.98,2.48,1.05,1.68,2.63,3.61,2.09,3685,20.1,5732,27569,71464,81,63.2,45.9,28.6,53.4,82.6,1.84,67.9,9.3,5.85,2.65,88.7,281,173,9052
2020-10-25,App_B,iOS,Airtel,Akamai,Metro,Live Sports/Events,1.96,4.8,2.66,1.14,1.42,2.09,3.94,2.15,2827,17,5524,26604,70475,81.6,61.4,46.6,29.5,51.5,83,2.28,64.8,10.8,6.47,2.38,88.5,286,215,7715
2020-10-26,App_A,WebOS,Cellular 5G,AWS CloudFront,Metro,FAST linear,1.71,3.55,2.08,0.86,1.87,2.19,3.76,2.33,3095,17.3,6245,29716,76424,78.2,64.1,44.2,28.4,53.7,84.5,2.1,65.1,9.1,5.08,2.57,88.1,235,185,7771
2020-10-26,App_B,Tizen,Cellular 4G,Cloudflare,Region,FAST linear,2.04,4.72,2.76,0.79,1.52,2.48,4.01,2.52,2594,18.3,5517,26564,69313,80.7,62.9,47.5,27,51.3,85.1,1.63,64,11.9,5.58,2.63,86.5,248,242,8494
2020-10-27,App_A,WebOS,Wi-Fi,Akamai,Country,Live Sports/Events,1.53,3.89,2.17,0.89,1.79,2.2,3.82,1.77,3216,17.2,5910,28192,76197,82.8,60.9,45,28.9,55,79.3,1.65,67.8,8.5,5.4,2.69,88.4,299,178,9688
2020-10-27,App_B,iOS,Cellular 5G,Fastly,Metro,VOD Series,1.83,4.61,2.22,0.88,1.67,2.97,3.98,2.12,3028,16.2,5142,24760,61806,77.9,60.7,43.8,30.2,46.6,82.1,1.71,63.8,10.8,5.98,2.66,87.7,327,231,8447
2020-10-28,App_A,WebOS,T-Mobile,AWS CloudFront,Metro,Live Sports/Events,1.62,4.38,1.74,0.79,1.41,2.57,3.66,2.12,3841,18.6,5963,28855,72241,83.1,62.2,46.8,28.9,54,82.6,1.93,64.9,10.1,5.26,2.46,86.9,293,191,9667
2020-10-28,App_B,WebOS,Wi-Fi,AWS CloudFront,Country,FAST linear,2.03,4.47,2.49,0.86,2,2.09,3.96,2.23,3262,19,5024,24057,54174,82.3,64.7,46.7,29.5,46.8,84.5,1.69,63.9,11.2,5.51,2.25,89.6,283,186,7394
2020-10-29,App_A,FireTV,Cellular 5G,Akamai,Region,VOD Series,1.9,3.54,1.75,0.88,1.7,2.18,4.45,2.24,3861,17.3,6288,30100,71558,79.9,59.6,48,29,53.6,83.3,1.73,63.7,9.1,5.34,2.68,89,247,219,10316
2020-10-29,App_B,Tizen,Wi-Fi,Akamai,Region,Live Sports/Events,1.68,5.12,2.21,1.14,1.77,2.81,3.58,2.08,2936,17.2,5687,27574,62371,77.4,61.8,44.8,27,51.2,83.4,1.56,63.3,11.9,6.69,2.44,87.4,250,175,8974
2020-10-30,App_A,Android TV,Wi-Fi,Cloudflare,Metro,FAST linear,1.79,4.16,2.03,0.87,1.57,2.51,4.53,2,3371,19.8,5897,28307,65070,78.3,63.4,47.5,28.8,52.7,83,1.68,64,8.9,5.09,2.62,87.6,228,154,8108
2020-10-30,App_B,Desktop Web,AT&T,AWS CloudFront,Country,Live Sports/Events,2.15,4.45,2.57,0.97,1.43,2.54,4.1,2.02,3056,16.2,5147,24462,53822,80.7,61.8,47.9,29.4,47.4,81.6,2.19,62.6,10.2,5.65,2.53,89,279,221,7470
2020-10-31,App_A,iOS,Comcast Xfinity,Fastly,Region,Live Sports/Events,1.51,4.11,1.97,0.83,1.86,2.06,4.51,1.96,3862,20,6026,28701,76716,81,59.5,46.8,31.6,54.1,80.4,1.6,69.1,8.9,5.93,2.44,88.1,266,155,7766
2020-10-31,App_B,FireTV,AT&T,Fastly,Country,VOD Series,2.13,4.71,2.36,0.79,1.79,2.31,3.8,2.32,3013,16.2,5704,27414,58546,81,60.5,47.2,28.3,51.1,81.7,1.73,60.1,10.1,6.16,2.4,86.8,276,220,8036
2020-11-01,App_A,FireTV,Broadband,Akamai,Region,Live Sports/Events,2,3.79,2.45,0.93,1.28,2.75,4.33,2.32,3074,20,5897,28220,66403,77.3,60.8,45.4,30.7,50.9,85.6,2.04,63.8,9.3,4.94,2.74,89,293,217,8146
2020-11-01,App_B,Android,AT&T,Akamai,Country,FAST linear,1.86,5.1,2.49,0.85,1.56,2.49,3.48,2.51,2755,19.3,5126,24848,57980,81.6,61.4,47.5,29.7,49.3,79.6,1.63,62.2,11.2,5.39,2.38,89.2,276,200,7037
2020-11-02,App_A,Apple TV,Broadband,AWS CloudFront,Country,VOD Series,1.82,3.88,2.41,0.74,1.72,2.07,3.96,2.07,3426,19.2,5660,27373,66737,82.8,63.3,44.3,31.6,52.1,84.5,1.87,69.5,9.1,5.48,2.7,88.3,300,191,6989
2020-11-02,App_B,Tizen,AT&T,Fastly,Region,VOD Movies,2.1,5.01,2.58,1.12,1.61,2.11,3.43,2.03,3175,16,5257,25369,67777,80.1,62.6,45.1,29,51.5,82.5,1.76,60.5,11.7,5.85,2.6,88.6,299,198,6787
2020-11-03,App_A,iOS,Cellular 4G,Fastly,Metro,FAST linear,1.84,3.66,1.8,0.73,1.89,2.36,4.01,2.25,3964,17.1,5834,28072,68580,82.5,62.2,45.6,29.4,52.8,84.6,1.78,69.5,9.5,6.02,2.85,87.8,279,207,9103
2020-11-03,App_B,Tizen,Airtel,AWS CloudFront,Region,VOD Series,1.91,4.66,2.12,1,1.45,2.89,3.42,2.17,3111,19.2,4972,23876,57203,80.4,60.9,43.5,26.6,48.8,84.8,2.08,64.8,9.9,6.17,2.64,86.9,302,225,6450
2020-11-04,App_A,Apple TV,Comcast Xfinity,AWS CloudFront,Country,Live Sports/Events,1.73,4.07,2.04,0.72,1.7,2.56,4.29,2.01,3815,19.7,6397,30537,77402,82.7,62.6,43,29.6,53.8,80.2,1.46,69,9.3,4.89,2.74,86.8,293,159,8916
2020-11-04,App_B,Tizen,T-Mobile,Fastly,Metro,Live Sports/Events,2.15,4.11,2.3,0.88,1.88,2.95,3.8,1.92,2597,19.3,5683,27346,71491,80.4,64.7,43.1,29.5,47.9,81,2.15,59.2,10.5,6.63,2.63,86.6,311,197,7066
2020-11-05,App_A,Tizen,Wi-Fi,AWS CloudFront,Region,VOD Series,1.75,4.11,1.92,0.74,1.34,2.65,3.66,2.48,3957,18.5,6025,28748,65521,78.7,61.8,46.3,29.9,52.1,85.2,1.46,64.2,10.2,5.74,2.61,88.8,256,199,9396
2020-11-05,App_B,iOS,Jio,Akamai,Region,FAST linear,2.18,4.9,1.92,0.95,2.02,2.55,3.91,2.23,2937,18.4,5161,24803,63605,81.7,60.1,46.8,28.3,51.5,81.2,1.66,62.9,11.8,6.03,2.68,87,330,172,7279
2020-11-06,App_A,Apple TV,T-Mobile,AWS CloudFront,Metro,VOD Movies,1.85,3.53,1.85,0.98,1.79,2.24,3.83,1.95,3154,19.9,5904,28103,75645,81.8,63,46.4,32.2,50,84.5,1.64,63.4,9.6,4.92,2.59,89.9,286,198,9254
2020-11-06,App_B,Desktop Web,Jio,Cloudflare,Region,Live Sports/Events,2.13,5.18,2.07,0.86,1.62,2.15,4.26,2.45,3319,17,4936,23589,62042,77.7,60.6,45.6,28.5,47.8,81.8,1.55,65,12.3,6.27,2.38,88.3,242,191,7484
2020-11-07,App_A,WebOS,AT&T,Akamai,Region,Live Sports/Events,1.65,3.92,2.5,0.83,1.54,2,4.57,2.13,3758,17.5,5698,27208,64940,80.5,63.4,44.4,31,49.5,79.4,1.92,67.1,9.6,5.64,2.77,89.8,236,170,8050
2020-11-07,App_B,FireTV,Jio,AWS CloudFront,Region,Live Sports/Events,2.16,4.12,2.28,0.98,2.02,2.82,3.43,2.39,2944,18.7,5066,24476,57867,80.6,62.8,48.1,30.2,49.4,82.8,1.9,62.9,12.2,5.32,2.57,88.5,305,228,7014
2020-11-08,App_A,Desktop Web,Wi-Fi,AWS CloudFront,Metro,FAST linear,1.99,4.63,2.51,0.98,1.81,2.69,3.62,2.36,3428,19.5,5861,28144,74909,79.7,65,43.1,28.5,55.3,82.6,1.65,69.2,8.5,6.09,2.5,88.7,245,164,10325
2020-11-08,App_B,FireTV,T-Mobile,Cloudflare,Metro,VOD Series,2.04,4.56,2.38,0.97,1.45,2.66,3.42,2.4,3242,17.1,5646,27241,57421,82,60.5,43.9,28.6,46.8,81.4,1.86,60.7,11.1,6.61,2.56,89.3,290,197,7083
2020-11-09,App_A,FireTV,AT&T,Cloudflare,Metro,VOD Movies,1.57,4.47,2.05,0.82,1.52,1.99,4.35,2.34,3878,19.7,6156,29767,62096,81.4,59.4,44.3,30.1,50.8,79.4,1.65,67.7,9.7,6.01,2.37,87.3,261,191,9498
2020-11-09,App_B,WebOS,Cellular 4G,AWS CloudFront,Country,VOD Series,1.72,4.83,2.56,0.94,1.53,2.8,3.85,2.3,2857,17.5,5032,24060,59377,83.6,63.2,43.9,28.8,46.8,82.4,1.83,62.8,10.9,5.54,2.56,89.3,314,170,7674
2020-11-10,App_A,Desktop Web,T-Mobile,Cloudflare,Metro,VOD Series,1.89,3.97,2.17,0.95,1.8,2.32,4.39,2.25,3175,18.6,6207,29889,67248,81.4,64.2,44,28.6,52.4,81.9,1.64,63.5,9.9,6.08,2.82,88.3,224,162,7577
2020-11-10,App_B,Apple TV,Cellular 4G,Cloudflare,Metro,Live Sports/Events,1.67,5.2,2.82,1.12,1.87,2.46,4.23,2.01,3395,17,5017,24163,50980,77.2,64.7,43.2,27.1,46.7,80.7,2.13,63.7,10.2,6.36,2.3,88.1,305,219,8379
2020-11-11,App_A,Android,Wi-Fi,Fastly,Country,VOD Movies,1.82,3.88,2.47,0.88,1.84,2.14,4.35,2.3,3345,18.7,6286,30026,68802,82.3,60,45.1,28.7,52.7,80.5,1.61,65,8.5,5.41,2.88,88.9,233,198,9144
2020-11-11,App_B,iOS,Jio,Cloudflare,Metro,FAST linear,2.1,4.63,2.64,1.01,1.86,2.22,3.79,2.53,2761,19.3,5580,26974,65705,80.3,63.6,47.8,29.5,48.7,79.4,1.77,59.2,9.6,5.33,2.68,88.3,326,178,7477
2020-11-12,App_A,iOS,Broadband,Fastly,Country,VOD Movies,1.68,3.54,2.43,0.94,1.37,2.05,4.22,2.58,3032,18.6,6490,31049,79370,82.7,65,47.9,30.1,53.4,83.6,1.94,69.7,9.3,5.87,2.63,88.1,281,156,9123
2020-11-12,App_B,Android TV,Cellular 4G,Fastly,Metro,VOD Series,2.1,3.89,2.79,0.99,1.43,2.2,3.97,2.09,2863,17.8,5416,26207,54301,82.5,64.5,43,30.1,46.4,80.4,2.04,61.4,10.7,5.88,2.54,88.9,322,212,9425
2020-11-13,App_A,WebOS,Cellular 5G,AWS CloudFront,Region,Live Sports/Events,1.55,4.45,2.25,0.78,1.82,2.74,4.2,2.06,3701,17.7,6565,31311,68675,80.8,60.2,46.3,29.4,52.6,80.5,1.54,68.2,10.3,5.92,2.87,88.6,212,162,8353
2020-11-13,App_B,Android,Comcast Xfinity,AWS CloudFront,Metro,VOD Movies,2,4.18,2.12,0.93,1.85,2.67,3.98,2.19,2703,17.9,5780,27717,71001,83,64.7,48,29.1,48.1,84.3,2.07,64.3,10.8,5.82,2.37,89.4,309,215,7737
2020-11-14,App_A,Apple TV,Cellular 5G,Akamai,Country,Live Sports/Events,1.88,3.53,2.57,0.99,1.28,2.13,4.3,2.51,4027,19.7,6358,30765,79333,78.6,63.6,43.9,32.4,49.7,83.9,1.41,63.8,8.6,5.72,2.79,87.8,231,159,9602
2020-11-14,App_B,Desktop Web,AT&T,AWS CloudFront,Country,Live Sports/Events,1.88,4.32,2.16,0.98,2.05,2.12,3.63,2.42,2903,17.1,5250,25260,66974,78.2,65.5,43.5,30.3,48.5,82.7,2.2,60.1,11.4,5.64,2.63,88.1,261,219,7618
2020-11-15,App_A,FireTV,Broadband,Cloudflare,Metro,VOD Movies,1.51,4.29,1.76,0.79,1.7,2.01,4.47,1.97,3770,21.2,5943,28464,62170,79.4,65.6,47,32.2,52.2,81.1,1.7,69.8,9.9,4.94,2.82,87.1,224,200,9768
2020-11-15,App_B,iOS,Wi-Fi,AWS CloudFront,Region,FAST linear,2.1,4.02,2.49,1.16,1.41,2.76,3.99,2.15,2917,18.2,5798,27684,72769,80,65.2,43.2,28.4,47.7,82.7,2.3,62.8,10.1,5.61,2.62,90,308,175,8080
2020-11-16,App_A,Desktop Web,Broadband,Cloudflare,Region,VOD Series,1.64,4.35,2.55,0.81,1.73,2.6,3.98,2.07,3164,19.8,5862,28053,71782,78.9,61.5,43.8,30,53.8,85.1,1.98,64.7,10.6,5.58,2.4,88.2,294,175,8021
2020-11-16,App_B,Android TV,Airtel,Cloudflare,Region,VOD Movies,1.83,4.34,1.96,1.04,1.47,3.02,4.13,1.89,2866,18.5,5856,28083,75659,78.3,59.9,48,30.4,47.5,84.5,2.3,62.2,9.6,5.41,2.59,88.3,298,213,8742
2020-11-17,App_A,WebOS,T-Mobile,Akamai,Country,FAST linear,1.53,3.69,2.18,0.74,1.47,2.2,4.16,2.17,3131,21,6730,32263,84674,79.7,59.4,45.4,30.4,49.8,82.5,1.79,67.3,8.4,5.86,2.52,89.9,239,187,8256
2020-11-17,App_B,Android TV,Jio,Fastly,Metro,VOD Series,1.8,4.87,2.05,1.04,1.62,2.45,4.27,2.27,2925,18.3,5499,26254,58834,78.6,59.9,46.9,26.7,48,84.4,2.21,59.5,9.5,6.22,2.28,87.1,253,173,8254
2020-11-18,App_A,Android,Wi-Fi,Fastly,Country,Live Sports/Events,2.01,3.82,1.74,1.04,1.58,2.11,3.89,1.76,3656,19.4,5982,28636,72304,77.2,61.4,48.3,29.1,55.7,83.9,1.87,66.8,8.6,5.49,2.47,89.3,219,190,7577
2020-11-18,App_B,WebOS,Cellular 4G,Cloudflare,Region,Live Sports/Events,2.03,3.94,1.98,1.14,1.66,2.87,3.89,2.34,2698,17.7,5325,25745,56369,82.6,61.7,48.1,26.8,50.8,81.4,1.83,63,11.5,5.46,2.55,88.1,322,202,9311
2020-11-19,App_A,Apple TV,T-Mobile,Akamai,Country,VOD Series,1.56,4.54,2.2,0.79,1.72,2.61,4.43,1.93,3406,18.8,6799,32707,82303,83.6,62.4,43.8,30,55.3,82.4,1.75,66.5,10.1,5.37,2.69,89.2,237,191,12039
2020-11-19,App_B,iOS,Broadband,Cloudflare,Region,VOD Series,2,4.85,2.13,0.84,1.79,2.68,4.06,2.42,3605,16.8,5549,26747,55587,78.6,61.8,43,30.1,51.3,81.2,1.72,62.4,10.9,6.32,2.45,88.5,316,236,8127
2020-11-20,App_A,WebOS,Comcast Xfinity,Cloudflare,Metro,VOD Movies,1.54,3.88,1.98,0.77,1.26,2.29,3.81,2.03,3075,19.3,6376,30851,75910,79.4,59.9,43.9,31.7,52.2,81.6,1.98,63.8,10.1,4.95,2.81,86.8,231,191,8479
2020-11-20,App_B,Android TV,T-Mobile,Akamai,Region,VOD Movies,1.91,4.71,2.76,1.09,1.77,2.85,3.86,2.72,3180,17.7,5283,25337,55108,80.3,60.4,48.2,30.3,46.6,81.8,1.66,64.5,12.2,6.52,2.65,87.9,286,200,7226
2020-11-21,App_A,iOS,AT&T,Cloudflare,Country,FAST linear,2,4.63,2.01,1.02,1.75,2.25,4.55,2.44,3400,19.5,6169,29736,76942,82.4,62.4,45.3,31.5,50.2,85.3,1.52,67,11.1,6.06,2.68,87.4,216,159,8115
2020-11-21,App_B,Android,Jio,AWS CloudFront,Metro,VOD Movies,2.09,5.17,2.36,0.87,1.63,2.64,3.44,2.13,3359,19,5682,27346,71997,80.8,62,46.5,27.5,49.4,85.6,2.13,64.9,10.4,6.16,2.42,86.9,229,186,9814
2020-11-22,App_A,Tizen,Cellular 4G,Cloudflare,Country,Live Sports/Events,1.79,4.63,2.18,0.89,1.34,2.49,4.56,1.91,3413,18.4,6532,31176,80850,83.1,63.6,48,30.2,53.4,82.8,1.91,64.9,9.6,5.75,2.76,88.3,242,195,11541
2020-11-22,App_B,FireTV,T-Mobile,Fastly,Region,Live Sports/Events,2.08,4.72,2.16,1.15,2.05,3.02,4.14,2.79,3480,17.7,5756,27607,67380,80.2,64.9,44.9,27.4,46.7,85.1,2.13,61.6,9.9,5.94,2.31,87.8,306,201,9465
2020-11-23,App_A,Desktop Web,AT&T,Fastly,Metro,FAST linear,1.62,3.85,2.18,0.82,1.46,2.82,3.77,2.46,4104,19.1,6220,30034,66065,78.8,64,46.9,29.7,51.2,80,2.03,63.8,11.2,5.15,2.46,89,297,193,7601
2020-11-23,App_B,Apple TV,AT&T,AWS CloudFront,Region,Live Sports/Events,2.22,3.92,2.03,1.14,1.43,2.58,3.93,2.58,3210,16.7,5159,24768,63515,83,64.6,45.4,30.4,48.9,79.3,1.78,59.3,10.6,5.62,2.45,87.4,230,171,7952
2020-11-24,App_A,iOS,AT&T,AWS CloudFront,Country,FAST linear,1.96,4.24,1.74,0.77,1.65,2.49,4.39,1.83,3638,21.3,6203,29652,66317,79.2,65.1,45,31.5,52.9,79.4,2.06,64.7,11.1,5.12,2.43,89.2,278,212,9777
2020-11-24,App_B,Tizen,Cellular 4G,Akamai,Country,Live Sports/Events,1.67,4.09,2.8,1,1.48,2.08,3.6,1.98,2769,17.5,5667,27451,69823,78,60.7,48.1,29.4,47,84.7,2.26,60.7,9.4,5.38,2.33,89.1,323,171,8504
2020-11-25,App_A,Tizen,T-Mobile,Akamai,Metro,Live Sports/Events,1.73,4.37,2.49,0.71,1.78,2.34,3.66,1.9,3429,21.4,6215,29602,77644,81.2,61,43,30,49.6,85.4,1.54,68.3,8.8,6.03,2.73,87.4,275,215,11011
2020-11-25,App_B,FireTV,Broadband,Fastly,Metro,VOD Series,2.22,4.55,2.23,0.95,1.53,2.88,3.54,2.46,2929,18,5985,28573,66195,79.5,60.7,44.5,30.1,51.9,82.1,1.85,60.2,11.8,6.25,2.49,86.8,312,198,7218
2020-11-26,App_A,Android,T-Mobile,Akamai,Country,VOD Series,1.58,3.76,2.5,0.88,1.62,2.7,3.75,1.73,3964,20.7,6197,29801,62784,78,60.7,45.7,31.8,53.9,81.6,1.41,69.6,9.1,5.23,2.49,88.4,275,170,9910
2020-11-26,App_B,Android,Comcast Xfinity,Cloudflare,Metro,VOD Series,1.74,4.57,2.51,0.89,1.96,3.04,3.81,2.09,3582,16.8,5792,27739,59979,78,61.5,46.2,27.1,51.3,79.9,1.65,61.9,12.2,5.48,2.67,87.7,253,192,9553
2020-11-27,App_A,WebOS,Broadband,Cloudflare,Region,VOD Series,1.74,3.84,2.44,1.04,1.34,1.95,4.18,2,3628,21.1,6976,33540,89249,78.3,65.5,47.4,32.1,55,80.6,1.49,69.5,10.9,5.66,2.6,86.8,246,200,11957
2020-11-27,App_B,Tizen,Cellular 4G,Cloudflare,Country,VOD Movies,2.18,4.77,1.9,1.12,1.39,2.89,4.06,2.3,2878,18.8,5985,28828,73877,83.3,63.7,43.3,29,48.1,84,2.18,60,10.6,6.07,2.46,86.7,325,228,9418
2020-11-28,App_A,FireTV,T-Mobile,Fastly,Country,VOD Movies,1.56,4.48,2.26,0.76,1.3,2.55,4.12,2.26,3550,21.3,6693,32026,86688,81,62.2,43.8,32.7,51.8,84.6,1.82,69.7,9.7,6.03,2.81,88.4,225,175,9992
2020-11-28,App_B,Desktop Web,Broadband,Cloudflare,Metro,Live Sports/Events,1.97,4.24,2.8,0.97,1.57,2.28,4.06,2.01,3178,19.7,5290,25633,54951,79.6,63.7,44.2,26.9,51.6,82.4,1.56,63.3,12.2,6.62,2.34,88.5,234,178,9301
2020-11-29,App_A,Android,Comcast Xfinity,Cloudflare,Metro,Live Sports/Events,1.57,3.73,2.15,0.81,1.57,2.61,3.96,2.44,4086,19.5,6553,31642,68221,83.4,60.4,44.1,30.2,51.1,84,2.03,63.9,9.2,5.01,2.47,86.9,219,174,9527
2020-11-29,App_B,FireTV,Airtel,Cloudflare,Country,FAST linear,2.16,4.29,2.42,0.86,2.02,2.45,3.48,2.3,3111,17.9,5724,27193,57497,78.9,64,46,28.6,51.6,81.7,2.14,64.4,9.4,5.5,2.55,88.4,274,192,9081
2020-11-30,App_A,iOS,AT&T,Akamai,Metro,Live Sports/Events,1.74,4.01,2.38,0.85,1.52,2.1,3.97,2.52,3455,21.9,6650,32135,86283,79.1,62.1,45.5,31.8,55.7,81.9,2.03,63.8,11,5.03,2.41,89.7,256,169,11124
2020-11-30,App_B,FireTV,Verizon,Fastly,Region,VOD Movies,2.07,4.87,2.65,1.02,1.6,2.32,4.29,2.7,3037,17.8,5497,26491,65411,78.2,62.5,47.5,27.4,46.6,79.9,2.16,59.9,11.9,6.13,2.7,89,293,233,9791
2020-12-01,App_A,Android,Broadband,Akamai,Metro,VOD Series,1.66,4.2,1.93,0.89,1.47,2.33,4.2,2.41,3507,20.9,6810,32649,75852,83,64.9,47.8,30.3,50.6,82.3,1.53,64.9,10,5.89,2.81,86.9,264,210,8596
2020-12-01,App_B,WebOS,Broadband,AWS CloudFront,Metro,Live Sports/Events,2.06,4.93,2.5,0.99,1.59,2.82,3.85,2.11,3594,20.8,5325,25723,63771,82,61.8,47.1,27.3,50.6,80,2.07,63,11.2,5.3,2.52,89.7,245,238,8684
2020-12-02,App_A,WebOS,T-Mobile,Fastly,Country,VOD Series,1.86,3.54,1.85,0.91,1.27,2.29,4.2,2.34,3599,20.2,6180,29509,66665,83.1,61.3,47,29.2,54.8,84.9,1.89,67.2,9.8,5.75,2.71,87.3,253,178,8662
2020-12-02,App_B,Android TV,Airtel,Akamai,Metro,VOD Series,1.66,4.01,2.17,0.89,1.47,2.94,4.08,1.95,3739,19.2,5949,28314,73290,79.3,64.2,45.9,30.4,47.5,80.3,1.78,60.9,9.4,5.65,2.28,87.1,283,190,8740
2020-12-03,App_A,Android TV,Comcast Xfinity,Akamai,Country,Live Sports/Events,1.86,3.96,2.02,0.77,1.81,2.3,4.12,2.34,3439,20.4,7064,34018,86597,79.8,59.7,44.7,29.8,51.4,83.1,1.86,68.1,8.3,5.54,2.46,87.9,236,214,10363
2020-12-03,App_B,WebOS,Cellular 4G,Fastly,Metro,VOD Movies,1.67,4.39,1.99,0.91,1.59,2.16,3.64,2.28,2825,17.6,5369,25692,65097,78.2,62.6,48,28.1,48.8,82.4,1.65,61.6,9.4,6.11,2.55,87.5,274,211,6808
2020-12-04,App_A,iOS,Comcast Xfinity,Fastly,Country,VOD Movies,1.9,3.83,1.78,0.96,1.45,2.09,3.95,1.79,3488,20.3,6154,29366,79801,78.6,61.7,47,31.4,55.6,84.8,2.01,68.6,9,5.64,2.65,86.9,247,171,9696
2020-12-04,App_B,iOS,Cellular 4G,AWS CloudFront,Region,VOD Series,1.74,4.23,1.93,0.93,1.48,2.93,3.99,2.64,3458,17.4,5315,25396,61121,80.4,62,47.6,26.9,48.5,85.1,2.03,65.2,11.5,6.17,2.52,88.7,245,187,7028
2020-12-05,App_A,FireTV,T-Mobile,Akamai,Region,VOD Series,1.92,3.94,1.92,0.85,1.81,2.23,3.68,1.83,4241,19.4,6310,30300,63237,83.1,61.9,44.3,30.3,52.2,85.1,1.99,66.7,10.6,5.63,2.68,88.7,210,160,11083
2020-12-05,App_B,Desktop Web,Cellular 5G,Akamai,Metro,Live Sports/Events,1.72,4.44,2.06,0.79,1.99,3.04,4.31,2.67,2890,20.5,5924,28515,67510,77.4,60.2,44.6,29.1,48.4,82.1,2.08,63.4,11.9,6.35,2.7,87.2,321,228,9384
2020-12-06,App_A,Apple TV,AT&T,Akamai,Country,VOD Movies,1.86,4.33,2,1.03,1.81,1.97,4.26,2.15,3253,22,6195,29727,75872,79.6,60.9,45.8,32,53.9,85.8,1.89,66.8,10.7,5.73,2.53,87.8,271,163,7555
2020-12-06,App_B,Tizen,Cellular 4G,Fastly,Region,Live Sports/Events,1.67,4.54,2.05,0.79,1.62,2.76,4.08,2.02,3103,19.4,5545,26617,59823,77.6,61,46.1,30.4,48.7,82.1,1.95,64.2,12,5.85,2.53,90,231,237,6972
2020-12-07,App_A,Tizen,Airtel,AWS CloudFront,Metro,Live Sports/Events,1.68,4.21,1.89,0.82,1.55,2.5,3.79,1.9,4083,20.7,6695,31899,70081,78.4,60.5,45.1,29.6,52.3,85.8,1.44,68.1,8.7,5.16,2.59,87.6,261,157,9245
2020-12-07,App_B,Android TV,Comcast Xfinity,Akamai,Country,VOD Series,1.79,4.19,2.59,0.89,1.43,2.08,3.59,2.38,3264,20.5,5845,28248,64871,78.1,62,44.9,30.2,46.4,79.4,2.15,63.4,11.7,6.4,2.52,86.9,247,238,8757
2020-12-08,App_A,Android,Cellular 4G,Fastly,Region,VOD Movies,1.95,4.28,2.05,0.79,1.57,1.89,3.72,2.06,3832,19.3,6617,31973,85204,80.1,61.7,46.9,32.4,53.9,80.3,1.5,68.1,9.2,5.18,2.78,87.5,234,202,11287
2020-12-08,App_B,Android,Jio,Cloudflare,Country,VOD Movies,1.76,4.04,2.07,0.99,1.81,2.87,4.14,2.22,2891,17.7,5755,27817,61541,81.4,61.9,44.7,27.7,48.5,81.1,1.74,63.8,10.3,6.49,2.29,87.7,256,196,8937
2020-12-09,App_A,Tizen,Jio,Akamai,Region,VOD Series,1.66,4.53,2.47,0.91,1.69,2.17,4.47,2.21,4172,21.4,7290,34931,87279,82.8,64.2,45.9,28.9,53,83.5,2.03,66.3,10.6,4.82,2.84,90.1,297,162,11591
2020-12-09,App_B,Apple TV,Jio,Cloudflare,Region,VOD Movies,1.89,4.26,2.72,1.13,1.45,2.69,3.45,2.77,3496,18.1,5879,28423,60810,80,63.2,43.5,30.2,49.6,80.7,2.26,65.3,9.8,6.33,2.68,89.3,300,214,8479
2020-12-10,App_A,Tizen,T-Mobile,Akamai,Region,VOD Movies,1.62,4.05,1.76,0.93,1.51,1.93,4.1,2.39,3427,21.2,6561,31371,77805,78.4,60.9,46.9,29.7,49.7,84.6,1.63,65.5,11,6.03,2.61,86.8,263,181,8064
2020-12-10,App_B,Android,Wi-Fi,Akamai,Region,FAST linear,2.16,4.74,2.37,1.07,1.92,2.08,3.94,2.34,3326,20.8,5907,28078,67292,79.1,63.9,45,30.4,51.4,80.8,1.94,59.9,10.6,5.99,2.59,89.8,297,177,8979
2020-12-11,App_A,WebOS,T-Mobile,AWS CloudFront,Country,VOD Movies,1.68,3.91,2.54,0.86,1.46,2,4.58,2.24,3635,19.4,7356,35652,74204,82.6,65.8,47.4,30.4,52.4,82.8,2,64.9,11,5.29,2.56,86.8,296,181,12028
2020-12-11,App_B,iOS,T-Mobile,AWS CloudFront,Region,VOD Movies,2.09,4.22,2.43,1.1,1.54,2.63,3.44,2.06,3016,20.2,6276,30101,77833,82.4,62.4,47.7,28.2,49.3,85.8,1.69,60,9.9,5.76,2.37,87.5,280,171,9156
2020-12-12,App_A,iOS,Wi-Fi,Cloudflare,Metro,VOD Movies,1.77,4.54,1.82,0.75,1.57,2.17,4.17,2.19,3819,20.4,7255,35140,84237,80.5,64.4,45.9,29.4,51.7,80.8,1.78,65.1,11,5.16,2.48,87.5,210,197,8782
2020-12-12,App_B,FireTV,Cellular 5G,Akamai,Metro,FAST linear,1.95,4.29,2.04,1.07,1.78,3.06,3.82,2.14,3649,19.9,6339,30378,70369,77.8,64.1,45,27.6,52.2,80.4,1.98,61,11.5,6.01,2.29,88.9,241,192,9445
2020-12-13,App_A,WebOS,Comcast Xfinity,AWS CloudFront,Region,Live Sports/Events,2,4.21,1.84,0.86,1.37,2.27,4.57,1.87,4028,21.6,6550,31558,68840,78.9,62.3,45,28.9,50.5,79.8,1.44,65.6,10.4,5.91,2.85,88.7,262,175,10581
2020-12-13,App_B,Tizen,Wi-Fi,AWS CloudFront,Metro,Live Sports/Events,1.64,4.51,2.7,0.97,1.71,2.26,4.04,2.74,3754,19.2,5518,26686,63494,81.1,60.8,45.5,30,48.2,80.4,1.84,63.3,10.4,5.95,2.28,89.5,233,194,7529
2020-12-14,App_A,Tizen,Wi-Fi,AWS CloudFront,Region,VOD Movies,1.89,4.36,2.47,0.9,1.58,2.61,3.86,2.08,4040,19.3,7051,33702,91663,79.6,64.4,48.3,29.9,51.4,81.3,2,67.4,10.9,5.85,2.94,87.5,235,206,11242
2020-12-14,App_B,Apple TV,Verizon,Fastly,Region,VOD Movies,1.83,4.4,2.41,1.12,1.82,2.28,3.63,2.08,3782,21.8,5677,27294,60305,78.6,64.7,45.3,30.1,47.6,82.2,1.78,60.5,12,6.5,2.35,89.7,238,214,8980
2020-12-15,App_A,Android,Jio,Cloudflare,Region,VOD Series,1.99,3.92,2.01,0.71,1.72,2.53,4.24,2.26,3646,21.2,6812,32900,76536,78.1,63.5,45.5,32.1,52.6,80.3,1.94,64,10.5,5.86,2.65,89.2,291,206,8415
2020-12-15,App_B,Desktop Web,Jio,AWS CloudFront,Region,VOD Series,2.05,4.32,1.9,1.13,1.81,2.58,4.15,2.24,3775,19.6,5911,28635,62851,81.8,62,43.8,29.2,47.3,85.2,1.82,60.1,10.1,5.92,2.55,89,316,218,8717
2020-12-16,App_A,iOS,Cellular 4G,AWS CloudFront,Metro,VOD Series,1.72,3.51,2.08,0.98,1.58,2.02,3.84,2.12,4309,20.3,7144,34233,85192,79,64.2,46.7,30.8,51.2,84.7,1.7,66.7,9.9,5.13,2.7,88,282,195,11941
2020-12-16,App_B,Desktop Web,Comcast Xfinity,Akamai,Metro,VOD Series,1.95,4.65,2.05,0.77,1.99,2.78,3.89,2.28,3238,20.8,5818,28192,68200,79.6,61.9,46,28.7,48.9,82.7,1.88,64.1,11.8,6.61,2.76,90,278,194,10345
2020-12-17,App_A,Android,Comcast Xfinity,Cloudflare,Country,Live Sports/Events,1.53,3.91,1.81,0.99,1.63,2.54,3.98,2.51,4563,22.4,7133,34021,87059,79.8,62.3,46.3,32,54.8,83.4,1.95,67.4,11.2,5.48,2.51,87.8,272,198,12797
2020-12-17,App_B,WebOS,Airtel,Fastly,Country,VOD Movies,2.05,4.96,2.71,1.13,1.94,2.79,3.76,1.91,3003,18.4,6573,31566,66207,83,60.6,46.3,28.6,50.9,85.7,1.71,62.7,10.1,6.6,2.49,87.3,241,215,11167
2020-12-18,App_A,Tizen,Cellular 4G,Fastly,Region,VOD Movies,1.9,4.28,2.2,0.77,1.82,2.09,3.94,2.21,3592,22.8,7273,34576,82182,78.7,62.9,48.2,31.2,51.2,80,1.87,68.2,9,5.08,2.57,89.1,209,182,12857
2020-12-18,App_B,Desktop Web,Cellular 5G,Akamai,Metro,VOD Movies,1.8,4.4,2.46,0.97,2.03,2.05,4.2,2.56,3541,18.4,6475,31074,79083,79.9,60,47.9,30,48.4,80,2.1,62,10.9,6.31,2.66,88.9,298,196,7840
2020-12-19,App_A,Desktop Web,Airtel,Akamai,Metro,Live Sports/Events,1.9,4.21,2.42,1.04,1.45,2.78,4.14,2.09,3657,22.6,7091,33804,91536,82.2,62.2,47.6,32.9,51.3,85.6,1.89,67.1,10.4,5.17,2.66,87.8,227,209,10711
2020-12-19,App_B,Android TV,T-Mobile,Akamai,Country,VOD Series,2.1,4.89,2.57,0.87,1.92,2.35,4.19,2.79,3316,19.1,5935,28463,65554,78.5,65.2,47.6,30.1,47.9,81.1,1.58,61.8,10.6,5.27,2.3,88.8,273,234,9905
2020-12-20,App_A,Tizen,Cellular 4G,AWS CloudFront,Country,Live Sports/Events,2.01,4.1,2.45,1,1.45,2.77,4.55,2.52,3883,22,7554,35937,83429,81.7,64.9,45.8,29.6,51.1,84,2,69.8,9.2,5.27,2.77,86.7,267,172,11859
2020-12-20,App_B,FireTV,Verizon,Cloudflare,Metro,Live Sports/Events,1.85,4.26,2.61,0.97,1.84,3.05,3.69,2.61,3628,21,5912,28267,64633,77.8,63.5,44.8,28.7,48.2,84.1,1.64,64.2,11.1,6.36,2.75,87.7,231,228,10619
2020-12-21,App_A,Desktop Web,Jio,AWS CloudFront,Metro,Live Sports/Events,1.79,4.62,2.46,0.99,1.61,2.24,3.96,1.87,4521,23.4,7192,34828,73145,83.7,62,48.6,32.1,52.3,79.7,1.61,64.9,9.9,5.25,2.46,89.1,290,196,12082
2020-12-21,App_B,Tizen,Broadband,Cloudflare,Region,VOD Series,2.15,4.27,2.16,1.01,1.87,2.84,4.1,2.06,3973,19.6,6279,29936,76178,78.8,61.1,46.2,30.6,50,81.4,1.88,62.6,9.7,5.32,2.4,87,231,238,10617
2020-12-22,App_A,iOS,T-Mobile,AWS CloudFront,Region,VOD Movies,1.71,4.03,1.75,0.88,1.78,2.06,4.19,2.54,4350,24.1,7089,33891,80916,83.2,60,44.6,32.5,54.9,85.4,1.9,63.7,9.4,5.46,2.55,87.1,213,160,10655
2020-12-22,App_B,iOS,Verizon,Akamai,Region,VOD Movies,1.65,4.77,2.42,0.83,1.68,2.26,3.92,2.77,3558,20.2,6482,30841,70237,79.5,60.9,44.9,30.8,49.9,79.6,1.54,65.7,11.4,6.03,2.48,88.1,247,200,9019
2020-12-23,App_A,Apple TV,T-Mobile,Akamai,Region,VOD Movies,1.58,3.72,1.94,0.96,1.59,2.28,3.77,2.49,4463,24.3,6706,32362,67150,78.8,61.4,45.4,32.3,51.5,79.4,1.82,65,10.7,5.01,2.45,89.3,271,188,11547
2020-12-23,App_B,FireTV,Airtel,Akamai,Region,Live Sports/Events,2.06,3.83,2,1.12,2.01,2.13,3.69,2.59,3667,21.1,6149,29735,65545,78.9,62.6,46.7,26.9,49.7,82.1,1.91,65.2,11.8,6.57,2.72,90.2,286,173,7775
2020-12-24,App_A,Android,Jio,AWS CloudFront,Region,FAST linear,1.59,3.63,2.54,0.9,1.31,2.49,3.68,2.06,4321,20.4,7409,35239,93686,80.7,64.2,47.3,32,53.8,85.6,1.8,69.1,8.6,5.48,2.83,89.6,248,210,10619
2020-12-24,App_B,Tizen,Broadband,Cloudflare,Metro,VOD Series,1.66,4.39,2.79,0.77,1.96,2.56,3.97,2.57,3453,19.5,6317,30109,66555,77.7,60,45.8,28.1,52.3,80.8,2.06,62.4,11.2,5.79,2.45,87.2,239,183,9000
2020-12-25,App_A,Desktop Web,Jio,Fastly,Region,VOD Movies,1.91,4.57,2.24,0.86,1.29,2.19,4.17,2.29,4345,24.4,7536,35828,94247,79.6,65.3,46.5,30.6,54.6,84.8,1.54,70,10.4,5.99,2.54,89.1,254,161,12947
2020-12-25,App_B,FireTV,Comcast Xfinity,Fastly,Country,VOD Movies,1.81,3.95,2.45,1.09,1.53,2.99,3.89,2.78,4059,19.5,6678,32091,74181,80.1,60.1,47.8,28.3,48.5,84.4,1.91,60.1,10.2,5.83,2.77,87.4,284,236,10272
2020-12-26,App_A,Android,Broadband,AWS CloudFront,Metro,FAST linear,1.98,4.61,2.18,0.96,1.55,2.75,4,2.14,4190,22,7197,34568,81695,78.9,61.5,44.7,33,49.9,85.9,1.59,68.7,9.7,5.29,2.7,88.1,255,213,11623
2020-12-26,App_B,WebOS,AT&T,Fastly,Metro,VOD Movies,1.79,4.81,1.88,0.88,1.88,2.59,3.75,2.4,3633,22.8,5858,28254,66866,78.9,65.4,45.8,29.9,47.8,83.1,1.72,64.1,9.3,5.35,2.57,87.2,291,177,7065
2020-12-27,App_A,Android,Airtel,AWS CloudFront,Country,VOD Series,1.81,4.57,2.38,0.81,1.46,2.03,4.66,1.8,3882,23.8,7629,36488,87899,78.2,60.6,47.2,30.1,52.6,85.9,1.59,67.4,9.4,5.18,2.7,87,267,215,12174
2020-12-27,App_B,Tizen,T-Mobile,Cloudflare,Country,Live Sports/Events,1.97,4.53,2.35,1.01,1.6,2.86,4.16,1.98,3963,22.3,6535,31195,82984,82.7,60.8,43.7,28.8,49.2,82,1.81,59.9,10.4,6.58,2.55,89.1,302,178,11388
2020-12-28,App_A,Tizen,Comcast Xfinity,Cloudflare,Metro,VOD Series,1.71,3.77,1.74,0.76,1.63,2.69,4.36,2.3,4042,23.3,7351,35645,85486,81.7,60.6,45.4,31.7,54.7,80.4,1.42,64.6,10.9,5.72,2.46,88.3,227,202,8910
2020-12-28,App_B,Android,Comcast Xfinity,AWS CloudFront,Metro,FAST linear,1.97,4.13,2.52,1.09,1.99,2.16,3.47,2.68,4092,20.6,6874,32672,69230,79.9,65,47.6,29,47.3,83.1,2.17,60,11.7,5.56,2.78,89.6,271,192,9798
2020-12-29,App_A,FireTV,AT&T,Akamai,Country,VOD Movies,2.01,4.22,2.11,0.86,1.51,2.74,4.68,2.29,4085,23.3,7701,36757,80657,77.5,60.6,45.2,31.8,51.1,84.2,2.08,64.1,11.1,6.03,2.7,88.9,289,168,12225
2020-12-29,App_B,Android TV,Verizon,AWS CloudFront,Metro,Live Sports/Events,2.04,5.09,1.9,1.13,1.5,2.19,4.01,2.43,3156,21.7,6801,32682,82255,83.2,62.3,43.3,27.4,46.6,79.5,1.74,64.2,9.9,6.37,2.28,87,297,236,8760
2020-12-30,App_A,Android TV,Jio,Cloudflare,Region,VOD Movies,1.99,3.8,2.42,0.75,1.74,2.33,3.99,1.73,4532,23.9,7253,34615,77119,79.5,62.1,44.1,31.2,50.3,80.4,1.48,69.9,10.5,4.99,2.48,89.7,218,175,10842
2020-12-30,App_B,Desktop Web,Jio,AWS CloudFront,Metro,VOD Series,1.91,4.48,2.64,1.1,1.66,2.28,3.45,2.4,4194,20.4,6297,30428,68661,83.8,64.6,45.5,27.9,46.8,80.3,2.23,65.4,10.8,6.03,2.49,88.5,272,188,8968
2020-12-31,App_A,Android,Broadband,Akamai,Metro,FAST linear,1.75,4.16,2.53,0.72,1.5,1.97,3.93,1.92,4668,22.4,7683,37209,95886,78.1,65.1,48.6,31.7,52.8,80.9,1.45,67.2,8.3,5.09,2.91,88.1,216,151,13726
2020-12-31,App_B,WebOS,Jio,Cloudflare,Metro,VOD Movies,1.8,4.44,1.87,0.97,1.38,2.38,4.28,2.59,3741,23.5,6709,31994,78822,82.5,65.7,45.9,27.4,46.7,80.2,2.06,61.8,10.2,5.47,2.33,87.6,243,196,9169
2021-01-01,App_A,Android,T-Mobile,AWS CloudFront,Region,Live Sports/Events,1.99,4.13,1.74,0.84,1.27,2.42,3.69,2.53,4190,21.7,7620,36674,79682,82.2,64,47.6,32.1,50.9,85.3,1.42,69.7,8.4,5.66,2.54,87.6,220,212,10343
2021-01-01,App_B,iOS,Jio,AWS CloudFront,Country,FAST linear,1.7,4.19,2.16,0.85,1.92,2.67,3.73,2.69,4071,21.2,6553,31596,69284,79.4,61.8,47.3,29.7,50.2,81.3,2.17,63.1,9.7,5.4,2.49,86.9,315,168,10854
2021-01-02,App_A,Android TV,Jio,Cloudflare,Country,VOD Series,1.74,3.8,2.41,0.87,1.28,1.9,4.09,2.25,3818,24.6,7489,35590,91665,77.6,63.6,48.7,29.4,56.1,84.2,1.68,68.7,9.4,5.88,2.82,89.5,220,187,9030
2021-01-02,App_B,WebOS,Cellular 5G,Akamai,Metro,FAST linear,1.64,4.79,1.99,1.03,1.44,2.3,3.9,2.37,3241,20.6,6442,31017,75640,79.7,60.9,43.4,28.8,50.5,85.7,1.88,62.1,12.2,6.16,2.75,89,291,194,11108
2021-01-03,App_A,Desktop Web,Cellular 5G,Cloudflare,Country,VOD Movies,1.65,3.91,2.03,0.87,1.45,2.75,4.53,2.36,4117,22.1,7115,33946,84106,80.4,60,44.9,28.9,55.8,83.5,1.39,64.5,9.9,5.62,2.94,90.2,237,187,11203
2021-01-03,App_B,Apple TV,Verizon,AWS CloudFront,Metro,VOD Movies,2.2,4.6,2.12,1.03,1.99,2.56,4.13,2.15,3341,20.2,7082,34203,91262,78.6,63.1,47.4,28,48.7,86,1.67,64.1,10.4,5.49,2.68,89.4,246,229,8875
2021-01-04,App_A,WebOS,Cellular 5G,Cloudflare,Metro,Live Sports/Events,1.58,3.58,1.97,0.93,1.51,1.97,3.91,1.84,4284,21.9,7460,35746,96455,80.3,65.2,46.6,29.9,51.7,85.3,1.74,65.5,10.1,5.73,2.63,89,285,161,13081
2021-01-04,App_B,Apple TV,Broadband,Cloudflare,Country,VOD Movies,2.13,4.51,2.07,1.03,1.95,2.59,4.07,2.69,4211,20.6,6245,29890,74529,77.5,63.2,47.8,27.5,48.3,81.8,2.09,64.7,11.8,5.62,2.48,88,239,196,9037
2021-01-05,App_A,WebOS,Wi-Fi,Fastly,Region,FAST linear,1.5,4.27,2.52,0.85,1.35,2.28,4.12,2.31,4308,23.6,7264,34855,83034,80.5,61.5,46.9,29.8,53.7,84.7,1.72,64.5,10.3,5.92,2.89,88.3,290,165,8900
2021-01-05,App_B,WebOS,T-Mobile,AWS CloudFront,Country,VOD Movies,2.05,4.33,2.61,0.91,1.84,2.05,3.93,1.97,3447,21.8,6372,30834,74780,82.6,59.9,43.6,29.2,51.8,82.4,2.11,63,10,6.1,2.31,89.4,321,208,8835
2021-01-06,App_A,Apple TV,Airtel,Cloudflare,Country,FAST linear,1.59,4.67,1.71,0.78,1.68,2.79,3.81,2.47,4040,23.5,7391,35739,95883,80.5,64.3,43.5,31.8,50.8,85.6,1.51,69.5,10.1,5.33,2.59,87.2,206,215,11282
2021-01-06,App_B,Android TV,Wi-Fi,Fastly,Region,VOD Series,2.07,4.87,1.88,1.05,1.87,2.17,3.49,2.08,4066,22,6168,29666,66228,82,65.4,45.8,30.7,51.9,80.7,1.99,61.4,9.9,5.95,2.74,88.2,242,203,10846
2021-01-07,App_A,WebOS,Cellular 5G,Cloudflare,Country,VOD Series,1.62,4.07,1.75,0.77,1.57,2.14,4.67,2.38,4306,25.6,8347,39885,104478,79.4,61.9,47.7,32.8,56,80.6,1.65,69.7,8.8,4.99,2.88,87.4,266,151,14160
2021-01-07,App_B,FireTV,AT&T,AWS CloudFront,Country,VOD Series,1.9,4.32,2.49,1.03,1.75,2.22,3.64,2.61,3389,21,6387,30365,69732,81.8,62.4,45.3,27.7,48.6,83.5,2.04,61.4,12.1,6.54,2.7,90.1,282,174,8943
2021-01-08,App_A,Apple TV,Broadband,Fastly,Metro,FAST linear,1.76,4.68,2.19,0.9,1.81,1.92,4.55,2.24,4844,24.1,7160,34201,75070,83.9,61.7,45.3,32.7,51.9,84.4,1.4,68.4,10.9,4.84,2.93,89.2,238,162,10886
2021-01-08,App_B,Desktop Web,T-Mobile,Akamai,Region,VOD Movies,1.97,5.07,2.51,0.95,1.42,2.85,4.39,2.3,3869,23,6416,30976,69875,83,60.2,47.3,30.2,50.6,79.9,1.89,63.2,9.7,6.15,2.71,88.8,227,223,7751
2021-01-09,App_A,Android,Broadband,AWS CloudFront,Country,VOD Movies,1.52,4.3,1.71,0.81,1.37,2.41,4.54,2.45,4263,23.9,7321,35061,93934,82.8,63.2,48.7,31.6,50.3,81.4,2.05,69.9,8.4,4.97,2.89,88.6,207,208,11511
2021-01-09,App_B,FireTV,Airtel,Akamai,Country,FAST linear,1.85,4.16,2.46,0.98,1.91,2.34,4.06,2.03,3338,24.2,6294,30228,81423,81.6,64,45.7,27.1,49,80.9,1.88,61.9,9.2,5.74,2.42,89.6,298,207,8919
2021-01-10,App_A,Apple TV,Cellular 5G,AWS CloudFront,Region,Live Sports/Events,1.83,4.6,2.11,0.81,1.59,2.73,4.18,2.42,4808,24.3,8100,38678,84975,82.5,63.2,47.4,31.1,52.3,80.5,1.73,70.4,10.2,5.75,2.71,89,277,151,13203
2021-01-10,App_B,Android TV,Comcast Xfinity,AWS CloudFront,Metro,Live Sports/Events,1.97,4.64,2.06,0.87,1.89,2.81,3.52,2.26,3516,23.4,6855,33153,69192,81.2,65.9,44.3,30.9,50.3,82.6,1.73,65.2,11.6,5.88,2.68,88,309,174,9361
2021-01-11,App_A,Tizen,AT&T,AWS CloudFront,Country,VOD Series,1.9,3.57,1.7,0.76,1.29,2.04,4.15,2.44,3847,23.4,7349,34985,92583,79.9,61.6,45.3,32.5,54.9,81.9,1.86,64.7,9.6,5.45,2.82,87.4,206,152,12052
2021-01-11,App_B,iOS,Verizon,AWS CloudFront,Metro,FAST linear,2.02,4.79,2.31,0.88,1.6,2.29,3.78,2.42,4343,20.7,7020,33956,79263,81.3,63.5,43.3,27.5,50.7,79.7,1.63,62.8,11.6,6.57,2.72,89.1,234,179,12445
2021-01-12,App_A,iOS,Wi-Fi,Akamai,Country,VOD Movies,1.51,3.76,2.5,0.7,1.67,2.29,3.71,1.84,3863,25.1,7486,35936,85346,78.3,61.6,46,31.5,53.7,79.9,1.73,69,8.8,5.86,2.72,88.9,256,198,12001
2021-01-12,App_B,Tizen,Airtel,Akamai,Metro,FAST linear,1.7,4.38,2.16,0.96,1.72,2.47,3.85,2.05,4487,23.3,7098,34364,82740,78,60.3,44.2,30.6,47.8,81.9,1.52,63.3,9.8,5.86,2.35,87.9,227,196,12713
2021-01-13,App_A,WebOS,Cellular 4G,Akamai,Region,FAST linear,1.82,3.92,1.71,0.99,1.83,2.31,3.91,2.43,4923,26.5,7651,36761,98750,77.8,61.2,47.7,31.9,53.2,79.7,2.02,67.5,8.7,5.94,2.88,87.4,282,201,10877
2021-01-13,App_B,Desktop Web,Airtel,Akamai,Metro,VOD Movies,1.98,4.65,2.26,1.07,1.82,2.66,3.6,2.08,3930,24.4,6962,33601,81474,82.5,63.7,44.9,29.6,47.8,81.8,1.85,65.1,11.5,6.12,2.53,88.4,246,230,12150
2021-01-14,App_A,FireTV,Cellular 5G,AWS CloudFront,Region,Live Sports/Events,1.67,3.74,2.22,0.71,1.55,2.21,4.3,2.31,4310,25.3,7986,38633,84930,79.7,61.9,45.4,30.6,51,82.9,2.03,64.7,10.3,4.97,2.82,90.2,267,210,12659
2021-01-14,App_B,WebOS,Broadband,Cloudflare,Metro,Live Sports/Events,1.93,4,2.32,0.78,1.97,2.65,4.06,2.6,4209,22,6367,30818,65869,81.3,65.2,45.4,29,52.2,84,2.09,65.9,10.9,6.19,2.53,88.3,232,230,9132
2021-01-15,App_A,Apple TV,Wi-Fi,Cloudflare,Country,Live Sports/Events,1.77,4.44,1.98,0.8,1.56,2.07,4.22,2.21,4362,22.4,7710,36774,82546,82.7,63.7,47.9,29.3,53.6,81.2,1.61,69.8,9.5,5.84,2.95,89.1,256,207,13288
2021-01-15,App_B,iOS,Wi-Fi,Cloudflare,Region,FAST linear,2.12,4.3,2.35,0.86,1.96,2.98,3.57,1.87,4463,25.1,6441,30857,83428,78.7,60,48.4,27.8,49.3,85.1,2.23,63.2,11.6,6.02,2.65,88.8,259,164,9105
2021-01-16,App_A,Apple TV,T-Mobile,AWS CloudFront,Country,Live Sports/Events,1.56,4.02,1.8,1.01,1.63,2.43,4.31,2.14,4599,25,7594,36090,91380,81.8,59.9,48.3,31.8,51.4,82.4,1.55,64.8,8.3,5.15,2.7,87.1,294,209,11666
2021-01-16,App_B,Android TV,Cellular 5G,Cloudflare,Country,FAST linear,1.74,4.79,2.06,0.91,1.38,2.07,3.8,2.73,3391,25.1,6929,33371,78832,82.9,63.4,45.4,28.3,51.3,80.8,1.73,61.6,10.4,6.38,2.61,86.9,314,228,10239
2021-01-17,App_A,iOS,Cellular 5G,Fastly,Metro,VOD Movies,1.94,4.03,2.1,0.95,1.61,2.7,4,1.93,4238,25.2,8415,40761,98923,80.7,62.7,45.1,31.1,56.2,83.5,1.98,69.9,11.1,5.81,2.95,87.6,235,188,11475
2021-01-17,App_B,Desktop Web,Comcast Xfinity,Fastly,Country,FAST linear,2,4.83,2.19,1.11,1.64,2.24,3.79,2.22,3960,24.1,6879,32708,88266,79.4,65.2,46.9,30.9,49.5,83,1.71,66.1,11.7,6.29,2.37,87.4,255,230,8316
2021-01-18,App_A,Android,Airtel,Fastly,Region,Live Sports/Events,1.66,3.54,1.79,0.95,1.62,2.35,4.41,2.01,4056,26.6,7643,36782,90214,78.5,65.5,45.2,29.8,51.1,81.4,2.04,66.9,11.1,5.47,2.52,86.9,276,189,10602
2021-01-18,App_B,iOS,AT&T,Akamai,Metro,VOD Series,1.98,3.95,2.64,0.88,1.99,2.43,4.09,2.07,3684,21,6807,32679,69386,83,61.2,45.8,29.5,47.2,84.5,1.6,63.3,11.5,5.21,2.37,90,311,196,9669
2021-01-19,App_A,Android TV,Wi-Fi,Fastly,Country,FAST linear,1.87,3.6,2.47,0.76,1.24,2.21,4.21,2.27,5126,22.9,8597,40851,95264,78,62.3,47.5,31,50.7,80.7,2.03,66.7,9,5.53,2.99,88.4,273,198,13407
2021-01-19,App_B,Android,Verizon,Cloudflare,Region,Live Sports/Events,2.06,4.95,2.41,0.82,1.8,2.84,4.27,2.41,4554,21.5,7005,33658,87368,79,64.8,48.2,28.5,48.6,79.6,2.01,61.2,11.6,6.24,2.55,88,286,179,10322
2021-01-20,App_A,Apple TV,Jio,Akamai,Metro,Live Sports/Events,1.92,3.65,1.89,0.94,1.3,2.33,4.2,2.35,4515,25.3,8560,40712,109970,81,65.6,45.9,30.3,53.1,84.7,1.69,67.8,9.9,5.49,2.89,89.7,272,195,14454
2021-01-20,App_B,Apple TV,AT&T,AWS CloudFront,Region,VOD Series,1.76,4.6,2.51,1.06,1.55,2.2,3.64,2.07,3674,21.4,6724,32003,69247,82.9,65.8,47.1,29.6,48.9,84,1.63,63.7,10.5,6.27,2.7,87.8,320,199,11329
2021-01-21,App_A,Tizen,Wi-Fi,Cloudflare,Country,Live Sports/Events,1.85,4.69,1.73,0.99,1.6,1.97,4.72,2.42,4297,26,7955,38210,80566,78.9,61.2,46.5,30.6,56,84.4,1.58,67.6,8.4,5.5,2.73,88.5,288,154,11772
2021-01-21,App_B,Tizen,Jio,AWS CloudFront,Country,VOD Movies,2.17,4.77,2.11,1.08,1.82,2.49,3.99,2.55,4186,22.6,7051,33841,80257,80.6,62.9,46.2,27.7,50.7,81.2,2.25,62.5,11.1,6.19,2.62,89.5,309,184,9012
2021-01-22,App_A,Apple TV,Wi-Fi,AWS CloudFront,Region,VOD Movies,1.96,4.46,2.53,0.8,1.64,2.44,3.91,1.98,4506,23.8,8576,41241,95593,78.7,64.2,48,32.4,51.2,85.9,1.66,65.6,10.8,5.45,2.67,90.1,282,158,11690
2021-01-22,App_B,iOS,T-Mobile,Akamai,Country,FAST linear,2,4.74,2.12,1.12,1.9,2.49,3.91,2.01,4633,23.7,7565,36451,76615,82.2,62.6,46.5,30.2,50.3,82.9,1.54,63.8,11.6,5.68,2.42,88.8,232,191,9998
2021-01-23,App_A,Desktop Web,Broadband,Fastly,Country,VOD Series,1.87,3.66,1.74,0.92,1.46,2.49,3.99,1.85,4227,25.2,8885,42551,93289,78.5,64.5,44.6,31.9,51.6,82.3,1.63,66.5,8.5,5.12,2.7,88.6,280,173,13126
2021-01-23,App_B,WebOS,Comcast Xfinity,AWS CloudFront,Region,VOD Series,1.8,4.76,2.12,1.08,1.67,2.13,4.42,1.97,4341,24.8,7273,34793,94020,79.6,65.7,44.1,28.4,47.6,82.8,1.84,60.1,11.6,5.73,2.68,88.2,271,200,12451
2021-01-24,App_A,Desktop Web,Airtel,AWS CloudFront,Region,VOD Series,1.73,3.82,1.85,0.79,1.33,2.27,3.86,1.97,4284,25.7,8269,39401,97033,77.9,60.9,48.8,30.7,55.7,83.9,1.7,70.6,10.6,4.81,2.7,89.7,227,163,11149
2021-01-24,App_B,iOS,Jio,Akamai,Metro,VOD Series,1.63,4.08,1.84,0.81,1.58,2.93,3.49,2.29,3765,23.8,6766,32596,83079,80.1,61.3,47.1,30.4,49,80.8,1.57,64.6,9.5,5.72,2.58,88.8,298,216,11296
2021-01-25,App_A,Android,Verizon,Cloudflare,Region,Live Sports/Events,1.73,3.6,1.84,0.69,1.48,2.52,3.81,1.91,4842,25.3,8640,41431,88779,83.3,65.1,44,30.8,55.3,83.5,2,67.2,9.1,4.83,2.6,87.7,231,203,13788
2021-01-25,App_B,WebOS,Cellular 5G,Akamai,Region,VOD Movies,2.11,3.84,2.12,0.91,1.88,2.45,3.8,2.51,3506,24.6,7259,34907,94172,78.8,63.1,44.2,30.8,48.4,84.3,1.57,65.5,9.3,5.93,2.71,89.4,307,187,9671
2021-01-26,App_A,Apple TV,Cellular 4G,AWS CloudFront,Region,VOD Movies,1.51,4.34,2.25,1.02,1.47,1.89,4.09,2.19,4706,24.6,8076,38488,97108,78,60.8,47,31.2,50.9,81.9,2.04,64.6,10.2,5.71,2.86,88.8,226,169,13493
2021-01-26,App_B,Desktop Web,Cellular 4G,AWS CloudFront,Metro,VOD Series,1.97,4.91,2.45,1.07,1.42,2.28,4.43,2.47,4254,23.8,7517,36429,86956,80.8,60.4,47.1,28.1,49.3,81.8,1.69,60.3,9.2,6.51,2.48,89,261,172,11077
2021-01-27,App_A,iOS,T-Mobile,Akamai,Country,FAST linear,1.88,4.29,2.31,1.02,1.47,2.45,4.41,1.92,4788,25.3,8506,40550,104304,83.7,61.6,46.9,32.9,52.2,79.6,1.53,64.3,8.9,5.85,2.69,90.2,240,173,10630
2021-01-27,App_B,Desktop Web,Comcast Xfinity,Cloudflare,Metro,VOD Movies,1.62,4.51,2.24,1.06,1.96,2.07,4.24,2.59,3758,23.2,6880,32775,74153,77.6,60.1,43.8,29.1,49.6,79.9,1.85,61.4,9.5,6.31,2.81,87.3,302,205,11975
2021-01-28,App_A,Android TV,Broadband,AWS CloudFront,Metro,FAST linear,1.82,3.72,2.41,0.83,1.25,1.88,4.28,2.29,4808,25.4,8962,43133,104671,79.7,60.4,46.1,30.3,50.8,80.5,1.59,66.7,8.5,5.77,2.81,90,265,190,13719
2021-01-28,App_B,iOS,Comcast Xfinity,Cloudflare,Metro,VOD Series,1.67,4.86,2.53,1.06,1.72,2.26,3.87,1.84,3988,21.6,7549,36214,94595,82.5,63.6,48.2,28.6,49.7,82,1.84,66.1,9.8,5.98,2.64,88.5,251,216,10515
2021-01-29,App_A,Android,Jio,AWS CloudFront,Metro,VOD Movies,1.89,4.62,2.5,0.95,1.44,2.05,4.45,2.4,5267,24.3,8223,39389,94883,83.8,65.8,45.1,30.8,53.5,82.9,1.4,64.5,9.8,5.86,2.67,90.1,291,162,11565
2021-01-29,App_B,Android TV,Comcast Xfinity,Fastly,Metro,VOD Series,1.73,4.6,2.15,0.82,1.95,2.03,3.82,2.22,4670,22.7,7383,35761,86726,79.4,66,44.5,29.3,52.2,79.9,2.23,61.8,11.3,5.17,2.43,89,316,213,9478
2021-01-30,App_A,WebOS,Comcast Xfinity,Cloudflare,Region,VOD Series,1.48,4.68,1.95,0.92,1.51,2.65,4.33,2.51,4271,25.2,7782,37598,80396,78.6,64,48.8,32.4,55.9,85.8,1.61,64.1,10.3,5.57,2.77,87.3,249,211,13216
2021-01-30,App_B,Android,Wi-Fi,Cloudflare,Region,VOD Movies,1.93,4.55,2.19,1.12,1.92,2.93,4.13,1.97,4181,21.9,7303,34804,79055,82,66.2,46.4,28.5,47.2,83.6,1.51,62,9,6.31,2.39,89.9,297,166,10439
2021-01-31,App_A,Tizen,Cellular 5G,Akamai,Metro,VOD Movies,1.49,4.38,2.03,0.75,1.84,2.34,4.74,2.05,4533,26.2,8015,38344,102751,80.1,62.4,45.8,32.3,55.3,82.1,1.9,64.8,9.7,5.14,2.98,88.3,234,162,9797
2021-01-31,App_B,FireTV,T-Mobile,Akamai,Metro,VOD Movies,1.94,4.01,2.06,0.84,1.95,2.33,4.19,2.32,4767,23.3,7234,34603,83491,82,65.4,43.6,30.4,48.1,86.2,1.89,65.1,11.7,6.24,2.7,89.8,247,217,9638
2021-02-01,App_A,Android TV,Airtel,AWS CloudFront,Region,VOD Series,1.94,3.85,2.1,0.73,1.42,2.3,4.18,2.18,4538,26.8,8231,39806,96495,77.9,63.2,47.7,32.9,55.9,85.3,1.62,68.5,9,4.98,2.78,87.4,240,186,14074
2021-02-01,App_B,Apple TV,Broadband,Akamai,Metro,VOD Series,1.94,3.86,2.54,1.04,1.83,2.34,3.53,2.71,3767,25.8,6989,33462,83033,79.2,64.5,48.1,30.9,52.7,84.8,1.97,62.9,12,5.26,2.46,89.2,296,221,9149
2021-02-02,App_A,iOS,Cellular 4G,Fastly,Region,VOD Series,1.88,3.64,2.33,0.9,1.37,2.24,4.03,2.46,5443,27.8,8815,41888,112869,81.2,63.9,48.6,32.1,53,84.1,1.49,67.5,9.9,5.27,2.63,88.5,212,166,10728
2021-02-02,App_B,Android,Cellular 4G,Cloudflare,Country,Live Sports/Events,1.66,4.7,2.53,1,1.6,2.9,3.91,1.96,3713,26.5,6911,33332,78812,81.6,61.3,46.3,28.2,51.6,84.3,2.2,60.8,11.8,5.49,2.57,88.1,239,186,8875
2021-02-03,App_A,Android,Broadband,Fastly,Metro,VOD Movies,1.93,4.1,1.96,0.91,1.7,1.88,4.43,1.72,4930,25.5,8601,41208,103026,79,64.2,44.7,29.3,54.2,81.6,1.46,64.2,10,5.67,2.65,89.8,279,201,13912
2021-02-03,App_B,FireTV,T-Mobile,AWS CloudFront,Country,VOD Movies,1.81,4.52,2.22,1,1.89,2.25,3.73,2.71,3986,26.7,6858,32804,74216,80.8,61.4,44.5,27.6,47.8,83.8,1.77,61.1,9.8,5.79,2.41,87.5,251,230,8260
2021-02-04,App_A,Tizen,Cellular 4G,Fastly,Region,VOD Movies,1.6,3.56,1.77,0.98,1.23,2.05,4.62,2.21,5131,27,8294,39533,103476,81.4,63.2,46.4,31.3,50.2,83.5,1.62,70.2,9.7,5.75,2.97,89.7,247,186,13976
2021-02-04,App_B,Desktop Web,Cellular 4G,Akamai,Country,FAST linear,2.15,4.82,2.14,0.91,1.96,2.44,4.06,2.34,3809,22.1,7109,34438,87993,80.9,61.6,45.4,27.8,49.8,86.2,1.53,64.1,11.6,5.5,2.64,87.2,316,186,11675
2021-02-05,App_A,Tizen,T-Mobile,AWS CloudFront,Metro,Live Sports/Events,1.86,3.72,2.18,0.71,1.67,2.34,3.76,1.87,5579,25.7,8452,40156,93173,82.3,66.1,48.4,33.2,55.5,80.7,1.91,65.8,9.3,5.64,2.56,88.3,218,179,12195
2021-02-05,App_B,FireTV,T-Mobile,Akamai,Metro,VOD Movies,1.79,4.18,2.46,1.08,1.86,2.13,3.86,2.52,3925,25.7,7494,35621,82837,78.4,61.8,46.7,28.2,48,85.3,1.92,63,11.5,6,2.42,87.6,248,232,10969
2021-02-06,App_A,Android,Broadband,Fastly,Metro,FAST linear,1.69,3.88,2.16,0.95,1.53,1.93,4.22,2.4,5306,24.1,9217,43959,118714,78.6,66.1,44.8,29.1,54.4,85.2,1.48,68.5,9.9,5.07,2.97,88.6,239,212,15794
2021-02-06,App_B,Tizen,Cellular 4G,Cloudflare,Metro,FAST linear,2.16,4.41,2.01,0.83,1.56,2.36,3.52,2.16,3822,24.2,7440,35746,78529,83.7,60.3,48.7,28.2,50.5,80.2,1.93,60.5,12,5.73,2.55,89.9,230,198,9127
2021-02-07,App_A,Desktop Web,Jio,Cloudflare,Metro,VOD Movies,1.61,4.05,1.88,0.89,1.53,2.7,4.42,2.31,4927,24.5,8413,40784,105698,83.2,62.7,46.9,29.8,55.1,83,1.85,64.4,10,4.99,2.66,89.1,251,163,12977
2021-02-07,App_B,Android,T-Mobile,AWS CloudFront,Country,Live Sports/Events,1.69,4.71,2.52,0.79,1.48,2.28,4.37,2,4709,24.3,8027,38356,93101,83.9,61.8,48.3,31.1,47,84.2,2.12,63.4,11.5,6.05,2.47,87.6,278,213,13929
2021-02-08,App_A,Desktop Web,Comcast Xfinity,AWS CloudFront,Region,Live Sports/Events,1.69,4.07,2.25,0.84,1.43,2.24,4.28,2.47,4379,25.3,8502,40645,108599,81.1,60.3,48.2,31.2,53.4,83.2,1.41,64.3,10.3,5.72,2.98,86.9,276,150,10441
2021-02-08,App_B,Apple TV,Airtel,Cloudflare,Country,FAST linear,2.07,4.5,2.61,0.9,1.75,2.19,3.8,1.93,4400,24,7264,35044,81904,82.1,61.3,43.9,28.9,51.6,83.3,2.23,65.6,11.5,6.28,2.35,87.3,310,222,9572
2021-02-09,App_A,Android,Comcast Xfinity,AWS CloudFront,Country,Live Sports/Events,1.89,3.96,2.49,1.01,1.39,2.53,4.71,1.75,5430,24.6,8838,42097,90001,82.1,65.4,45.3,30.5,53.7,83.2,1.95,68.1,9,5.7,2.96,89,224,178,15356
2021-02-09,App_B,WebOS,Cellular 5G,Fastly,Country,VOD Movies,1.93,4.02,2.05,1.04,1.58,2.14,4.38,2.09,3867,23.6,8015,38144,89728,80.5,62.8,45.7,28.6,52.9,82,1.84,64.2,10.8,5.92,2.41,89.3,264,204,11414
2021-02-10,App_A,iOS,AT&T,Akamai,Region,VOD Movies,1.72,3.53,2.48,0.94,1.76,2.47,3.79,1.82,4924,24.4,8755,42067,93450,83.9,63.6,44.6,30.9,52.9,84.3,1.97,68.4,10.5,5.81,2.77,89.3,279,192,12740
2021-02-10,App_B,iOS,Airtel,AWS CloudFront,Metro,VOD Series,1.81,4.12,2.48,1,1.45,2.15,3.65,2.15,4235,22.4,7509,36285,80024,80.3,61.7,45.3,29.5,49.5,80.2,2.06,62.2,11.4,6.46,2.74,89.7,244,172,12516
2021-02-11,App_A,FireTV,Broadband,Cloudflare,Country,FAST linear,1.65,3.87,2.02,0.82,1.35,2.65,4.39,1.73,5287,28.8,9270,44613,98578,81.3,64,43.7,31.1,52.8,83.3,1.41,66.5,10.3,4.86,3,89.2,213,186,14140
2021-02-11,App_B,Android,Jio,Fastly,Country,FAST linear,1.66,4.53,2.02,0.91,1.46,2.07,4.15,1.99,4478,23.4,7860,37881,93628,81.2,62.3,46.6,28.8,48.3,82.5,1.87,63.4,9.3,5.14,2.39,88.5,276,227,13969
2021-02-12,App_A,Desktop Web,AT&T,AWS CloudFront,Country,VOD Series,1.69,4.19,2.44,1.01,1.67,1.91,3.77,2.36,4300,25.8,8421,40524,101331,79,62.2,47.6,31.7,52.2,80.4,1.39,68.3,10.2,5.35,2.81,90.3,206,170,11821
2021-02-12,App_B,iOS,Wi-Fi,Fastly,Country,VOD Movies,1.97,3.81,2.55,0.81,1.84,2.82,4.25,1.88,4645,25.4,8065,38990,93404,83.1,65.5,45.2,30.3,52,80.5,1.86,63.1,10.9,5.78,2.81,89.6,242,230,13534
2021-02-13,App_A,FireTV,Jio,Akamai,Country,VOD Movies,1.75,4.28,1.69,0.94,1.23,1.89,4.54,2.29,5034,28.2,8072,38511,84451,81.4,64.7,44.8,33.3,53.2,80.9,1.49,70.4,10.7,4.94,2.76,89.9,281,208,11318
2021-02-13,App_B,Android TV,Airtel,Fastly,Metro,VOD Movies,2.17,3.92,2.36,0.89,1.58,2.59,3.83,2.03,4954,26.8,7405,35410,93539,78.3,60.6,45,30.5,49.6,80,1.51,66.1,10.2,5.7,2.78,87.6,251,213,9712
2021-02-14,App_A,WebOS,Verizon,Cloudflare,Country,VOD Movies,1.97,4.17,2.01,0.75,1.36,2.56,4.15,1.7,4642,26,9010,42822,110009,81.6,61.1,44.5,31.9,55.6,84.7,1.47,68.1,8.5,5.21,2.67,88.3,229,149,15831
2021-02-14,App_B,iOS,Cellular 5G,Fastly,Metro,FAST linear,1.78,4.66,1.88,0.85,1.66,2.41,4.35,2.59,4629,25.5,7467,36170,92055,79.2,62.1,46.4,31,52.3,79.8,1.72,64.6,9.3,5.56,2.38,87.3,285,186,11996
2021-02-15,App_A,Desktop Web,AT&T,Cloudflare,Country,FAST linear,1.69,4.5,2.28,0.9,1.64,2.03,3.97,2.38,4742,24.2,8667,41316,107854,82.3,65.6,46.6,30.7,54.7,84.6,1.5,69.8,9.6,5.65,2.61,89.8,277,172,14462
2021-02-15,App_B,WebOS,Jio,Fastly,Metro,VOD Movies,1.85,4.93,2.41,0.93,1.51,2.59,4.17,2.21,4031,26.8,7521,35819,81201,77.9,63.7,46.5,29.4,48.9,79.7,1.55,63.2,9,5.88,2.67,87.2,303,198,12078
2021-02-16,App_A,Apple TV,Verizon,Cloudflare,Region,VOD Series,1.92,4.23,2.31,0.71,1.25,2.63,4.45,1.74,5288,27.8,9390,45505,95442,78.8,66.1,44.5,32.2,50.9,82.2,1.57,66.9,9.8,5.04,2.91,89.1,247,160,13025
2021-02-16,App_B,iOS,Verizon,Akamai,Metro,Live Sports/Events,2.12,4.68,1.88,1.01,1.88,2.46,3.58,2,3964,24.2,7073,33865,85144,81.7,60.1,44.5,29.8,51.1,81.5,2,61.4,10,5.64,2.81,88.5,236,232,9055
2021-02-17,App_A,iOS,AT&T,Fastly,Country,Live Sports/Events,1.97,3.94,2.15,0.97,1.76,2.44,4.05,1.8,4486,26.7,9172,44069,94140,79.9,65.2,47,29.9,55.4,85.6,1.81,70.6,10.2,4.72,3.01,89.9,273,169,14056
2021-02-17,App_B,Desktop Web,AT&T,Akamai,Region,VOD Movies,1.84,4.49,2.65,0.88,1.86,2.14,4.23,2.49,4741,27,7171,34077,88319,80.8,66.2,43.9,28.8,47.9,84.3,2.17,63.9,11.2,6.51,2.73,88.8,318,210,9984
2021-02-18,App_A,Tizen,Broadband,AWS CloudFront,Metro,VOD Movies,1.94,3.5,2.46,0.7,1.3,2.63,4.37,1.81,5390,27.7,8395,40419,99244,78.3,64.5,47.9,31.4,50.8,85.7,1.8,64.6,9.1,5.63,2.78,87.4,239,155,12688
2021-02-18,App_B,Desktop Web,Cellular 4G,Akamai,Region,VOD Series,1.67,4.02,2.14,0.93,1.77,2.17,4.28,2.55,4795,25,8133,39097,105234,78.1,61.4,45.3,29.6,47.3,84.5,1.63,63.5,10.1,5.39,2.76,89.2,251,187,11651
2021-02-19,App_A,iOS,Wi-Fi,Akamai,Region,Live Sports/Events,1.8,4.33,1.97,0.9,1.73,1.87,4.16,2.32,4989,25.7,8211,39483,100167,78.1,60.4,47.3,30.9,50.5,86,2,70.5,8.3,4.93,3.01,87.3,270,181,13023
2021-02-19,App_B,FireTV,Jio,AWS CloudFront,Metro,VOD Series,2.01,4.03,2.4,0.97,1.58,2.52,4.44,2.11,4645,26.6,7909,38234,96101,78.1,62.5,47.2,28.5,50,85.3,1.62,63.9,10.5,6.22,2.45,87,236,183,11663
2021-02-20,App_A,Apple TV,Cellular 4G,Fastly,Country,VOD Series,1.89,4.22,2.13,0.75,1.35,2.3,4.09,2.44,4798,26.3,8373,40344,105001,82.8,66.3,46.1,33.4,56,85.2,1.85,70,9,4.99,2.72,89.9,215,185,12715
2021-02-20,App_B,Android TV,Jio,Fastly,Country,VOD Series,1.88,4.99,2.49,0.77,1.81,2.98,4.46,2.25,4551,23.9,7743,37205,100072,79,63.2,43.7,27.8,48,86.3,1.74,66.2,10.4,5.38,2.47,89.3,288,187,11536
2021-02-21,App_A,Android,Broadband,Akamai,Country,FAST linear,1.69,4.11,2.42,1,1.43,2.14,4.5,2.09,5457,26.9,9538,46180,106218,82.7,66,48.3,30.6,52,82,1.58,67.1,9.8,5.88,2.81,90.1,268,156,11976
2021-02-21,App_B,Desktop Web,Cellular 4G,Cloudflare,Country,VOD Movies,1.84,4.15,2.6,1.03,1.48,2.64,4.02,2.24,4466,25.7,7643,36964,94414,83.2,62.6,43.9,31.1,47.4,83.4,1.61,64.4,11.7,5.46,2.66,88.5,242,177,11527
2021-02-22,App_A,iOS,Wi-Fi,Fastly,Metro,VOD Series,1.69,3.57,2.34,0.85,1.53,2.74,4.24,1.89,4506,29,9565,45853,101892,79.5,60.1,47.1,30.2,54.4,81.6,1.59,66.1,9.2,4.76,2.65,90.5,227,174,17089
2021-02-22,App_B,Android,Comcast Xfinity,Akamai,Region,FAST linear,1.97,3.84,2.68,0.84,1.46,2.47,3.69,1.86,4350,27.6,7804,37540,89827,80.8,64.4,47.3,30.5,51.7,80.5,1.68,63.5,10.9,6.22,2.45,88.2,291,204,13446
2021-02-23,App_A,iOS,Airtel,Akamai,Metro,VOD Movies,1.69,4.19,2.4,0.82,1.65,2.53,4.43,1.89,5191,24.6,8298,39707,92606,77.8,65.6,46.1,30.5,50.4,83,1.73,67.5,8.7,5.78,2.7,88.3,287,150,14923
2021-02-23,App_B,Android TV,Verizon,Cloudflare,Metro,FAST linear,2.15,4.34,2.64,0.77,1.75,2.9,4.21,2.41,4110,27.3,7213,34554,84317,81.7,64.4,44.6,28.7,48.8,82.5,2.02,61.3,11.5,5.72,2.52,90.3,271,200,11441
2021-02-24,App_A,Android TV,Airtel,Fastly,Region,FAST linear,1.96,3.78,2.03,0.85,1.41,2.66,4.71,1.94,4759,28.4,9078,43912,115558,81.5,62.6,48,30.6,52.3,83.5,2.02,67.2,9.3,5.13,2.77,88.7,256,173,13628
2021-02-24,App_B,Desktop Web,Cellular 5G,Cloudflare,Country,VOD Series,1.65,3.96,2.08,1.08,1.43,2.57,4.2,2.52,5052,22.9,8011,38327,91713,81.7,61.3,47,28.6,50.1,84.1,2.08,66,10.1,5.89,2.77,90.4,224,209,12720
2021-02-25,App_A,FireTV,Jio,Akamai,Country,Live Sports/Events,1.58,4.14,1.79,0.78,1.73,2,4.67,1.88,5017,24.7,8969,43381,114681,78.5,63.6,48.9,29.6,53.8,81.8,1.41,68.5,8.2,5.95,3,90.4,221,151,11427
2021-02-25,App_B,iOS,Wi-Fi,Cloudflare,Country,VOD Movies,1.68,4.69,1.85,1.09,1.45,2.57,3.73,2.17,4691,23.3,7263,34791,88957,80,65.6,48.4,31,50.1,79.9,1.55,65.9,11.5,6.22,2.66,88.7,312,219,10857
2021-02-26,App_A,iOS,Wi-Fi,Fastly,Region,Live Sports/Events,1.52,4.61,2.08,0.87,1.3,1.85,4.38,2.21,5089,24.9,8470,40372,92851,81,64.9,46.2,32.4,51,85.7,2,67.9,8.4,5.28,3.09,89.6,267,212,10385
2021-02-26,App_B,Android,Jio,Akamai,Metro,Live Sports/Events,1.62,4.72,1.82,1,1.46,2.83,3.73,2.62,4974,27,8249,39388,86484,79.6,66.3,48.2,29.2,49.9,82.1,1.92,62.5,10.5,5.56,2.66,87.2,268,162,14715
2021-02-27,App_A,Desktop Web,T-Mobile,Akamai,Country,FAST linear,1.98,3.87,2.29,1,1.23,1.99,4.14,2.17,4892,29.8,9538,45539,95430,80.5,61.2,45.8,31,53.2,83.5,1.72,68.2,9,5.58,3.07,89.8,273,203,15980
2021-02-27,App_B,Android TV,Comcast Xfinity,Akamai,Region,Live Sports/Events,1.89,3.81,2.15,0.79,1.37,2.57,4.08,2.65,4249,26,8320,40252,107418,79.3,62.6,47.1,31,50.6,86.2,2.19,60.3,9.2,5.21,2.42,88.5,311,217,13353
2021-02-28,App_A,Android,Broadband,AWS CloudFront,Country,VOD Movies,1.62,3.51,1.75,0.82,1.54,2.43,4.79,2.47,5386,27.1,9267,44410,112534,81.8,60.2,45.3,31.3,53.1,83.7,1.85,66.1,10.6,5.46,2.83,87.4,203,157,12265
2021-02-28,App_B,Tizen,Jio,Fastly,Region,FAST linear,2.14,4.63,2.73,1.08,1.96,2.77,3.82,1.97,4483,27.6,8283,39709,92345,79.2,60.2,45.3,28.3,47.9,80.8,2.22,61,9.1,5.42,2.89,88.8,287,226,13481
2021-03-01,App_A,iOS,Cellular 5G,AWS CloudFront,Metro,VOD Movies,1.79,3.7,1.77,1.02,1.68,2.21,4.79,2.11,5045,24.8,9206,44244,99330,82.4,61.7,44.2,33.4,53.5,83.4,2.03,66.8,10.6,4.81,2.97,89.9,233,182,14262
2021-03-01,App_B,Android TV,Comcast Xfinity,Cloudflare,Metro,Live Sports/Events,2.15,4.02,2.11,1.05,1.77,2.51,4.21,2.19,4066,24.9,7723,37147,86137,79.1,65.3,47.1,29.7,50.7,84.9,2.14,64.5,10.1,5.19,2.55,87.3,269,176,11383
2021-03-02,App_A,Tizen,Jio,Cloudflare,Country,VOD Series,1.47,4.38,2.3,1.02,1.26,1.99,4.1,1.9,5698,25.9,9142,44212,97943,80.1,62,48.8,29.5,54.3,84.5,1.65,64.8,11,5.8,2.93,90.2,263,196,15420
2021-03-02,App_B,Apple TV,Cellular 4G,Cloudflare,Country,VOD Series,1.68,5.05,2.35,0.92,1.42,2.56,4.41,2.12,4368,24.3,7327,35137,79279,82,62.5,48,28.4,47.3,81.8,1.62,63.3,9.6,5.26,2.75,88.1,317,209,11219
2021-03-03,App_A,Android TV,AT&T,Fastly,Metro,FAST linear,1.59,3.68,2.24,0.71,1.45,2.34,4.12,2.35,5599,28,8587,40940,108593,79.9,63.7,47,31.3,51.4,81.6,1.59,66,9,5.45,2.65,87.9,264,200,10907
2021-03-03,App_B,Apple TV,Jio,Akamai,Region,VOD Movies,2.01,4.02,2.69,0.88,1.96,2.44,4.46,1.94,3865,27.9,7431,35886,75514,82.9,63.7,48.5,30.9,51.6,79.9,1.79,61.1,9.5,6.12,2.46,87.7,291,207,13299
2021-03-04,App_A,WebOS,Cellular 5G,AWS CloudFront,Region,FAST linear,1.68,4.52,2.41,0.97,1.64,2.68,4.55,2.03,4354,26.6,8437,40423,96984,82.7,66.4,46.6,29.7,56.4,80.6,1.84,65.9,10.9,5.61,2.96,88.4,212,201,12998
2021-03-04,App_B,iOS,Airtel,AWS CloudFront,Country,VOD Series,1.63,4.35,2.23,1,1.36,2.98,3.67,2.3,3951,24.2,7354,35451,89368,79,65.3,48.7,31.3,52,85.9,1.79,65.8,10.4,5.59,2.84,90.5,276,191,9750
2021-03-05,App_A,Tizen,AT&T,Cloudflare,Metro,VOD Movies,1.8,4.23,1.69,0.83,1.23,2.19,4.36,2.28,5206,25.3,8306,39826,90543,84,63.6,45,30.3,56.2,80.8,1.99,64.4,10.5,5.86,2.84,88.3,237,192,10112
2021-03-05,App_B,Tizen,Wi-Fi,Akamai,Metro,VOD Movies,2.11,3.83,2.12,0.93,1.72,2.71,3.58,1.83,3818,26.2,8199,39601,100526,78.1,65.4,46.5,30.3,49.2,82,1.5,60.3,11.7,5.95,2.72,87.7,222,218,14493
2021-03-06,App_A,Android,Verizon,Akamai,Metro,FAST linear,1.94,4.56,2.38,0.84,1.56,2.38,4.51,2.23,4591,28.7,9156,43985,99302,82.4,64.8,46,30.7,53.7,84.7,1.96,66.2,9,5.17,2.81,89.3,229,176,11130
2021-03-06,App_B,FireTV,Verizon,Fastly,Country,VOD Series,1.97,4.9,2.55,0.85,1.9,2.31,3.74,2.36,3861,26,7524,35963,78691,79.9,66.3,46.4,27.7,50,85.1,2.08,64.1,10.6,6.43,2.88,89.1,295,202,10903
2021-03-07,App_A,WebOS,Verizon,Akamai,Region,Live Sports/Events,1.93,3.67,2,0.78,1.47,2.73,4.59,2.04,4569,29.1,8459,40568,95743,81.6,62.7,46.2,29.9,55.7,84.3,1.55,66,9.4,5.43,2.8,89.8,265,208,12372
2021-03-07,App_B,FireTV,Jio,Fastly,Region,VOD Series,1.91,4.84,2.34,1.01,1.91,2.51,3.88,2.31,4661,28,7379,35724,81085,81.3,65,46.8,30.1,50,81.4,1.69,64.8,8.9,6.28,2.6,87.7,315,164,9527
2021-03-08,App_A,WebOS,Airtel,Fastly,Region,Live Sports/Events,1.76,4.52,2.07,0.7,1.76,2.59,4.29,1.95,4811,24.9,9461,45615,95009,80.7,64.3,48.7,33.2,54.8,81.5,1.42,68.2,10.2,4.72,2.65,89.1,203,161,16960
2021-03-08,App_B,Tizen,Verizon,Cloudflare,Country,FAST linear,1.6,4.89,2.26,0.85,1.47,2.05,3.68,2.23,4157,23.2,7492,36222,91313,83.2,60.7,44.4,28.3,51.7,84.6,1.91,65.9,10.7,6.27,2.6,88.4,290,217,9742
2021-03-09,App_A,Tizen,Wi-Fi,AWS CloudFront,Metro,Live Sports/Events,1.87,3.56,1.68,0.89,1.5,2.58,4.13,1.75,5025,29.5,8290,39936,84201,79.7,63.1,47.4,30.2,55.7,81.3,2.04,65,10.4,5.12,2.74,90.2,227,170,13455
2021-03-09,App_B,Tizen,Broadband,Akamai,Region,VOD Series,2.16,4.18,2.58,1.02,1.92,2.63,4.07,2.27,4769,22.9,7663,36892,77519,82.9,63.9,48.2,31,50.1,85.5,1.72,66,9.3,6.15,2.53,89.3,239,187,12021
2021-03-10,App_A,Android,Verizon,Cloudflare,Metro,VOD Movies,1.81,3.98,2,0.94,1.52,2.16,4.03,2.49,5775,24.6,9205,44317,110573,81.7,60.3,44,32.9,55,80.4,1.37,66,9.7,5.06,3.03,88.5,226,192,16522
2021-03-10,App_B,WebOS,Wi-Fi,AWS CloudFront,Region,FAST linear,1.67,4.5,2.11,0.75,1.35,2,4.14,1.93,4799,27.3,7137,34485,85465,82.9,65.5,48.5,31.1,47.7,86.1,1.92,61.1,10.7,5.64,2.55,90.3,233,176,10445
2021-03-11,App_A,Android,Cellular 4G,Akamai,Metro,VOD Movies,1.87,4.6,2.47,0.69,1.45,2.7,4.13,2.27,4464,26.5,9657,46666,122309,81.4,62.7,47.4,33.3,53.3,86,1.85,67.6,11,5.27,2.83,87.1,240,208,13276
2021-03-11,App_B,Tizen,Wi-Fi,Akamai,Metro,Live Sports/Events,1.79,4.59,1.96,1.03,1.45,2.81,4.05,2.1,4463,23.8,8273,39544,86335,80.5,62.3,43.8,29.9,47.4,80.3,1.51,66.1,9,5.84,2.52,90.2,275,224,14552
2021-03-12,App_A,Tizen,Cellular 5G,AWS CloudFront,Country,Live Sports/Events,1.55,4.03,2.23,0.89,1.71,2.52,4.43,2.34,5175,25.6,8817,42064,107066,82.2,66.5,44.7,32.4,51.6,85.9,1.52,70.9,10.5,4.76,2.76,87.1,288,178,11129
2021-03-12,App_B,Android TV,Wi-Fi,AWS CloudFront,Country,Live Sports/Events,1.67,4.61,2.14,1.08,1.97,2.85,4.51,2.06,4123,23.4,7841,37877,98098,82.1,65.7,46.2,29.8,52.2,82.3,1.55,65.5,8.9,5.37,2.5,89.5,290,192,12142
2021-03-13,App_A,FireTV,Verizon,Fastly,Metro,VOD Movies,1.66,4.56,2.02,0.89,1.68,2.18,4.16,2.43,5732,25.9,9538,45777,122462,83.2,64,44.5,29.7,51.5,83.4,1.93,66.5,9.3,4.81,3.1,89.6,223,176,13609
2021-03-13,App_B,FireTV,Broadband,Fastly,Region,VOD Series,1.67,4.29,1.83,0.95,1.71,2.8,3.81,2.44,4272,23.9,7180,34746,71802,82.6,65.5,46.2,29.8,47.4,86.5,1.63,61.2,10.7,6.42,2.58,90.2,244,191,11086
2021-03-14,App_A,Tizen,T-Mobile,Cloudflare,Region,VOD Movies,1.69,4.56,2.04,0.7,1.68,1.85,4.56,2.04,5258,28.3,8668,42003,93883,82.7,65.6,47.4,31.4,53.5,83.5,1.92,66.9,10.1,4.77,2.83,87.1,258,190,14837
2021-03-14,App_B,Android,Airtel,Akamai,Country,Live Sports/Events,1.74,4.1,2.06,0.77,1.68,2.03,4.04,2.2,4217,27.6,7670,36732,87001,78.3,63.7,48.2,31.1,50.1,82.3,1.9,66.3,9,5.37,2.58,89.1,246,164,9241
2021-03-15,App_A,Tizen,AT&T,Akamai,Region,FAST linear,1.61,3.6,2.17,0.72,1.35,2.44,4.26,2.15,4771,25.1,9555,45613,106264,80.2,65.3,47.6,31.6,52.5,83.8,1.78,66.7,10.7,5.9,2.59,90.3,271,183,11586
2021-03-15,App_B,Tizen,Jio,Akamai,Country,Live Sports/Events,1.73,4.52,2.29,0.87,1.97,2.04,4.07,1.96,4840,26.5,8340,39935,99366,80.4,64.5,44,30.2,50,81.9,2.06,65.7,9.2,6.38,2.93,89.5,265,223,11193
2021-03-16,App_A,Tizen,AT&T,Akamai,Region,Live Sports/Events,1.74,3.77,1.81,0.86,1.53,2.59,4.75,1.93,4472,25.2,9635,46460,101403,82.2,64.2,45.9,32.2,55.2,86.5,1.88,68.2,9.8,5.37,2.96,88.2,277,195,16369
2021-03-16,App_B,WebOS,Wi-Fi,Fastly,Metro,FAST linear,1.84,3.79,2.29,0.75,1.63,2.35,3.91,2.47,4997,26.4,7443,35826,83555,78.5,66.2,46.5,27.9,52.2,83.2,1.93,61.2,11.3,5.99,2.75,87.3,243,217,9030
2021-03-17,App_A,Android,Verizon,Akamai,Metro,VOD Series,1.79,3.46,1.71,0.76,1.4,2.12,3.99,1.84,5500,28.3,8932,42497,98362,79.9,65.7,48.7,32.5,51.9,80.6,1.67,70.1,10.1,4.91,2.88,88.6,283,208,11366
2021-03-17,App_B,Android,AT&T,Fastly,Metro,Live Sports/Events,1.89,4.81,2.54,0.98,1.8,2.47,4.4,2.54,3927,23.3,7820,37645,97791,82.9,60.8,45.4,28.3,50.3,85.3,1.91,66.8,9.8,5.57,2.81,87.1,243,188,10585
2021-03-18,App_A,Android,Cellular 5G,AWS CloudFront,Country,FAST linear,1.64,3.76,1.94,0.77,1.68,2.25,4.12,1.77,4824,24.9,9171,43979,118806,82,61.9,45.8,32.7,53,80.1,1.38,66.2,10.8,5.42,3.05,90.3,271,191,15617
2021-03-18,App_B,iOS,Jio,Fastly,Metro,VOD Series,2,4.92,2.55,1,1.92,2.02,4.33,2.29,5073,23.8,7753,36936,92242,82.5,62.3,47.9,30,50.9,82,1.76,61.1,9,6.34,2.79,88.2,275,217,12273
2021-03-19,App_A,WebOS,T-Mobile,Fastly,Metro,VOD Movies,1.89,4.53,2.14,0.73,1.6,1.93,4.31,1.87,5138,28.8,8530,40985,107295,78.8,66.5,44.7,33,51.9,85.9,1.64,70.9,10.4,5.25,2.73,87.9,223,196,10315
2021-03-19,App_B,Apple TV,Airtel,Akamai,Metro,Live Sports/Events,1.78,4.31,1.88,0.74,1.72,2.24,4.4,2.68,4716,24.7,7777,37043,99769,80.8,66.1,46,29,50.3,83.3,1.73,65.5,9.1,6.09,2.94,87.9,268,213,11868
2021-03-20,App_A,Android,Comcast Xfinity,AWS CloudFront,Metro,Live Sports/Events,1.92,4.39,2.45,0.83,1.76,2.48,3.95,1.89,4693,28.3,8763,41800,92653,79.4,60.7,46.2,29.9,51.1,82.7,1.66,69.4,9.3,4.92,2.66,90.5,258,205,11093
2021-03-20,App_B,Android,Comcast Xfinity,Akamai,Country,VOD Series,2.04,4.85,2.03,1.04,1.55,2.97,4.44,1.83,4717,25.5,7870,37511,87877,79.5,64.1,47.5,28.6,48.2,83.6,1.87,62.2,11,5.4,2.75,89.9,230,164,12216
2021-03-21,App_A,Tizen,AT&T,AWS CloudFront,Country,FAST linear,1.62,4.61,2.05,0.75,1.4,2.14,4.51,2.27,5470,26.9,9481,45055,122508,78.1,62.7,43.9,30.6,54.3,80.6,1.82,68,8.2,5.14,3,89.4,208,160,13022
2021-03-21,App_B,Android,Wi-Fi,AWS CloudFront,Metro,Live Sports/Events,1.85,3.84,2.42,0.85,1.85,2.59,4.01,2.21,4688,26.4,7186,34844,81201,80.1,66.5,44.6,31.4,52.4,82.9,2.1,63.2,9,6.23,2.78,87.1,243,230,12696
2021-03-22,App_A,iOS,Airtel,Akamai,Metro,VOD Series,1.66,4.01,1.68,0.88,1.45,1.86,4.63,2.21,5105,24.4,8469,40763,105602,81.5,64.3,46.9,31.5,55.4,85.9,1.46,66,8.7,4.76,2.68,88.2,254,178,10721
2021-03-22,App_B,Apple TV,Comcast Xfinity,AWS CloudFront,Country,VOD Series,2.04,4.11,2.25,0.82,1.78,2.32,3.63,2.67,4932,23.4,7353,35036,83897,79.6,65.9,46.1,31.3,49.2,80.7,1.98,65.8,11.9,5.31,2.89,87.3,256,225,13046
2021-03-23,App_A,Apple TV,Broadband,Cloudflare,Region,VOD Movies,1.52,3.58,1.68,0.82,1.44,1.91,4.75,1.7,5826,24.8,9150,43522,95149,79.8,64.8,45.9,31.4,53,80.6,1.63,69.2,8.4,5.02,2.95,87.4,213,194,14383
2021-03-23,App_B,Android,Broadband,Fastly,Country,VOD Movies,1.77,4.01,2.61,0.89,1.76,2.56,3.94,2.47,4026,27,7562,36639,91721,83,64.3,48.5,30,52.1,85.7,2.09,65.7,10.3,5.3,2.55,89.2,241,175,12706
2021-03-24,App_A,Android,Cellular 5G,Cloudflare,Country,FAST linear,1.63,4.08,2.49,1,1.72,2.37,4.7,1.73,4820,24.6,8406,40009,104383,81.5,63.4,45.3,32.7,53.9,82,1.51,70.8,8.8,4.91,3.04,90.3,271,166,12716
2021-03-24,App_B,WebOS,T-Mobile,Akamai,Metro,VOD Series,2.07,4.39,2.6,0.77,1.6,2.38,3.59,2.13,3735,26.5,8171,39444,89635,82.3,65.6,48.1,28.3,52.2,82.4,2.14,60.7,10.7,5.17,2.95,88.8,270,220,13675
2021-03-25,App_A,FireTV,Verizon,AWS CloudFront,Metro,VOD Movies,1.55,3.69,1.94,0.97,1.65,2.08,3.95,1.94,5195,24.3,8215,39304,84124,78.9,62.3,46.8,33.7,50.9,85.9,1.87,69.3,10.7,5.07,3.07,90.5,288,166,13889
2021-03-25,App_B,WebOS,AT&T,Cloudflare,Region,VOD Movies,2.1,5.02,2.22,0.96,1.55,2.34,4.47,1.95,3798,24.7,7977,38572,88402,80.8,62.2,48.8,28.8,51.3,86.1,2.13,60.6,11,5.72,2.94,87.8,221,202,10235
2021-03-26,App_A,Desktop Web,Comcast Xfinity,Cloudflare,Country,FAST linear,1.97,3.46,2.32,0.99,1.32,2.74,4.66,2.27,4723,28.8,8341,40314,107769,81.2,61.4,48.7,32.6,50.8,84.2,1.88,67.5,10.5,4.94,2.59,88.3,218,176,10243
2021-03-26,App_B,iOS,AT&T,Cloudflare,Country,VOD Series,1.82,4.77,2.18,1.09,1.86,2.1,3.99,2.18,5013,23.1,8137,39227,88290,80.4,63.8,48.6,28.2,53.2,84.8,1.8,61.3,11.5,6.17,2.83,89.9,246,190,14364
2021-03-27,App_A,iOS,Verizon,Cloudflare,Region,VOD Series,1.54,4.25,2.32,0.88,1.4,2,4.03,2.18,5626,26.8,8974,42811,113630,81.2,62.8,47.7,31.4,51.5,81.4,1.96,65.6,11,5.33,2.68,88.6,286,164,14641
2021-03-27,App_B,Android TV,Broadband,Fastly,Country,VOD Series,2.02,4.91,2.69,0.77,1.86,2.19,4.18,2.38,4158,23.4,7072,33998,81951,79.1,61.2,48.1,28.1,51.1,85.9,1.88,65.6,9.7,5.53,2.5,89.5,268,167,10231
2021-03-28,App_A,FireTV,AT&T,Fastly,Metro,VOD Movies,1.72,4.32,1.86,0.69,1.47,1.83,4.63,1.82,4338,25.1,8562,41412,107026,81.9,65.3,44.1,30,51,84.6,1.93,70.7,9.1,5.42,2.59,87.6,215,155,11906
2021-03-28,App_B,WebOS,Broadband,Cloudflare,Region,VOD Series,2.06,3.76,2.56,1.09,1.42,2.89,4.43,2.55,3906,24.2,7338,35450,74164,84.4,64.5,45.4,29.5,50.4,85.8,1.75,61,11.2,5.18,2.7,88.9,241,161,12023
2021-03-29,App_A,Android TV,Jio,AWS CloudFront,Region,VOD Movies,1.64,3.85,2.06,0.76,1.37,2.31,3.93,2.2,4894,29.3,9114,43330,117629,79.9,60.9,47.4,33.7,53.5,80.3,1.87,70.7,8.4,5.37,3.06,90.1,210,167,13381
2021-03-29,App_B,Apple TV,Comcast Xfinity,Fastly,Metro,FAST linear,2.11,4.33,1.95,0.88,1.46,2.29,3.94,1.95,4652,26.9,7998,38628,90399,80.8,63.3,44.4,28.9,48.8,81.7,1.63,60.9,8.9,5.86,2.78,90.3,273,191,11931
2021-03-30,App_A,Desktop Web,AT&T,Fastly,Metro,VOD Movies,1.75,3.84,1.86,0.92,1.23,2.73,4.37,1.8,4519,25.7,8444,40937,109134,78.4,62.9,46.4,32.3,50.6,82.6,1.69,67.3,8.3,4.86,2.77,87.8,216,208,12958
2021-03-30,App_B,Android,Comcast Xfinity,Cloudflare,Country,Live Sports/Events,2.04,4.41,2.59,0.99,1.42,2.33,4.48,1.9,4256,25.8,7650,36947,85323,78.5,61.5,45,28.9,48.9,83.5,1.92,60.9,9.1,5.19,2.96,88.7,224,220,12300
2021-03-31,App_A,WebOS,Broadband,Fastly,Metro,VOD Movies,1.57,3.53,1.73,0.84,1.43,1.83,3.95,2.34,4627,24.8,8928,42587,111790,81.5,62.1,46.6,33.9,54.2,80.2,1.59,66.6,8.2,5.42,2.8,89.3,260,153,11107
2021-03-31,App_B,Apple TV,T-Mobile,Fastly,Metro,Live Sports/Events,1.83,3.94,2.27,1.05,1.59,2.91,4.13,2.54,3910,26.4,7811,37130,87432,82.1,61.2,45.4,31,47.5,80.5,2.2,65.5,9.2,6.14,2.44,89.6,242,217,13549
2021-04-01,App_A,Apple TV,Cellular 5G,Akamai,Region,FAST linear,1.92,4.48,1.88,0.89,1.69,2.35,4.45,2.43,4431,24.1,9230,44737,114825,82.1,65.2,49.1,32.4,56.9,81.2,1.71,67.4,8.8,5.54,2.72,89,266,206,13643
2021-04-01,App_B,Android TV,Comcast Xfinity,Fastly,Country,VOD Movies,1.64,5,1.93,0.81,1.94,2.25,3.87,2.48,4834,22.6,7955,37960,90438,80.5,60.8,48,28,50.1,85.8,2.09,64.7,8.9,6.11,2.7,89.3,306,180,12553
2021-04-02,App_A,iOS,Airtel,Cloudflare,Metro,FAST linear,1.76,3.73,2.14,0.93,1.6,2.09,4.23,1.67,4891,26.4,8723,41928,110856,80.4,63.1,45.6,31,55.4,81.4,2,70,9.7,5.41,2.85,89.4,247,206,12709
2021-04-02,App_B,Android,Broadband,Fastly,Metro,VOD Movies,1.98,4.02,2.56,0.78,1.61,2.48,4.1,2.45,4750,22.8,7249,34797,75095,83.5,63,49.3,29.6,48.1,80.7,2.17,66.4,10.3,5.46,2.89,90.1,277,173,9066
2021-04-03,App_A,FireTV,Cellular 4G,Akamai,Metro,VOD Movies,1.53,3.87,2.06,0.77,1.34,2.6,4.26,2.01,5621,26.1,8496,41189,101048,80.8,61.3,46.3,32.6,54.5,84.4,1.77,64.9,8.4,4.76,2.69,90,230,170,15005
2021-04-03,App_B,FireTV,Verizon,Fastly,Country,Live Sports/Events,1.61,4.66,2.17,1.07,1.6,2.78,4.13,2.11,4076,25.4,7546,36025,81702,82.4,61.3,45.8,30.4,48.8,83.3,1.98,65.8,9.7,5.27,2.89,87.7,262,173,10147
2021-04-04,App_A,WebOS,Jio,AWS CloudFront,Region,VOD Movies,1.73,3.95,2.31,0.69,1.79,1.94,4.03,2.09,5037,26.2,9108,44015,97281,82.7,65.7,46.9,31.9,53.8,82.4,1.48,65.1,9.1,5.22,3.09,88.8,209,168,14655
2021-04-04,App_B,FireTV,Jio,Akamai,Metro,VOD Movies,2.1,3.88,2.49,0.85,1.61,2.79,4.06,2.07,3966,25.4,7782,37390,97277,82.4,63.2,48.6,28.3,49.7,85.2,2.01,61.6,8.9,6.43,2.87,88.5,284,217,10694
2021-04-05,App_A,iOS,AT&T,Cloudflare,Metro,Live Sports/Events,1.59,3.63,2.2,0.86,1.6,2.43,4.11,1.82,5405,25.7,8538,40882,103193,82.2,60.7,46.6,30,53.9,81.8,1.72,64.9,9.1,5.41,2.63,87.3,211,187,12012
2021-04-05,App_B,Android,Wi-Fi,AWS CloudFront,Region,Live Sports/Events,2.01,4.26,2.32,1.02,1.67,2.35,4.22,1.83,4338,25.6,7358,35252,83677,81.9,63.7,46.9,30.9,48.2,83,1.66,62.4,9.2,5.77,2.59,87.9,265,203,11744
2021-04-06,App_A,iOS,AT&T,Fastly,Region,VOD Series,1.67,4.08,2.36,0.93,1.78,2.35,4.2,1.99,4860,27.6,9372,44829,110371,84.4,66.3,49,31.9,52.6,80.4,1.96,66.2,8.7,5.21,2.82,87.8,236,160,13978
2021-04-06,App_B,iOS,Wi-Fi,Fastly,Metro,VOD Series,1.96,3.83,2.2,1.07,1.42,2.81,3.63,2.53,4890,26,7436,35894,85059,79.1,64.1,48.7,29.2,50.1,83.7,1.68,61.9,9.6,5.97,2.83,90.1,244,161,12833
2021-04-07,App_A,WebOS,Cellular 5G,AWS CloudFront,Region,VOD Series,1.92,4.46,2.19,0.76,1.41,2.67,4.66,2.13,4842,27.5,8919,42895,104848,79,62.3,49.1,33.8,52.2,84,2.01,69.7,9.1,5.49,2.96,89.4,217,173,11758
2021-04-07,App_B,Android,AT&T,AWS CloudFront,Metro,Live Sports/Events,1.76,4.98,2.44,0.88,1.41,2.94,4.33,1.83,4415,24.6,7773,37178,81818,84.3,60.5,45.4,31.7,47.9,85.4,1.63,61.5,9.1,6.01,2.53,89.1,297,223,13965
2021-04-08,App_A,iOS,Cellular 4G,Fastly,Country,VOD Series,1.72,3.52,1.69,0.92,1.36,2.46,4.22,1.92,4394,28.1,8508,41151,91449,82.2,64.4,44.1,30.4,54.7,81.3,1.6,71.4,9.4,5.22,2.91,89.2,241,174,15234
2021-04-08,App_B,Android TV,T-Mobile,AWS CloudFront,Country,VOD Series,1.88,4.57,1.93,1.03,1.39,2.03,4.31,2.46,4087,22.9,7443,35469,74815,82.9,66.7,45.6,28.3,51.6,82.7,1.78,62.8,10.6,5.45,2.83,87.8,274,185,13130
2021-04-09,App_A,Android,Jio,Cloudflare,Metro,FAST linear,1.73,4.41,1.85,0.98,1.39,2.59,4.29,2.32,5510,24,8919,43029,97519,80,62.5,47.6,31.3,55,84.9,1.63,68.5,10.3,5.76,2.83,89.8,209,169,11019
2021-04-09,App_B,WebOS,AT&T,Fastly,Region,Live Sports/Events,1.96,4.42,2.16,0.98,1.74,2.68,3.79,2.67,3828,22.8,8014,38572,95312,83.6,64.8,48.9,28.1,50.5,83.7,1.59,63.8,11.6,5.42,2.57,90,306,189,9960
2021-04-10,App_A,Android TV,Cellular 5G,Akamai,Country,FAST linear,1.76,3.9,1.97,0.79,1.5,2.73,4.41,2.18,5362,24.5,8608,41591,98072,79.2,61.1,46.9,31.4,55.5,80.8,1.96,66.2,8.7,5.38,2.72,88.7,236,164,12456
2021-04-10,App_B,Desktop Web,Comcast Xfinity,Cloudflare,Metro,VOD Movies,1.97,4.04,2.44,1.05,1.92,2.33,3.98,2.29,3883,26.5,7999,38266,86757,78.2,62.3,45,28.1,49.9,85.3,1.73,66.8,9.9,5.64,2.49,89.7,293,168,11594
2021-04-11,App_A,iOS,T-Mobile,Fastly,Country,Live Sports/Events,1.8,3.42,2.32,0.87,1.56,2.67,4.5,2.12,5534,27.6,8801,42508,100534,82,60.9,45.3,34,55.9,80.1,1.81,70.6,8.7,4.72,2.75,89.3,268,204,13510
2021-04-11,App_B,Android,Airtel,Fastly,Country,VOD Series,1.61,4.83,2.57,0.94,1.95,2.39,4.08,1.8,4525,22.2,7639,36322,81175,83.3,65.9,47.2,31.8,50.7,85.2,1.58,65.3,9.9,5.68,2.74,89.7,246,191,12078
2021-04-12,App_A,iOS,Broadband,AWS CloudFront,Country,VOD Movies,1.67,4.07,2.22,0.75,1.54,2.09,4.67,2.01,4428,23.9,8968,42732,93086,82.4,62.3,45.6,29.9,50.9,84.6,1.89,66.6,10.3,4.66,2.62,89.3,235,201,12727
2021-04-12,App_B,iOS,Jio,AWS CloudFront,Region,FAST linear,1.66,4.15,2.39,0.81,1.43,2.18,4.34,2.19,4253,24.1,7510,35681,93996,82.4,62.2,46.9,29.1,51.6,82.4,1.68,67,11.7,5.53,2.57,89,253,189,9187
2021-04-13,App_A,Apple TV,Verizon,Akamai,Region,VOD Series,1.92,3.64,1.75,0.94,1.29,2.7,4.87,2.47,4952,24.2,8839,42383,104367,78.2,63.5,46.9,30.3,53.9,83.6,1.66,66.5,9.2,4.91,3.09,88,207,205,14371
2021-04-13,App_B,Android TV,Verizon,Cloudflare,Region,VOD Series,2.01,4.83,2.1,1.02,1.55,2.83,3.96,2.59,4659,22.7,7497,36215,93287,82.4,64.2,45.1,31.6,51.7,85,2.03,61.2,11.6,6.32,2.64,87.2,239,161,10793
2021-04-14,App_A,WebOS,Cellular 5G,Cloudflare,Region,FAST linear,1.8,3.58,1.69,0.73,1.44,2.04,4.68,1.95,5257,25.6,8796,42050,101778,84,66.3,47.3,32.3,55.7,80.2,1.86,69.7,10.2,4.79,2.8,88.8,220,148,13729
2021-04-14,App_B,FireTV,T-Mobile,Akamai,Region,VOD Series,1.61,3.82,1.96,0.95,1.76,2.62,3.82,2.12,4319,23.7,7152,34294,84887,79.7,66,48.7,30.5,52.4,86.6,2.14,64.2,10,6.39,2.83,88.4,278,177,9160
2021-04-15,App_A,iOS,Comcast Xfinity,Cloudflare,Region,VOD Movies,1.55,3.92,2.3,0.93,1.3,2.37,4.13,2.01,5202,24,8976,42993,102509,82.8,66.8,46.6,30.7,55.5,83.8,1.64,68,10.8,5.44,2.83,88.5,251,170,11132
2021-04-15,App_B,Android TV,Verizon,Akamai,Country,VOD Movies,1.92,4.78,2.37,1.08,1.43,2.32,3.93,2.02,4134,22.6,7050,34153,78890,83.9,62.9,45.7,28.5,49.8,82.7,1.61,61.6,11.7,6,2.59,90.5,294,204,8742
2021-04-16,App_A,FireTV,Jio,AWS CloudFront,Country,VOD Series,1.62,3.54,2.28,0.72,1.53,2.05,3.95,1.82,4563,25,8833,42168,102415,80,65.3,49,30.3,54.2,84.1,1.51,67,9.3,5.1,2.64,87.3,217,175,13372
2021-04-16,App_B,Desktop Web,Cellular 4G,Cloudflare,Metro,VOD Series,1.87,4.36,2.4,1.09,1.57,2.24,3.64,2.58,3797,24.2,7968,38325,91072,80.5,62.4,45.5,29.9,53.5,86.8,2.18,61.6,11.8,5.89,2.57,87.2,280,221,11003
2021-04-17,App_A,Desktop Web,Airtel,Fastly,Metro,FAST linear,1.82,3.9,2.37,0.91,1.5,2.33,4.82,2.28,4343,23.9,8986,43352,103817,83.6,65.9,44.4,31,53.6,82.7,1.45,71.1,9.2,5.31,2.65,89.8,230,157,11578
2021-04-17,App_B,Desktop Web,Comcast Xfinity,Akamai,Region,VOD Series,1.78,4.93,2.63,0.89,1.38,2.32,4.32,2.57,4852,24.9,7678,36585,98323,78.9,66,49.5,29.3,48.4,80.2,1.98,64.4,10,6.1,2.69,89.9,257,193,12707
2021-04-18,App_A,Android TV,Cellular 5G,Cloudflare,Region,VOD Series,1.87,3.85,1.91,0.91,1.77,2.23,4.43,1.88,5023,27,8323,40218,98150,79.1,65.4,44.1,31.6,56.2,81.4,1.93,69.8,9,5.22,2.63,89.9,234,147,10573
2021-04-18,App_B,Android,Cellular 5G,Akamai,Region,Live Sports/Events,1.91,3.74,2.6,0.93,1.76,2.39,4.29,2.22,4029,25.5,6843,32973,87874,83.4,62.5,46.6,28.5,47.8,86.3,1.75,66.1,10.9,6.16,2.54,89.4,279,210,12144
2021-04-19,App_A,Apple TV,AT&T,Akamai,Metro,FAST linear,1.74,3.57,2.35,0.77,1.42,2.45,4.87,1.9,5292,27.4,8151,38841,90413,82.8,64.6,49.7,31.2,52.2,83.2,1.85,69.8,8.5,5.87,2.86,87.3,242,154,13896
2021-04-19,App_B,FireTV,Jio,Cloudflare,Country,VOD Series,1.95,4.47,2.6,0.88,1.9,2.87,3.75,2.52,4557,23.2,7374,35223,95028,84.4,65.9,47.6,30.1,49.6,86.3,2.02,66.5,11.1,5.52,2.69,87.8,293,179,11061
2021-04-20,App_A,iOS,AT&T,Fastly,Country,Live Sports/Events,1.59,4.1,1.92,0.85,1.47,2.7,3.96,1.65,5411,24.5,9128,43584,97783,80.9,61.1,45.3,30.9,56.8,80.5,1.57,69,10.9,5.12,2.72,87.9,274,155,12255
2021-04-20,App_B,FireTV,Cellular 4G,Cloudflare,Country,Live Sports/Events,1.8,4.24,1.9,0.84,1.3,2.46,4.16,1.9,4729,24.7,7309,34794,75187,83.8,60.7,44.7,28.2,49.7,82.3,1.75,64,10.3,5.97,2.65,90.1,283,227,12265
2021-04-21,App_A,Tizen,Verizon,Fastly,Metro,VOD Movies,1.55,4.51,1.77,0.95,1.33,2.15,4.31,1.71,4731,28.2,8270,39671,107231,83.2,64.2,45.3,30.2,52.5,82.8,2.01,69.3,10.7,5.35,2.69,87.7,209,182,14372
2021-04-21,App_B,Android,Airtel,Cloudflare,Region,VOD Movies,2.13,3.91,2.41,0.93,1.43,2.24,3.83,2.27,4059,25.1,7497,35843,85920,82.5,60.8,47.1,31.2,52.6,86.5,1.52,64.8,9.2,5.92,2.49,90.2,292,185,12310
2021-04-22,App_A,Desktop Web,AT&T,Akamai,Country,VOD Series,1.55,4.44,2.46,0.71,1.44,1.92,4.78,1.84,5515,24.4,7897,38287,88614,81.6,62.3,47.8,29.9,50.8,80.7,1.73,69.5,9.1,5.84,3.08,90.3,205,179,11531
2021-04-22,App_B,Android TV,Jio,Akamai,Country,VOD Series,2.07,4.11,2.38,0.98,1.84,2.23,3.82,2.12,3842,26.1,7002,33346,75409,78.2,64.2,47.4,30.6,50.4,83.8,1.87,64.4,11.8,6.11,2.63,89.4,228,208,10159
2021-04-23,App_A,Android TV,Wi-Fi,Akamai,Metro,VOD Series,1.5,3.71,1.65,0.9,1.35,2.38,3.93,2.14,5033,25.8,8958,43408,113850,80.9,62.6,47.7,31.4,51.6,85.1,1.74,65.9,9.4,4.66,2.85,89.5,210,154,13624
2021-04-23,App_B,iOS,Jio,AWS CloudFront,Metro,VOD Movies,1.81,4.64,2.52,0.94,1.89,2.7,3.84,1.94,3932,25.8,7384,35490,75807,83.1,64.7,44.8,32.1,53.5,82.4,1.99,67.2,11.3,5.25,2.66,87.3,277,169,12876
2021-04-24,App_A,Tizen,Cellular 5G,Akamai,Metro,Live Sports/Events,1.65,3.58,2.04,1,1.26,2.19,4.27,1.75,4469,26.7,8576,40782,89287,84,61.3,44.7,33.6,56.4,86.2,1.67,66.6,9.4,5.78,2.71,89.2,238,205,13316
2021-04-24,App_B,Desktop Web,Wi-Fi,Cloudflare,Region,VOD Movies,1.66,4.97,2.37,0.86,1.67,2.81,3.66,2.12,4776,25.6,6954,33569,82773,82,65.9,44.3,30.6,50.6,81.9,1.55,66.8,8.8,5.61,2.83,88.1,225,197,9882
2021-04-25,App_A,Desktop Web,Cellular 4G,Cloudflare,Metro,Live Sports/Events,1.9,3.44,2.29,0.71,1.5,2.46,4.41,2.21,5172,23.3,8626,41009,94244,80,64.9,48.5,33.6,55.2,80.4,2,65.5,10.8,4.74,2.65,89.4,285,179,15400
2021-04-25,App_B,FireTV,T-Mobile,AWS CloudFront,Country,FAST linear,1.75,3.86,2.1,0.74,1.39,2.94,3.83,2.67,4426,24.6,7290,34941,92826,82.4,61.2,47,30,50.4,80.9,2.13,67,9.3,5.08,2.56,89.9,256,168,10123
2021-04-26,App_A,Apple TV,T-Mobile,Akamai,Metro,FAST linear,1.92,3.56,1.81,0.88,1.67,2.38,4.06,1.75,4698,27.2,7934,38204,100148,83.1,63.3,46.9,30.4,53.7,86.3,1.65,67,10.8,5.57,2.76,88.5,283,147,10918
2021-04-26,App_B,iOS,Cellular 4G,Akamai,Metro,VOD Series,1.77,4.47,2.13,0.89,1.48,2.76,3.83,2.03,3825,23.6,6736,32004,71641,80.7,63.6,47,29.9,48.7,81,2.08,63.4,9,6.36,2.63,88.4,292,186,10771
2021-04-27,App_A,Android,Airtel,Cloudflare,Region,Live Sports/Events,1.55,4.06,2.43,0.77,1.29,2.48,4.21,1.8,4227,23.4,8869,42516,101273,82.5,66.5,45,32.9,51.8,80.8,1.69,66.5,10.6,4.74,3.22,87.7,249,170,12802
2021-04-27,App_B,iOS,Verizon,AWS CloudFront,Country,Live Sports/Events,1.75,4.35,2.63,0.75,1.9,2.62,3.8,1.88,4753,24.7,7350,35448,80721,83.9,60.7,45.7,31.4,48.7,83.2,2.14,66,9.6,5.66,2.68,87.9,296,188,9535
2021-04-28,App_A,Tizen,Airtel,Cloudflare,Metro,VOD Movies,1.82,3.96,2.02,0.76,1.54,2.19,4.09,2.35,4800,27.2,8223,39757,106674,81.3,66.4,46.8,33.2,56.5,83.8,1.39,68.7,10.2,5.38,2.74,88.4,211,176,10716
2021-04-28,App_B,FireTV,Cellular 4G,Cloudflare,Country,FAST linear,1.87,3.86,2.2,0.97,1.81,2.74,3.66,2.26,3565,22.8,7109,33853,87085,83.2,60.8,48.9,31.2,51.4,85.2,1.89,64.8,10.6,5.18,2.73,89.9,247,193,12247
2021-04-29,App_A,Android TV,Verizon,Cloudflare,Country,Live Sports/Events,1.86,4.21,1.8,0.77,1.52,2.2,4.1,2.24,5384,24.7,8289,40165,87908,79.2,63.6,47.3,30.1,56,84.9,1.53,69.1,10.8,5.58,3.1,87.8,284,157,13226
2021-04-29,App_B,FireTV,Cellular 5G,Cloudflare,Metro,Live Sports/Events,1.75,4.52,1.93,0.98,1.86,2.83,3.74,2.65,4330,23.5,7134,33942,73730,83.4,60.8,44.3,29.2,53.3,86.5,1.6,64.6,10.8,5.54,2.67,88.2,228,192,12607
2021-04-30,App_A,Android,Airtel,AWS CloudFront,Country,Live Sports/Events,1.78,3.98,1.67,0.91,1.36,2.39,4.14,1.84,4771,27.6,7843,37255,85150,84,62.1,49.3,33,52.3,82.7,1.69,69.5,9.9,4.79,3.03,88.4,282,159,13586
2021-04-30,App_B,Android TV,Jio,AWS CloudFront,Metro,VOD Movies,2.02,4.45,2.54,0.74,1.36,2.27,4.25,2.37,3681,23.1,7012,33622,80826,84.2,64.8,47.3,30.6,51.8,81.3,1.87,64.7,10.7,5.71,2.98,87.7,298,201,8928
2021-05-01,App_A,Android,Jio,Fastly,Region,FAST linear,1.87,4.28,1.86,0.9,1.63,2.52,4.68,2.29,4957,23.2,8145,38815,90206,79.1,65.4,44.6,32.9,54.9,86.5,2,65.9,8.2,4.92,2.87,89.3,205,167,12814
2021-05-01,App_B,iOS,Verizon,AWS CloudFront,Metro,VOD Series,1.59,4.45,2.45,0.89,1.82,2.85,3.96,1.87,4690,22.7,7789,37548,80002,82.2,65.4,44.9,30,53.1,82.2,2.12,63.4,10.9,5.78,2.5,90.5,235,222,10615
2021-05-02,App_A,Android,Verizon,AWS CloudFront,Country,VOD Series,1.45,4.39,1.67,0.73,1.56,2.67,4.67,2.43,4910,23.5,8956,42614,114978,78.1,62,44.7,30,52.2,81,1.48,71.2,10,4.79,3.13,90.5,220,149,11337
2021-05-02,App_B,Desktop Web,Cellular 4G,Fastly,Metro,FAST linear,2.04,4.03,2.16,0.98,1.49,2.1,4.45,2.58,3552,25.3,6703,32042,70246,81.2,60.7,45.3,29.2,53.1,84.3,1.64,61.1,9.8,5.04,3.01,87.9,285,170,11951
2021-05-03,App_A,FireTV,Wi-Fi,AWS CloudFront,Region,Live Sports/Events,1.84,4.51,2.45,0.85,1.76,2.03,4.23,1.94,4740,23.8,7760,37607,80877,83.2,61.6,47.6,30.7,53,82.5,1.47,66.7,10.5,5.84,2.91,88.7,212,197,12659
2021-05-03,App_B,Android,Airtel,Fastly,Country,VOD Series,1.86,4.1,1.91,0.8,1.46,2.55,3.67,2.59,4143,24.1,7363,35545,90064,83.7,61.3,44.2,31.2,52,81,1.61,64.2,11.1,5.98,2.69,87.2,304,175,10415
2021-05-04,App_A,WebOS,Broadband,Cloudflare,Region,VOD Series,1.54,4.52,1.77,0.85,1.62,2.17,3.99,2.19,4498,27,7719,36852,90655,84.2,63.4,45.4,33.7,50.8,81,1.56,68.9,8.3,5.7,2.71,87.7,236,206,10094
2021-05-04,App_B,Apple TV,Wi-Fi,Cloudflare,Metro,FAST linear,1.71,4.57,2.17,0.83,1.93,2.54,4.56,2.52,4697,22,7077,34274,84421,78.5,64.1,46,29.9,52.5,81.3,2.17,66.2,11.3,6.2,2.61,87.6,302,218,11400
2021-05-05,App_A,Apple TV,Wi-Fi,AWS CloudFront,Metro,VOD Series,1.95,3.88,2.4,0.9,1.73,2.42,4.68,1.66,5349,22.7,8323,40078,99731,83.3,65.1,46.7,30.4,54.3,86.5,1.8,65.2,9.7,5.02,3.07,90.2,210,174,12970
2021-05-05,App_B,Tizen,Airtel,Akamai,Region,VOD Movies,2,4.05,1.88,1.01,1.74,2.32,4.61,2.34,3707,21.6,6997,33267,78510,82.7,63.7,47.8,29.5,52.7,84.2,1.78,61.9,11.7,5.52,2.95,89.3,304,191,12477
2021-05-06,App_A,Android,Airtel,Akamai,Country,FAST linear,1.73,4.49,2.09,0.77,1.26,2.68,4,2.44,4792,24,8375,39822,95344,79.5,65.1,45,31.8,55.6,82.7,1.79,66.4,8.2,5.77,2.94,87.3,255,205,15008
2021-05-06,App_B,Android,Wi-Fi,Akamai,Country,VOD Movies,1.95,4.1,1.9,0.79,1.64,2.74,3.77,2.22,3890,23.7,7039,34125,72557,83.1,62.6,48.9,31.5,49.8,86.6,1.56,62.3,9.9,5.37,2.89,90.4,222,178,9256
2021-05-07,App_A,Desktop Web,Airtel,Cloudflare,Region,VOD Series,1.57,4.22,2.36,0.78,1.53,1.82,3.88,2.1,4378,27.2,8136,39310,85117,80.5,61.2,46.7,31.4,52.5,81.9,1.83,68.6,9.4,5.77,2.87,90,271,150,10719
2021-05-07,App_B,iOS,AT&T,Fastly,Country,FAST linear,1.88,4.35,2.18,0.88,1.68,2.78,4.62,2.47,4023,23.2,7074,33781,89637,79.6,62.7,49.5,29.1,53.5,82.1,1.76,63.9,11,6.37,2.72,90.4,220,221,9369
2021-05-08,App_A,WebOS,Comcast Xfinity,Fastly,Metro,FAST linear,1.47,4.47,2.24,0.92,1.37,2.44,4.53,2.31,4957,24.2,7684,37039,78559,79.7,66.7,49.1,31,52.2,81.2,1.66,70.5,8.6,4.7,2.71,90.1,207,200,12196
2021-05-08,App_B,Tizen,Wi-Fi,Fastly,Metro,Live Sports/Events,1.85,4.67,2.05,0.93,1.77,2.4,4.02,2,4141,22.8,7279,35040,81079,81.2,64.2,48.8,29.2,51.7,86.2,2.09,66.7,10,5.24,2.76,87.9,236,197,12527
2021-05-09,App_A,FireTV,AT&T,Akamai,Metro,VOD Series,1.57,3.8,2.22,0.94,1.24,2.54,4.56,2.18,4839,24.1,7966,38476,93124,82.9,63.7,45.6,33.5,57.2,85.2,1.59,70,8.5,5.54,2.73,89.7,251,186,9854
2021-05-09,App_B,FireTV,Cellular 5G,Cloudflare,Region,VOD Movies,2.11,4.19,2.38,0.74,1.36,2.21,3.9,1.92,4210,21.3,7600,36653,78976,80.9,64.2,48.3,29.5,50.6,86.3,1.67,65.7,9.1,6.15,2.97,89.7,268,192,12599
2021-05-10,App_A,iOS,Cellular 5G,Fastly,Country,VOD Movies,1.95,4.58,1.66,0.71,1.63,1.9,4.68,1.89,4472,23.2,8480,40312,98694,83.6,65.3,44.6,34.1,54.3,82.3,1.84,68.5,10.6,4.88,2.75,88.4,221,149,11743
2021-05-10,App_B,iOS,Broadband,Cloudflare,Metro,VOD Movies,1.76,4.41,2.38,0.86,1.89,2.61,4.39,2.09,3725,25.3,6784,32796,81306,81,63.7,48.4,28.9,50.8,82.9,1.48,63.1,9.6,5.42,2.83,89.5,281,157,10588
2021-05-11,App_A,FireTV,Cellular 4G,Cloudflare,Region,Live Sports/Events,1.58,4.13,1.68,0.81,1.24,2.13,4.62,1.73,4540,24,7659,36438,78774,78.7,62.2,46.6,29.9,51.6,81.2,1.67,71,9,5.14,2.94,87.8,231,151,12095
2021-05-11,App_B,Apple TV,Wi-Fi,Cloudflare,Country,VOD Series,2.08,3.99,2.44,0.82,1.32,2.18,4.63,1.84,4377,22.6,7306,35329,78561,79.6,62.6,44.7,29,50.5,81.6,1.71,65.7,10.7,6.32,2.97,90.3,287,174,11730
2021-05-12,App_A,FireTV,Airtel,Akamai,Country,Live Sports/Events,1.49,4.19,1.77,0.77,1.19,2.06,4.4,1.68,4590,23.2,8351,39945,95179,83.7,64.7,48.8,32.8,51.2,83.5,1.61,70.6,8.1,5.08,3.18,89.5,280,192,13413
2021-05-12,App_B,FireTV,Airtel,Akamai,Country,FAST linear,1.58,3.97,2.49,0.86,1.39,2.48,3.65,1.98,3989,25.3,7609,36558,92738,80.6,60.8,45,31.8,49.2,86.3,1.73,62.6,9.9,5.58,3,90.2,260,211,12190
2021-05-13,App_A,WebOS,Cellular 5G,AWS CloudFront,Metro,VOD Series,1.75,4.52,1.75,0.82,1.57,2.38,4.36,1.79,4089,26.9,7815,37620,92367,84.3,66.8,49,30.1,56.2,80.3,1.41,66.9,9.7,5.06,2.91,89.8,254,199,13151
2021-05-13,App_B,Android,Broadband,Fastly,Country,Live Sports/Events,1.96,3.92,2.37,0.97,1.31,2.44,4.39,2.07,4610,25.2,6622,31916,67649,78.7,64.5,47.1,28.1,52.9,82.7,1.62,64.4,11.1,5.96,3.06,89.7,262,212,10908
2021-05-14,App_A,FireTV,T-Mobile,Akamai,Metro,Live Sports/Events,1.69,4.4,1.68,0.84,1.31,2.26,4.15,1.79,4089,24.2,7710,36834,84075,82.6,65.3,45.1,31,54.2,80.6,1.5,68.7,10.6,5.11,2.91,89.2,266,202,11331
2021-05-14,App_B,Android TV,Cellular 4G,Fastly,Country,VOD Movies,2.04,3.97,2.08,0.93,1.59,2.11,3.8,1.95,3868,23.3,7385,35354,77735,82.4,61.5,45.5,31.1,50.8,81.4,1.57,63.6,9.4,5.6,3.05,87.4,280,165,10254
2021-05-15,App_A,FireTV,Wi-Fi,Akamai,Metro,VOD Movies,1.86,4.1,1.85,0.76,1.49,2.56,4.26,2.25,4466,22.7,8789,42387,93198,78.3,61.9,47.3,31.7,56,81.2,1.6,67.2,10.5,4.64,2.68,90.1,254,195,14980
2021-05-15,App_B,Desktop Web,Cellular 4G,Cloudflare,Metro,FAST linear,1.71,4.52,2.54,0.96,1.53,2.77,4.6,2.12,3772,23.4,6715,32083,79927,78.2,61.1,46.5,30.1,48.6,83.2,1.7,65.7,11.4,5.94,2.59,87.7,280,177,9372
2021-05-16,App_A,iOS,Broadband,Cloudflare,Region,VOD Series,1.52,3.7,1.8,0.72,1.42,2.56,4.12,1.8,4819,25.5,8566,41170,95513,83.3,65.7,46.3,30,51.1,84.5,1.59,67,8.7,5.07,2.83,88.2,260,168,14925
2021-05-16,App_B,Tizen,T-Mobile,AWS CloudFront,Country,VOD Series,1.7,4.32,2.05,1.03,1.91,2.37,4.31,2.55,4203,24.3,7001,33343,79466,80.2,65.9,47.5,31.3,51.7,86,1.99,64.5,8.9,5.75,2.87,90.4,253,210,8623
2021-05-17,App_A,Tizen,Verizon,Fastly,Metro,VOD Movies,1.84,3.92,1.99,0.77,1.48,2.57,4,2.37,5310,22.9,7769,37312,89605,82.1,60.9,49.7,32.6,51.6,83,1.73,65.5,10.4,5.3,2.8,90.7,281,158,13021
2021-05-17,App_B,Apple TV,Wi-Fi,Fastly,Region,Live Sports/Events,1.82,4.23,1.97,0.89,1.46,2.27,4.27,1.82,4248,22.9,6850,32805,77084,78.5,63.5,48.8,28.5,51.3,81.4,1.6,65.6,9.5,5.04,2.96,88.5,243,219,12266
2021-05-18,App_A,Desktop Web,T-Mobile,Fastly,Country,VOD Series,1.83,4.51,2.36,0.89,1.48,1.84,4.37,2.07,5082,26.2,7613,36516,86034,78.3,64.2,47.1,31.8,56,82.2,1.79,67.3,10.5,5.68,2.8,89.2,205,173,11670
2021-05-18,App_B,Android TV,Wi-Fi,AWS CloudFront,Region,VOD Series,1.64,3.73,2.08,0.85,1.91,2.91,3.68,2.63,4018,22.5,6709,32243,83426,79,66.6,47.8,29.3,48.5,85.8,2.17,66.2,9.9,5.62,2.81,90.3,234,220,9708
2021-05-19,App_A,Android,Cellular 4G,Fastly,Country,VOD Movies,1.93,4.49,2.27,0.76,1.69,2.22,4.73,2.11,5191,23.5,8592,41022,93681,81.8,60.8,45.5,30.4,54.9,85.5,1.64,70.6,9,5.23,3.25,88,207,160,12329
2021-05-19,App_B,iOS,Cellular 4G,Akamai,Metro,Live Sports/Events,1.61,4.92,2.22,1.03,1.83,2.88,4.19,1.89,3634,23.3,7596,36351,86628,80.2,64,47.4,29.9,49.9,83.6,2.01,64.5,9.2,5.44,2.64,89.2,236,219,10558
2021-05-20,App_A,iOS,Comcast Xfinity,Akamai,Region,VOD Movies,1.45,3.5,2.08,0.78,1.71,2.19,4.27,1.77,5086,25.2,8200,39761,91646,84.5,63.4,45.9,33.1,54.3,80.8,1.82,67.3,8.6,5.84,2.77,89.4,220,192,12653
2021-05-20,App_B,Tizen,Airtel,Fastly,Region,VOD Series,1.9,3.89,2.61,0.93,1.4,2.63,3.83,1.9,4000,21.8,6690,32331,82183,80.9,66.5,45.4,30.6,51.4,81.9,1.77,63.5,8.9,5.19,2.56,87.5,243,205,11631
2021-05-21,App_A,iOS,AT&T,Akamai,Region,VOD Movies,1.92,4.22,1.63,0.83,1.19,2.58,4.42,2.35,4715,24.6,8687,41829,93054,79.5,65,49.5,33.5,52.9,84.2,1.47,67.9,10.2,4.98,2.77,88.7,251,170,13175
2021-05-21,App_B,WebOS,Cellular 4G,Cloudflare,Metro,VOD Series,1.98,3.76,2.43,0.98,1.67,2.25,4.66,2.55,4154,23.4,7418,35834,78755,83.3,62,46.8,30.5,48,82.7,2,67.2,9.6,5.37,2.68,90.4,269,217,12663
2021-05-22,App_A,Android,AT&T,Akamai,Metro,VOD Series,1.83,3.5,1.9,0.81,1.27,2.33,4.11,2.1,5261,25.5,8729,41873,98553,79.6,62.1,45.6,33.6,57.2,81.7,1.88,67.7,10.3,4.87,2.93,88.5,213,202,15273
2021-05-22,App_B,Apple TV,Verizon,AWS CloudFront,Metro,Live Sports/Events,1.83,4.7,2.6,0.85,1.52,2.74,4.07,2.08,3462,24.3,7284,34852,81996,82.7,64.4,48,29.1,50.7,81.1,1.9,64,11.1,5.63,2.6,90,220,209,12499
2021-05-23,App_A,FireTV,Comcast Xfinity,AWS CloudFront,Metro,VOD Movies,1.56,3.91,2.21,0.79,1.4,2.66,4.11,1.65,5313,25.3,8016,38604,95654,81.5,65.7,46.5,33.5,53.4,85,1.59,65.9,9.7,4.79,3.2,88.6,206,165,12084
2021-05-23,App_B,FireTV,Broadband,AWS CloudFront,Region,FAST linear,1.91,4.27,2.14,0.73,1.69,2.37,4.3,2.15,4403,23.3,7568,36267,87567,79.2,61.8,47.1,31.4,49.2,82.1,1.98,65.5,10.2,5.32,2.98,88.8,258,194,10427
2021-05-24,App_A,WebOS,T-Mobile,Fastly,Region,FAST linear,1.46,3.67,2.07,0.87,1.32,2.67,4.5,1.79,3986,26.7,8567,41283,102207,82.8,63.9,46.8,31.1,55.2,82.7,1.58,68.6,9.3,5.13,2.98,88.9,262,198,15412
2021-05-24,App_B,Android,Broadband,Fastly,Metro,FAST linear,1.91,4.53,1.82,0.84,1.66,2.15,4.4,1.87,4431,23.7,6563,31809,76268,82.8,62.7,49.7,32.2,52,82.9,1.76,64.9,11,6.11,2.87,90.1,267,225,10088
2021-05-25,App_A,Apple TV,Cellular 5G,Akamai,Metro,FAST linear,1.51,4.12,2.21,0.95,1.76,2.28,3.92,2.36,5293,26.3,8128,38785,84286,82.9,63,44.6,30,51.2,86.2,1.44,68.9,9.3,5.55,3.25,88.1,243,164,14579
2021-05-25,App_B,Android TV,Comcast Xfinity,Akamai,Region,FAST linear,2.08,4.4,2.45,0.95,1.72,2,4.1,2.27,3664,25.1,7164,34243,80630,79.7,62.5,47.6,28.7,52.5,81.7,1.83,67.1,10.5,5.33,2.58,89.7,279,173,9688
2021-05-26,App_A,Tizen,Comcast Xfinity,Fastly,Region,Live Sports/Events,1.83,3.66,1.86,0.81,1.69,2.25,4.67,2.14,4723,26.9,8515,41013,93552,78.2,66,48.5,32.3,51.1,83,1.37,70.9,10.2,5.01,2.74,90,232,179,14246
2021-05-26,App_B,Apple TV,Broadband,Akamai,Metro,VOD Series,1.97,3.81,2.45,0.93,1.6,2.13,4.64,2.5,4623,22.3,6715,32347,76820,84.5,63.8,46.9,28.9,52.1,85.4,1.74,66.5,11.6,5.34,3.06,89.8,263,206,9391
2021-05-27,App_A,iOS,Airtel,Cloudflare,Metro,FAST linear,1.77,4.09,2.28,0.93,1.34,2.22,4.26,2.23,4337,26.1,7757,37433,80018,80.1,65.9,49.9,31.3,52,81.5,1.93,70.5,10.2,4.92,2.84,87.5,229,174,9548
2021-05-27,App_B,Desktop Web,Wi-Fi,Fastly,Country,VOD Series,1.71,4.92,2.63,0.9,1.84,2.03,4.02,2.53,4461,22.3,6496,31049,77878,84.4,66.4,49.8,29.7,51.2,84.8,2.06,64.4,9.3,5.29,2.92,90.4,301,177,9389
2021-05-28,App_A,WebOS,Cellular 4G,Akamai,Metro,FAST linear,1.85,3.63,1.92,0.77,1.31,2.09,4.22,2.27,4727,25.5,8598,41020,88898,84.6,62.5,48.9,32.5,54.9,80.8,1.75,67.1,9.3,4.97,3.12,87.8,262,185,14572
2021-05-28,App_B,iOS,Comcast Xfinity,AWS CloudFront,Metro,FAST linear,1.9,4.7,2.26,1.05,1.62,2.86,3.73,2.54,4453,23.5,7018,33854,75431,80.8,62.6,45.5,31.8,53,86.9,1.72,67.6,11,5.54,2.56,88.4,232,194,10062
2021-05-29,App_A,Android TV,Wi-Fi,Akamai,Metro,FAST linear,1.8,3.95,2.35,0.78,1.51,1.96,4.65,1.88,4875,25.7,8665,41957,91851,83.3,65.3,45.5,33.9,52.6,81.8,1.48,68.8,10.6,5.34,2.87,89,240,156,10883
2021-05-29,App_B,Android,Cellular 5G,Akamai,Country,VOD Series,2,4.1,2.13,0.88,1.54,2.26,4.14,1.81,4055,24.7,6867,33073,82182,79.5,64,49.9,31.2,53.8,86.4,1.49,63,11.4,6.11,3.04,89.9,214,183,10509
2021-05-30,App_A,Apple TV,Broadband,Akamai,Region,VOD Movies,1.45,4.51,1.65,0.9,1.62,1.87,4.19,2.11,4205,24.3,8549,41122,97618,79.5,64.1,49.9,32.1,53.4,82.6,1.46,67.2,10.7,5.33,2.71,87.4,283,189,13322
2021-05-30,App_B,iOS,Verizon,Fastly,Region,FAST linear,1.6,4.66,1.91,0.79,1.31,2.7,3.68,2.01,4341,23.3,6536,31432,72533,81.1,61.4,49.6,31.5,53.8,81.9,1.64,63.9,11.2,5.37,2.54,89.5,233,213,8638
2021-05-31,App_A,WebOS,T-Mobile,Fastly,Country,Live Sports/Events,1.67,4.47,2.22,0.67,1.4,2.57,4.13,1.74,5253,26.7,7598,36376,86622,78.8,62.5,48.8,32.5,54.6,82,1.64,69.4,8,5.28,2.94,89.1,275,198,13566
2021-05-31,App_B,Desktop Web,AT&T,Cloudflare,Metro,VOD Movies,1.9,4.35,1.93,0.76,1.68,2.02,4.56,2.62,4126,21.3,6691,32097,69982,82.5,60.8,46.8,30.9,48.4,83.8,1.97,66.1,11,5.87,3.06,89.4,290,163,10319
2021-06-01,App_A,Android TV,Cellular 5G,Akamai,Country,VOD Movies,1.53,3.91,1.66,0.81,1.48,1.95,4.09,2.43,3996,26.3,8600,41209,109017,81.5,64.4,48.7,31.6,52,80.7,1.36,68.3,8.8,5.83,2.82,89.8,237,185,12522
2021-06-01,App_B,Android,Comcast Xfinity,Fastly,Country,FAST linear,1.98,4.12,2.46,1.04,1.73,2,4.51,2.32,3969,21.1,6894,33331,81539,80.5,63.9,48.3,31,53.8,82.6,2.09,65.2,10,6.03,2.99,88.1,302,206,12279
2021-06-02,App_A,WebOS,Cellular 5G,Fastly,Metro,VOD Series,1.79,3.95,1.87,0.7,1.68,2.3,4.29,2.13,5164,23.2,8286,39901,94150,84.2,63.9,50,34,51.8,83.2,1.37,70.8,8.9,5.01,3.15,89.1,204,166,12195
2021-06-02,App_B,Apple TV,Jio,Fastly,Metro,VOD Series,1.89,4.49,2.58,1.05,1.52,2.47,4.13,2.26,4343,23,7052,33622,77530,84.3,62.8,47.3,30.4,50.3,82,1.65,63.1,11.6,5.02,3.1,88.3,283,188,10266
2021-06-03,App_A,FireTV,Cellular 5G,Fastly,Country,Live Sports/Events,1.53,3.83,1.84,0.91,1.18,2.46,4.4,1.63,4378,25.7,8737,42267,109604,81.7,62.9,47.7,32.2,56.9,82,1.94,68.3,10.1,4.88,3.03,88.2,260,148,11101
2021-06-03,App_B,Apple TV,Wi-Fi,Fastly,Metro,VOD Series,2.05,4.79,2.3,1.04,1.74,2.27,4.19,2.46,3812,22.4,7150,34676,78479,79.4,67.1,45,29.3,52.7,81.2,1.55,66,9.6,5.6,3.1,88.3,266,181,10039
2021-06-04,App_A,FireTV,Comcast Xfinity,AWS CloudFront,Country,FAST linear,1.53,4.05,2.1,0.84,1.56,2.01,4.86,2.05,4851,23.7,8609,41092,104058,83.5,65.7,45.1,33.5,55.9,85.9,1.45,65.7,9.3,5.17,2.93,88.7,202,169,15451
2021-06-04,App_B,iOS,Jio,Akamai,Metro,Live Sports/Events,2.02,4.93,2.12,0.8,1.57,2.92,4.22,1.8,3639,23.6,6937,33039,70765,83.9,65.1,48.4,29.8,51.8,84.9,1.55,63.9,10.7,6.04,2.63,87.5,226,216,11502
2021-06-05,App_A,WebOS,AT&T,Cloudflare,Region,VOD Movies,1.82,4.15,2.1,0.74,1.73,1.83,3.93,2.19,5145,26.5,8035,38764,93469,79,61,49.4,33.9,53.2,83,1.89,70.6,9.4,4.76,3.03,90.4,203,196,10923
2021-06-05,App_B,Apple TV,Comcast Xfinity,AWS CloudFront,Country,VOD Series,1.64,4.55,2.62,0.93,1.74,2.18,3.84,2.18,3987,22.7,7560,36457,97683,84.3,67.2,48.3,29.9,51.8,80.5,1.54,63.7,10.8,5.27,2.96,90.9,219,223,13604
2021-06-06,App_A,iOS,Wi-Fi,Fastly,Metro,Live Sports/Events,1.71,4.43,2.2,0.98,1.67,2.3,4.65,1.66,5317,23,7547,35978,86047,79.2,64.6,47.9,30.1,54.7,86.5,1.6,65.2,8.3,4.61,2.71,88.4,260,160,12856
2021-06-06,App_B,iOS,AT&T,Akamai,Region,VOD Movies,1.72,4.65,2.6,0.81,1.48,2.17,3.89,2.5,3615,24.4,7376,35576,74580,81.4,62.7,44.6,31.3,52.4,82.6,1.72,62.4,10.4,5.1,2.63,87.8,300,209,9704
2021-06-07,App_A,Apple TV,Airtel,Cloudflare,Country,VOD Movies,1.61,3.87,2.02,0.83,1.37,2.54,4.23,2.3,5203,24.2,7953,38117,88904,79.8,60.9,47.7,34.2,52.6,87.1,1.85,67.9,8.7,4.64,2.79,90.7,276,179,12399
2021-06-07,App_B,Tizen,Jio,Akamai,Country,FAST linear,1.93,4.2,2.2,0.92,1.69,2.86,4.51,2.61,3493,22.7,7452,36011,88163,78.9,62.3,45.9,31.7,50.2,81.1,2.06,67.6,10.7,5.62,2.67,87.6,262,157,10177
2021-06-08,App_A,iOS,Cellular 4G,Akamai,Region,VOD Movies,1.54,3.83,1.87,0.82,1.58,1.97,4.53,1.63,4729,22.2,7814,37771,100207,80.4,66.5,48.9,32.3,57.2,85.7,1.96,68.5,8.3,4.63,2.78,89.9,227,166,10329
2021-06-08,App_B,Android,Cellular 4G,Akamai,Metro,VOD Movies,2.09,4.3,2.59,0.91,1.65,2.56,3.84,1.8,3919,21,6951,33660,76675,82.1,60.8,50,30.1,49.4,85.4,1.93,66.5,11,5.22,3.05,87.5,296,158,11338
2021-06-09,App_A,Apple TV,Wi-Fi,AWS CloudFront,Country,FAST linear,1.51,4.45,1.72,0.76,1.49,2.44,4.11,1.88,4289,26,8548,40972,86607,82.3,62.7,49.5,33.6,53.8,82.5,1.54,70.2,9.9,5.36,2.88,90.4,244,157,11077
2021-06-09,App_B,Desktop Web,Verizon,Akamai,Region,Live Sports/Events,1.57,4.23,2.18,0.81,1.56,1.97,4.44,2.49,4026,21,7386,35095,92010,78.5,63.4,48.1,28.8,53.1,80.6,1.88,67.8,9.1,6.33,2.96,88.8,283,183,12803
2021-06-10,App_A,WebOS,Comcast Xfinity,Fastly,Region,FAST linear,1.58,3.87,1.64,0.9,1.41,2.38,4.53,1.73,4941,22.6,7885,37550,93083,79.9,63.9,47.6,30.2,52.7,82.8,1.45,65.3,9.2,5.41,3.28,89,231,205,12752
2021-06-10,App_B,WebOS,T-Mobile,Cloudflare,Region,VOD Series,2.06,3.84,2.02,0.85,1.35,2.16,4.3,2.09,4032,22.2,6631,32094,85756,84.5,66.2,48.8,29.7,49.6,83.5,1.47,63.3,8.7,6.26,2.9,87.4,224,193,10687
2021-06-11,App_A,Tizen,Verizon,Akamai,Metro,Live Sports/Events,1.79,3.55,2.42,0.86,1.75,2.51,4.94,1.84,4934,26.6,7952,37989,88239,81.6,65.5,46.3,30.6,51.9,81.6,1.69,70.3,8.7,5.03,3.31,88.1,258,170,10594
2021-06-11,App_B,Android TV,Comcast Xfinity,AWS CloudFront,Country,FAST linear,1.81,4.6,1.91,0.75,1.51,2.36,4.67,2.03,4215,22.7,7481,36174,83360,79,62.2,45.4,30.2,49.3,83.4,2.07,65.3,9.4,5.38,3.06,89.2,237,199,12447
2021-06-12,App_A,Android TV,Broadband,Akamai,Region,VOD Movies,1.91,3.5,2.33,0.84,1.27,2.12,4.6,1.8,4940,26.2,8107,39122,86563,81.8,65.1,49.6,34,52.4,80.5,1.69,70.8,8.3,4.95,2.92,90,266,197,11258
2021-06-12,App_B,Tizen,Jio,AWS CloudFront,Country,Live Sports/Events,1.77,4.06,1.77,0.95,1.39,2.42,4.17,2.6,3973,21.5,7001,33313,78407,81.1,63.6,48.6,30.3,51.3,83.6,1.64,65.7,9.3,5.8,3,89.1,224,203,12268
2021-06-13,App_A,iOS,Verizon,AWS CloudFront,Region,VOD Movies,1.9,3.4,2.22,0.79,1.32,2.6,4.53,2.27,4496,25.5,8265,39679,102679,78.4,64.1,45.2,30.9,54,85.8,1.34,65.6,9.5,5.68,2.98,90.1,242,163,13182
2021-06-13,App_B,Android,Cellular 5G,Akamai,Metro,VOD Series,2.07,4.94,1.93,1.07,1.44,2.78,4.69,1.77,3719,24,7488,35599,83992,84.7,61.6,49.6,29.3,51.1,83.6,1.95,61.7,10.7,5.18,3.08,88,293,198,11086
2021-06-14,App_A,Tizen,Jio,Akamai,Region,FAST linear,1.65,3.99,2.24,0.92,1.19,2.33,4.18,1.63,5011,25.7,7900,37734,97067,79.1,61.1,45.9,33.3,54.3,85.2,1.92,68.3,10.5,5.7,2.83,89.6,219,161,12105
2021-06-14,App_B,Tizen,Cellular 5G,Fastly,Country,FAST linear,1.72,3.75,1.98,0.89,1.91,2.22,4.54,1.8,3668,23.1,7140,34342,87338,80.2,67.1,49.1,30.1,53.7,82.4,1.68,66.6,11.4,6.29,2.65,88.7,296,168,9421
2021-06-15,App_A,Tizen,T-Mobile,Fastly,Country,VOD Movies,1.92,3.57,2.01,0.79,1.3,1.83,4.25,2.17,4954,24.8,7950,37831,93092,79.5,62.1,49.2,30.6,52.6,85,1.6,67.7,8.4,5.01,3.08,89.8,219,203,14160
2021-06-15,App_B,Tizen,Verizon,Cloudflare,Country,VOD Series,1.86,4.75,2.2,1.07,1.28,2.21,3.86,2.27,4151,24.9,7381,35124,90309,78.7,66.3,48.1,31.8,51.7,87.1,1.66,63.8,11.3,5.41,2.99,87.4,277,217,9228
2021-06-16,App_A,Tizen,Airtel,Akamai,Metro,Live Sports/Events,1.67,3.79,2.1,0.97,1.3,2.49,4.24,2.18,4658,22.5,8233,39699,102135,83.5,67.2,47.3,32.4,55.5,86.2,1.38,70.2,10.1,5.43,2.76,89.1,244,156,13311
2021-06-16,App_B,Tizen,Airtel,Akamai,Metro,VOD Series,1.93,4.88,1.82,0.96,1.35,2.33,4.65,1.76,3809,21.7,6552,31549,73079,82.1,66.2,49.6,29.9,51.2,86,1.82,67.9,10.6,5.07,2.73,90.8,298,158,8601
2021-06-17,App_A,Android,Verizon,Fastly,Region,VOD Movies,1.54,3.76,1.94,0.75,1.22,2.27,4.97,2.14,4783,26,8624,41194,94159,80.2,64.9,45.6,30.3,57,84.8,1.77,68.1,8,5.08,2.85,89.1,226,146,12447
2021-06-17,App_B,Apple TV,Comcast Xfinity,AWS CloudFront,Country,VOD Series,1.88,4.35,2.33,1.05,1.73,2.19,3.86,2.17,3810,23.4,6630,31628,85192,84.3,63.9,49.4,31.6,51.7,85.7,1.82,66.2,10.2,5.48,2.65,89.1,304,201,11108
2021-06-18,App_A,Desktop Web,Broadband,AWS CloudFront,Country,VOD Movies,1.63,3.53,2.1,0.87,1.51,2.57,3.96,1.79,4363,25.9,8589,41179,88428,83.3,61.3,47,30.9,55.7,84.4,1.97,66.4,10.6,5.34,3,88.4,271,193,12929
2021-06-18,App_B,Desktop Web,Cellular 5G,Akamai,Country,VOD Series,1.7,4.47,2.44,0.75,1.33,2.05,4.57,1.76,3645,21.1,7457,36141,78734,79.6,63.7,49.5,28.5,50.4,83,1.64,63.8,11.2,6.04,2.77,89.8,225,188,11456
2021-06-19,App_A,Tizen,Comcast Xfinity,Akamai,Country,FAST linear,1.82,4.35,2.18,0.91,1.58,2.57,4.39,2.02,4402,23.8,8603,40869,104733,80,63,48,34.1,51.7,84.5,1.72,65.2,8.3,5.43,2.74,87.9,239,194,15460
2021-06-19,App_B,Apple TV,Airtel,Fastly,Metro,VOD Series,1.57,4.66,1.79,0.8,1.38,2.44,4.17,2.58,3451,24,7423,35804,93867,81.3,61,45.5,28.5,52.5,81.3,1.64,64.6,10.4,5.79,2.6,89.2,284,168,12815
2021-06-20,App_A,iOS,Broadband,Akamai,Region,FAST linear,1.49,3.45,1.72,0.81,1.6,2.61,4.52,1.88,4704,24.7,7706,36772,87434,81.1,63.5,45.7,34.6,55.4,81.1,1.38,66.3,10.4,4.82,2.94,87.4,245,158,11542
2021-06-20,App_B,Desktop Web,Cellular 5G,AWS CloudFront,Metro,VOD Movies,2.02,4.3,2.3,0.85,1.45,2.48,4.68,1.76,4474,25.1,6695,32342,86590,81.5,62.2,49.5,31.8,54.1,80.8,1.59,66.7,10.7,5.67,2.58,90.6,264,165,11822
2021-06-21,App_A,Apple TV,Jio,Akamai,Metro,FAST linear,1.89,3.68,2.12,0.87,1.51,2.48,4.54,1.97,5130,25.4,7717,37151,95134,82.4,61.8,46,32.4,56.7,85.7,1.73,67.2,9.7,4.81,2.94,89,269,193,12408
2021-06-21,App_B,Desktop Web,T-Mobile,Fastly,Metro,VOD Series,1.94,4.38,2.05,0.79,1.6,2.79,3.92,2.29,3484,23,6557,31793,73279,80.8,64.7,48.7,29.8,52.5,82.7,1.67,63.9,9.8,5.2,2.86,90.7,224,202,8617
2021-06-22,App_A,Apple TV,Jio,Akamai,Metro,VOD Movies,1.69,3.54,2.05,0.71,1.18,2.6,4.05,2.02,4047,26.5,8618,41462,88681,82.3,64.9,49.2,33.4,53.2,84.4,1.89,67.8,9.3,5.73,3.13,90.1,279,180,14137
2021-06-22,App_B,Tizen,Comcast Xfinity,Fastly,Metro,FAST linear,2.05,4.16,2.23,1,1.45,2.13,3.94,2.04,3797,23.2,7053,34028,75179,79.8,64.2,48,29.9,48.7,85.9,1.88,66.9,8.8,5.75,2.72,88.5,295,183,12128
2021-06-23,App_A,Desktop Web,Airtel,Cloudflare,Country,VOD Movies,1.66,3.38,2.31,0.78,1.21,2.16,4.99,2.05,4336,26.4,8058,38426,82936,84.4,61.6,44.7,34.3,57.5,81.8,1.34,71.5,8.4,5.12,3.24,90.8,243,195,12632
2021-06-23,App_B,Apple TV,Wi-Fi,AWS CloudFront,Metro,VOD Series,1.61,3.74,1.87,0.88,1.37,1.97,4.39,1.86,4529,23.7,6886,33064,85560,82.3,64.7,47.6,30.6,51.9,85,1.45,67.3,10.6,5.29,2.82,88.3,225,156,9627
2021-06-24,App_A,FireTV,Wi-Fi,AWS CloudFront,Metro,VOD Movies,1.67,4.52,1.77,0.91,1.45,2.38,4.42,1.79,4525,22.2,8703,41599,87344,78.6,63.2,50,30.2,57.4,86.1,1.69,67.8,8.8,5.53,2.85,88.4,220,170,14973
2021-06-24,App_B,Tizen,Cellular 4G,Cloudflare,Region,VOD Movies,1.75,3.8,2.5,0.88,1.76,2.85,4.3,2.17,4332,23.6,6927,33052,86281,84.2,62.8,46.2,29.4,51.9,83.9,1.76,63.6,10.1,6.29,2.92,90.5,295,221,11818
2021-06-25,App_A,iOS,Cellular 5G,Cloudflare,Metro,Live Sports/Events,1.45,3.57,2.15,0.91,1.41,1.83,4.95,1.91,5270,24.2,8457,40823,91418,79.7,63.1,46.8,32.3,55.8,82.5,1.88,69.7,10.5,5.15,3.05,88.3,281,196,14241
2021-06-25,App_B,iOS,Wi-Fi,AWS CloudFront,Region,VOD Movies,1.91,4.49,2.05,0.74,1.37,2.55,4.32,1.85,4347,23.6,7135,34104,88961,81.8,65.4,46.7,28.8,53.6,81.5,2.07,63.7,9.2,5.21,2.74,90.8,254,221,11072
2021-06-26,App_A,iOS,T-Mobile,AWS CloudFront,Region,VOD Movies,1.5,4.07,2.12,0.7,1.36,2.24,4,2.3,4420,26.7,8308,39839,85082,80.9,65.1,45.9,31.2,51.3,86.3,1.47,68.3,9.6,4.68,3.19,87.8,243,192,10176
2021-06-26,App_B,WebOS,Jio,AWS CloudFront,Metro,VOD Series,1.6,4.72,2.39,0.75,1.82,1.96,4.08,2.55,3665,20.8,6548,31587,80066,80.8,64.1,48.5,32.1,49,81,1.71,66.4,10,5.12,2.68,90.8,251,171,10345
2021-06-27,App_A,Apple TV,Broadband,Fastly,Country,VOD Movies,1.58,3.46,2.23,0.95,1.45,2.28,4.82,2.1,4220,25.3,8326,39764,103253,83.6,66.3,48.1,34.4,52,82.1,1.84,71.2,8.9,4.97,2.74,89.8,215,194,13830
2021-06-27,App_B,Desktop Web,AT&T,Fastly,Metro,FAST linear,1.66,4.55,2.47,0.77,1.78,2,4.68,1.95,4307,21.3,7069,33964,73801,81.7,64,49.1,30.2,51.8,84.1,2.08,64.5,9.5,5.64,3.02,89,266,194,11023
2021-06-28,App_A,Desktop Web,Cellular 4G,AWS CloudFront,Region,FAST linear,1.62,3.85,1.8,0.86,1.29,1.88,4.04,2.19,5114,23.5,7718,37432,80905,79.4,62.1,46,31,51.7,86.2,1.95,70,9.6,5.02,3.14,88,248,173,12929
2021-06-28,App_B,Apple TV,Jio,AWS CloudFront,Country,VOD Movies,1.8,4.7,2.35,1.07,1.47,2.46,3.76,1.79,4493,23.5,7569,36279,88266,79.2,67.3,49.5,29.5,52.5,82,1.58,65.3,9.7,6.24,3,88.4,263,157,11850
2021-06-29,App_A,FireTV,Verizon,AWS CloudFront,Country,Live Sports/Events,1.81,3.37,2.38,0.9,1.44,2.23,4.43,1.84,5194,25.5,8193,39077,87504,81.3,64.5,48.9,32.9,53.3,83.7,1.63,68.8,8.3,5.4,2.89,90.9,232,185,13454
2021-06-29,App_B,Android TV,T-Mobile,AWS CloudFront,Country,VOD Movies,2.01,4.18,2.54,1,1.76,2.51,4.1,2.61,3830,23.9,7409,35363,79880,82.4,62.2,46.5,30.1,49.7,81.8,1.92,67,10.9,5.21,3.13,88.9,235,215,11424
2021-06-30,App_A,Android,Airtel,Akamai,Region,Live Sports/Events,1.63,3.37,2.14,0.89,1.69,2.4,3.99,1.85,5324,26.1,8581,41187,98050,81.4,63.9,45.6,34.5,54.7,85.4,1.6,69.2,10,5.3,3.05,87.6,249,193,12234
2021-06-30,App_B,Apple TV,Jio,AWS CloudFront,Region,VOD Movies,1.56,4.84,2.38,0.77,1.89,2.32,3.89,1.79,4235,22.5,6770,32343,86239,82.8,62.7,45.7,29.2,51.4,81.6,1.96,63.1,10.6,5.3,2.82,88.7,248,161,9408
2021-07-01,App_A,Desktop Web,Broadband,Cloudflare,Region,FAST linear,1.78,3.75,1.86,0.9,1.53,2.09,4.99,1.85,5198,24.4,8312,39568,101542,79,67.3,45.4,33.4,56.2,82.7,1.93,66.2,8.8,4.74,3.04,89,199,194,12032
2021-07-01,App_B,Apple TV,AT&T,Akamai,Country,Live Sports/Events,2.05,4.49,2.16,0.82,1.58,2.08,4.31,1.9,3786,21.5,7370,35282,87816,81.3,61.9,46.5,29.3,51.8,80.9,1.55,68,9.8,6.17,2.96,89.1,304,210,9163
2021-07-02,App_A,Apple TV,Airtel,AWS CloudFront,Metro,FAST linear,1.78,3.97,1.62,0.73,1.26,2.39,4.76,1.61,4188,23.8,8743,41919,105207,84.2,61,47.4,31.2,54.6,83.2,1.47,69.9,10.2,5.04,2.86,87.7,260,151,12614
2021-07-02,App_B,Android,Cellular 4G,Cloudflare,Metro,VOD Series,1.6,4.21,2.16,0.75,1.74,2.38,3.81,1.9,3454,22.7,6780,32815,78746,83,61.6,46.1,31,51.3,86.5,2.02,62.4,9.8,6.09,2.93,90.6,256,174,8502
2021-07-03,App_A,Desktop Web,Verizon,AWS CloudFront,Country,Live Sports/Events,1.54,4.23,2.3,0.67,1.49,2.31,5.01,1.84,4580,26,8090,38746,81315,81.1,63.1,48.7,30.2,55.6,81.8,1.65,66.4,10.4,4.9,3.18,87.7,272,148,12418
2021-07-03,App_B,Desktop Web,Airtel,Akamai,Country,FAST linear,2.07,3.85,1.79,0.97,1.46,2.09,4.41,2.32,4607,22.6,6745,32306,75480,78.7,63.3,48.1,30.5,50.3,81,1.53,65.9,10.1,5.15,2.79,90.9,221,199,11243
2021-07-04,App_A,Android TV,Comcast Xfinity,Cloudflare,Country,VOD Movies,1.62,3.63,2.1,0.93,1.61,2.65,4.51,2.13,5159,22.7,8867,42658,97930,80,67.4,48.5,32.9,54.4,83.9,1.37,69.8,8.6,5.09,2.95,88.3,200,147,15821
2021-07-04,App_B,Android TV,T-Mobile,Cloudflare,Region,Live Sports/Events,1.9,3.94,2.41,0.95,1.65,2.1,4.49,2.38,4601,22.6,7545,36434,86800,82.6,65.3,46.2,30.7,51.1,87,1.63,65.7,11.3,5.43,2.59,88.2,216,169,13051
2021-07-05,App_A,WebOS,Cellular 5G,AWS CloudFront,Region,FAST linear,1.45,4.44,1.61,0.84,1.28,1.91,4.23,1.95,5128,26.6,7649,36568,95260,78.7,66.1,49.3,31.1,53.5,80.6,1.34,65.8,9.2,5.15,2.78,89.1,215,153,12977
2021-07-05,App_B,FireTV,AT&T,Fastly,Region,VOD Series,1.9,4.45,2.3,0.79,1.85,2.54,4.29,2.49,3933,21,7030,33863,76501,78.6,64.5,48.7,30.7,51.2,82.8,1.48,64.7,9.4,5.12,2.68,88.6,249,161,11906
2021-07-06,App_A,FireTV,Jio,Cloudflare,Metro,VOD Movies,1.58,3.79,1.68,0.92,1.6,2.21,4.86,2.21,5146,24.8,8799,42558,112368,79.9,63.6,44.7,31.9,51.2,85.7,1.71,71.3,8.9,5.17,2.97,89.1,278,158,13688
2021-07-06,App_B,Android TV,T-Mobile,AWS CloudFront,Country,VOD Movies,1.54,4.42,2.42,1.05,1.49,2.32,4.25,2.58,4379,22.5,6976,33737,84038,79.8,65.6,49.5,32.1,49.8,87.1,2.1,63.7,9.8,5.69,2.88,87.6,218,191,12123
2021-07-07,App_A,Android,Comcast Xfinity,AWS CloudFront,Metro,Live Sports/Events,1.52,3.84,1.76,0.86,1.51,2.62,4.58,1.88,4244,26.6,8829,42759,98276,78.5,63.3,47,34.3,52.6,82.5,1.95,66.6,9.3,5.68,2.78,90.9,220,188,10683
2021-07-07,App_B,FireTV,Cellular 5G,Cloudflare,Metro,FAST linear,1.71,4.44,1.74,1.07,1.27,2.72,3.84,2.01,4259,23,7173,34553,85514,84,64.8,50.3,29.1,50.7,81.7,1.88,67.9,10.9,6.18,3.14,88.7,212,204,11480
2021-07-08,App_A,iOS,AT&T,AWS CloudFront,Country,VOD Movies,1.92,4.09,2.04,0.85,1.45,1.93,4.25,1.91,5365,26.3,8256,39713,99083,84.3,65.3,45.5,32.5,51.5,85.2,1.97,69.1,8.8,4.64,3.12,87.5,223,142,14033
2021-07-08,App_B,Tizen,Jio,Cloudflare,Country,Live Sports/Events,1.67,3.68,1.75,0.98,1.37,2.26,4.69,2.1,3667,25.5,7021,33676,76431,81.8,67.4,47.2,29.8,51.9,83.2,1.71,64.5,10.8,6.07,2.81,90.2,222,189,9837
2021-07-09,App_A,Desktop Web,AT&T,Akamai,Metro,Live Sports/Events,1.84,3.57,2.06,0.71,1.41,2.08,4.51,1.8,4333,26.6,7908,38096,90905,80.4,65.7,47.7,34.6,53.3,85.2,1.88,65.6,10.1,4.83,3.36,89.3,265,196,13200
2021-07-09,App_B,FireTV,Cellular 5G,Cloudflare,Region,FAST linear,1.86,4.89,2.5,0.82,1.45,2.77,4.32,2.16,3592,22.3,6761,32611,73591,81.6,63.9,48.1,29.8,52.5,81,1.8,66.6,11.2,6.19,3.1,88.7,272,173,8973
2021-07-10,App_A,Android,Comcast Xfinity,Fastly,Metro,Live Sports/Events,1.55,4.04,2.06,0.68,1.27,2.12,4.63,2.21,5087,25.7,8700,41874,101871,80.5,61.3,50.1,30.9,56.5,82.3,1.79,71.1,10.4,5.77,3.23,89.7,235,202,10900
2021-07-10,App_B,Android,Jio,Akamai,Country,Live Sports/Events,1.79,4.03,2.4,0.76,1.71,1.95,4.69,2.4,4182,22,6754,32727,80234,81.2,62.9,49.9,32.4,53.7,84.3,1.87,67.7,10.7,5.57,2.99,88.1,259,194,9870
2021-07-11,App_A,Apple TV,Broadband,Akamai,Country,Live Sports/Events,1.46,3.64,1.66,0.88,1.23,2.44,4.46,2.2,4928,24,8580,41269,99931,84.1,63.8,45.5,30.7,57.4,84.8,1.45,68.9,8.6,5.55,3.19,90.8,205,199,11571
2021-07-11,App_B,Android TV,AT&T,AWS CloudFront,Metro,VOD Series,1.66,4,2.49,0.9,1.6,2.33,4.41,2.02,4244,24.5,6862,32801,72944,78.6,65.4,45,30.9,50.8,82.1,1.91,63.2,8.7,5.81,2.77,87.9,213,195,11319
2021-07-12,App_A,iOS,Cellular 5G,Cloudflare,Metro,Live Sports/Events,1.49,3.8,1.88,0.84,1.19,2.08,4.25,1.94,4941,26.1,8372,40332,95142,79.9,62.6,50.1,31.7,57.6,84,1.47,66.7,8.2,4.74,3.14,88.7,210,159,12393
2021-07-12,App_B,Tizen,Verizon,Cloudflare,Region,FAST linear,1.88,4.84,1.94,0.74,1.45,2.09,4.58,1.82,4474,20.9,7662,36399,84459,79.8,66.6,48.3,31.5,52.6,84.6,1.79,65.2,10.1,4.98,2.94,88.8,296,188,12954
2021-07-13,App_A,FireTV,Wi-Fi,AWS CloudFront,Country,VOD Series,1.83,3.7,2.36,0.91,1.3,2.62,4.81,1.86,4611,26.7,8446,40409,92725,81.1,64.8,47.8,31,51.3,84,1.48,67.8,8.3,5.17,3.36,87.6,249,195,11460
2021-07-13,App_B,iOS,Jio,Akamai,Region,VOD Movies,1.92,3.92,2.37,0.79,1.51,1.94,4.09,2.24,3547,24.3,6669,31885,84719,81.9,61.2,46,32.7,50.9,85.5,2.12,67.5,11.4,6.1,2.7,90.3,235,178,10930
2021-07-14,App_A,Android,Cellular 4G,Cloudflare,Metro,VOD Movies,1.84,4.53,1.85,0.76,1.48,1.81,4.34,2.15,5236,26,8930,43158,89318,79.2,63.5,49,31.4,56.1,81.5,1.5,69.4,8.6,4.79,3.29,89.5,236,192,14024
2021-07-14,App_B,Tizen,Jio,Cloudflare,Metro,FAST linear,1.86,4.79,2.1,0.83,1.85,2.12,4.72,2.22,4374,23.2,6720,32570,74063,79,64.1,49.6,31.9,49,81.7,2.12,63.3,8.6,5.85,3.1,88,271,193,9214
2021-07-15,App_A,Apple TV,AT&T,Akamai,Region,Live Sports/Events,1.54,3.76,2.37,0.81,1.45,2.27,4.16,1.75,4310,23.8,8371,40571,107691,80.6,61.2,46.7,31,54.1,87,1.34,71.9,8.5,5.31,2.82,89.6,201,202,12171
2021-07-15,App_B,Android TV,Comcast Xfinity,Fastly,Country,VOD Series,2,3.94,1.96,0.88,1.47,2.87,4.61,1.93,4177,23.2,6854,33220,86335,84.4,65.4,49,30.8,49.4,86.5,1.73,65.8,9.1,5.99,2.9,90,215,195,9150
2021-07-16,App_A,Android,Cellular 4G,Fastly,Metro,FAST linear,1.77,3.92,1.71,0.89,1.72,2.03,4.54,2.19,4159,23.2,8248,39992,93553,80.1,66.9,45.8,34.1,54.1,87.2,1.5,71.4,10.5,4.57,3.18,90.5,240,193,13161
2021-07-16,App_B,Tizen,Wi-Fi,AWS CloudFront,Country,Live Sports/Events,1.65,4.78,2.08,0.89,1.5,2.23,4.69,2.32,4005,22.5,7663,36557,76699,81.2,64.5,50.1,29.1,50.2,84.2,1.46,67.2,10,5.64,2.92,87.7,214,201,12846
2021-07-17,App_A,iOS,Cellular 5G,AWS CloudFront,Metro,Live Sports/Events,1.77,4.15,2.25,0.84,1.34,2.44,4.42,2.28,4562,25.1,8701,41889,92038,79.6,63,45.3,33,53.6,85.4,1.45,66,9,5.52,3.11,91,269,191,14726
2021-07-17,App_B,Tizen,Airtel,Akamai,Region,FAST linear,1.81,4.32,2.42,0.86,1.65,2.06,3.81,2.57,4603,22.1,7113,33842,91745,83.3,67.2,45.2,32.2,49.3,85.4,2.03,63.9,9.5,5.69,2.92,90.5,265,171,11873
2021-07-18,App_A,iOS,Comcast Xfinity,Cloudflare,Region,VOD Movies,1.49,4.07,2.05,0.72,1.7,1.86,4.4,1.79,5090,23.9,8740,41799,89167,79.3,66.9,46.4,31.1,53,83.6,1.61,68.2,8.8,5.79,2.99,89.1,251,179,13447
2021-07-18,App_B,Apple TV,Comcast Xfinity,AWS CloudFront,Region,VOD Movies,2.05,3.8,2.14,0.73,1.6,2.46,3.98,2.55,4345,24.9,7321,34944,82133,82.9,61.4,45.7,30.7,49.1,87.2,1.83,63.1,9.7,5.53,3.02,90.6,269,208,12604
2021-07-19,App_A,Desktop Web,Verizon,Akamai,Country,FAST linear,1.45,4.4,1.88,0.74,1.44,2.51,4.2,2.16,4938,23,7914,37935,87431,79.3,62.1,46.8,32.3,51.5,83.4,1.49,67.6,9.3,5.08,2.82,90.2,223,190,14003
2021-07-19,App_B,Tizen,Comcast Xfinity,Akamai,Region,VOD Series,1.55,4.31,2.03,0.83,1.82,2.53,3.96,2.09,3922,21.9,7533,36483,90517,84.1,65.2,45.1,31.7,54.3,84.5,1.87,62,9.9,5.5,2.93,87.7,243,201,9601
2021-07-20,App_A,iOS,Jio,Fastly,Metro,FAST linear,1.69,3.72,1.67,0.84,1.61,2.4,4.66,1.76,4611,23.1,8023,38149,100388,78.8,65.4,45.7,33.2,52.7,84.4,1.55,69.2,8.9,4.83,3.03,89.3,239,149,9678
2021-07-20,App_B,FireTV,T-Mobile,Akamai,Country,VOD Movies,1.64,4.22,2.08,0.92,1.43,2.53,4.44,2.52,4610,24.3,7250,34579,93131,78.9,61.3,49.4,28.8,50.7,82.1,1.66,66.6,10.3,5.37,2.69,87.6,268,200,10913
2021-07-21,App_A,Tizen,Verizon,Akamai,Metro,FAST linear,1.73,4.38,2.1,0.66,1.7,2.53,4.54,2.22,4221,25.9,8776,41905,103273,83.7,66.1,45,33.7,55.2,86.4,1.88,67.5,9.9,5.59,2.85,89.2,235,179,12989
2021-07-21,App_B,Apple TV,AT&T,AWS CloudFront,Metro,VOD Movies,1.59,3.65,2.18,0.95,1.27,2.13,3.91,1.74,4358,21,7260,34700,78136,78.8,66.1,48.9,30.9,53.4,84.6,1.94,63.3,11.4,5.59,2.73,88.1,296,212,9531
2021-07-22,App_A,Tizen,Cellular 5G,Cloudflare,Metro,Live Sports/Events,1.71,3.83,2.39,0.69,1.37,2.06,4.92,2.06,4527,24,7925,37651,86614,82.2,63.3,46.1,34.8,57.1,81.3,1.37,67.3,10,5.09,2.81,87.6,274,165,11451
2021-07-22,App_B,Android TV,Jio,Cloudflare,Country,FAST linear,1.69,4.31,2.55,0.92,1.68,1.95,4.51,2.07,3691,22,7388,35752,79520,83.5,63.6,44.9,29.8,50.9,84.8,1.54,63,10.4,6.08,3.06,88,265,160,10660
2021-07-23,App_A,iOS,Cellular 5G,Fastly,Region,VOD Series,1.88,4.19,1.84,0.87,1.39,2.61,4.81,1.64,4376,24.6,8274,39412,89785,81,66.8,49.6,33.6,55.3,82.3,1.53,69,10.4,5.65,2.79,88.6,255,149,11487
2021-07-23,App_B,Android,AT&T,AWS CloudFront,Region,FAST linear,1.58,3.82,2.09,1.01,1.52,2.09,4.59,2.35,4240,24.1,7405,35674,94096,79.8,62.5,49.6,30.1,48.7,85.5,2.04,65.4,9.6,5.9,3.06,88.2,287,185,12196
2021-07-24,App_A,FireTV,Wi-Fi,AWS CloudFront,Region,VOD Series,1.73,4.34,1.94,0.94,1.41,1.89,4.26,2.1,4691,23.4,7981,38127,98060,82.2,65.5,47.2,31.5,56.9,80.9,1.69,69.1,9.3,4.94,2.78,87.8,235,142,12186
2021-07-24,App_B,Desktop Web,Comcast Xfinity,Cloudflare,Country,VOD Movies,2.06,4.23,2.47,0.93,1.83,2.85,3.81,2.38,3536,21.1,7154,34553,77127,84,65.6,45.2,31.6,52.8,81.9,2.1,63,10.6,5.09,2.84,88.5,247,192,9752
2021-07-25,App_A,Tizen,Jio,Akamai,Metro,Live Sports/Events,1.61,4.21,2.31,0.88,1.19,2.12,4.71,1.64,4999,26.2,8030,38471,97999,81.4,61.5,45.9,31.3,53.5,84.9,1.32,66.6,9.6,5.39,2.95,89.9,211,162,11429
2021-07-25,App_B,Tizen,AT&T,AWS CloudFront,Country,VOD Series,1.53,4.52,2.56,0.85,1.73,2.45,3.85,2.21,4490,25,6843,32992,69067,82.7,63,45.7,29.3,51.5,83,2,65.8,9,6.02,3.15,89.8,297,200,8306
2021-07-26,App_A,Desktop Web,Airtel,AWS CloudFront,Metro,VOD Movies,1.45,4.37,1.93,0.83,1.23,1.8,4.81,2.31,4518,26,8307,39671,85098,79.3,65.9,48.9,34,57.1,84,1.95,66,8.9,4.74,3.21,90.8,244,186,14933
2021-07-26,App_B,Apple TV,Cellular 5G,Cloudflare,Country,VOD Series,1.9,4.76,2.5,0.72,1.38,2.55,4.38,2.53,3526,21.5,6738,32265,77141,84.1,65,45.7,31.9,52.7,81.4,1.91,67,10,5.07,3.15,89.8,215,174,11051
2021-07-27,App_A,Tizen,Comcast Xfinity,Cloudflare,Region,VOD Movies,1.82,3.8,1.68,0.72,1.68,2.29,5.04,1.87,4695,25.4,8878,42798,100802,79.5,66.2,49.4,34.2,54.5,81.2,1.45,67.7,9.4,4.6,3.23,88.2,238,164,11684
2021-07-27,App_B,Tizen,Cellular 5G,AWS CloudFront,Region,VOD Series,1.88,3.89,2.27,0.96,1.29,2.49,4.51,2.03,4244,24.8,6750,32473,82371,78.7,63.7,49.2,30.7,50.3,81.1,1.45,66.3,9.7,4.99,3.18,90.8,296,155,8870
2021-07-28,App_A,Android,Wi-Fi,Akamai,Country,VOD Movies,1.42,3.38,2.16,0.72,1.57,2.52,4.76,2.1,4866,23.9,7965,38154,84510,81.8,67.3,46.6,33.6,56.5,81.1,1.56,70,8.7,5.15,3.31,88.1,243,173,13349
2021-07-28,App_B,Android TV,AT&T,Akamai,Region,VOD Series,1.86,4.19,2.41,0.93,1.35,2.58,4.63,2.19,3702,21.9,7481,36138,86790,81.7,63.2,50.1,30.2,51,86.1,2.12,64.9,11.4,6.14,3.11,90.1,289,173,10038
2021-07-29,App_A,Android,Comcast Xfinity,Fastly,Region,VOD Movies,1.63,3.59,1.98,0.96,1.49,2.26,5.04,2.17,4079,25.6,8433,40263,98857,84.8,67.5,47.5,33.3,52.9,82.1,1.63,65.6,8.2,4.75,3.4,88.7,275,170,11065
2021-07-29,App_B,FireTV,T-Mobile,Fastly,Country,Live Sports/Events,1.71,4.23,2.09,0.9,1.86,2.8,4.15,2.49,4576,22.5,7290,34742,86006,80.6,65.8,47.7,32,51.7,85.9,2.07,67.5,9.5,5.3,2.83,88.7,250,191,12834
2021-07-30,App_A,FireTV,Jio,Akamai,Country,VOD Series,1.48,3.75,1.93,0.75,1.44,2.54,4.83,2.26,5096,23.2,7716,36742,99041,82.6,64.5,47.5,33,55.2,86.4,1.56,65.9,10.3,4.63,3.13,88.1,250,196,10416
2021-07-30,App_B,Android,T-Mobile,Cloudflare,Region,FAST linear,1.91,3.95,2.08,0.74,1.87,2.34,3.99,2.41,4055,23.2,6911,32888,79058,84.9,64.2,46.3,29.3,54,82.6,1.42,66.1,9.2,5.81,2.8,88.7,235,177,8535
2021-07-31,App_A,Android,Broadband,Fastly,Region,FAST linear,1.45,3.34,2.11,0.67,1.51,2.31,4.53,2.34,4354,23.1,8495,41092,98681,81.5,62.3,45.1,32.6,57.7,84,1.75,70.1,9.9,5.49,2.86,88.5,237,181,14222
2021-07-31,App_B,Android TV,Broadband,AWS CloudFront,Country,FAST linear,1.61,4.4,2.09,0.92,1.31,2.26,4.16,2.47,3924,24.2,6839,32915,84309,83.4,65.4,46.4,31.3,48.9,80.9,2.03,64.9,9.4,4.95,2.93,89.4,254,164,11712
2021-08-01,App_A,Android TV,T-Mobile,Fastly,Region,VOD Series,1.47,3.95,2.36,0.8,1.22,2.13,4.6,2.3,4109,25.2,7876,38049,85358,84.3,65.8,48.5,31.7,57.3,84.9,1.75,66.8,8.7,4.9,3.05,90.1,208,192,11508
2021-08-01,App_B,Apple TV,Jio,Fastly,Region,VOD Series,1.68,4.59,2.54,0.8,1.65,2.76,4.7,2.09,4064,22.3,7078,34102,91191,84.3,67.1,46.7,30,53.3,84.7,1.7,67.1,9.4,5.36,2.96,91,250,179,9977
2021-08-02,App_A,Desktop Web,T-Mobile,Akamai,Metro,VOD Series,1.6,4.03,1.66,0.7,1.6,2.08,4.51,1.82,5251,22.8,8332,39987,106388,82.2,65.7,49.3,35,51.5,84.9,1.44,69.8,8.7,5.16,3.2,90.4,270,165,12790
2021-08-02,App_B,Tizen,T-Mobile,Akamai,Country,Live Sports/Events,1.92,3.76,1.9,0.91,1.59,2.75,4.72,1.84,3802,24.8,7086,33802,84668,79.6,66.9,46.3,30.8,49,81.6,1.81,68.1,8.7,5.66,2.82,87.8,267,153,12714
2021-08-03,App_A,FireTV,Jio,AWS CloudFront,Metro,VOD Movies,1.67,3.83,1.69,0.88,1.24,2.13,4.8,1.61,5292,23,7880,37606,80117,82.2,62.6,47.1,33.7,52.1,83.1,1.88,71.4,10.3,5.17,2.81,87.9,269,193,13209
2021-08-03,App_B,WebOS,Verizon,Fastly,Metro,Live Sports/Events,1.54,3.66,1.8,1.04,1.37,2.08,4.1,2.15,4125,21.5,7047,33686,78531,78.6,65.1,48.6,31,49.2,84.1,1.95,65,10.6,5.08,3.17,90.9,259,159,10425
2021-08-04,App_A,FireTV,Wi-Fi,Cloudflare,Country,FAST linear,1.45,3.44,1.62,0.89,1.7,1.99,4.17,1.59,4971,23,8521,40969,85407,83.9,62.5,49.9,34.7,56.9,82.7,1.95,71.2,9.1,5.13,3.02,89.6,224,172,11863
2021-08-04,App_B,WebOS,AT&T,AWS CloudFront,Metro,FAST linear,1.64,4.21,2.57,0.83,1.84,2.15,3.77,2.36,4588,20.9,6767,32677,70398,79.6,63.6,48.3,30.4,54.8,83.6,1.53,64.5,9.7,5.54,2.97,89.4,263,172,10959
2021-08-05,App_A,iOS,Jio,AWS CloudFront,Metro,VOD Series,1.73,4.5,2,0.67,1.73,2.55,5.05,1.87,4183,22.4,7914,37690,101371,82.2,64.9,50.1,32.2,55.5,82.4,1.57,69.9,10.3,5.26,3.4,90.9,194,147,9842
2021-08-05,App_B,FireTV,Cellular 5G,Akamai,Country,Live Sports/Events,1.68,4.43,1.97,0.72,1.71,2.32,4.51,1.8,3943,23.3,6634,31784,71148,82.8,67.6,50.4,31.8,51.8,85.1,1.42,63.9,9.9,5.51,2.99,90.1,234,209,10366
2021-08-06,App_A,WebOS,Airtel,Fastly,Metro,VOD Series,1.48,3.72,2.35,0.87,1.71,2.16,4.41,2.38,5269,26.7,8905,42315,101810,83.5,63.1,45.8,33,57.6,82.3,1.32,67.6,8.4,4.7,2.89,91.1,204,144,11881
2021-08-06,App_B,Tizen,AT&T,Cloudflare,Region,VOD Series,1.93,4.2,2.25,0.78,1.68,2.45,4.05,1.82,4665,24.3,7251,34883,90532,81.2,67.6,48,30.8,49.1,85.6,1.59,62.6,11.3,5.59,2.96,91.1,243,208,9125
2021-08-07,App_A,Android TV,Cellular 5G,Cloudflare,Country,VOD Movies,1.44,3.46,2.37,0.72,1.44,2.3,4.41,1.84,5135,25.3,8690,41950,97375,81.8,65.7,47.2,31.5,54.1,82.2,1.84,69.9,9.3,5.28,3.28,90.7,250,165,10728
2021-08-07,App_B,Desktop Web,T-Mobile,Fastly,Metro,FAST linear,1.7,4.44,1.72,0.98,1.65,2.74,4.02,2.36,4657,21.2,6975,33638,71345,79.6,63.3,46.5,32.7,50.4,83.3,1.62,68.1,8.6,5.76,3.07,89.1,216,218,12020
2021-08-08,App_A,Desktop Web,Broadband,AWS CloudFront,Metro,VOD Series,1.81,3.87,1.7,0.97,1.26,2.18,4.29,2.05,4659,22.7,8193,39116,95304,82.2,67.1,46.8,32.6,53.3,85.2,1.55,71,8.5,4.58,2.99,88.2,233,154,10391
2021-08-08,App_B,Android,Cellular 4G,Fastly,Metro,Live Sports/Events,1.74,3.95,1.92,0.77,1.41,2.09,4.69,2.3,3534,22.6,6868,32843,82507,82.1,63.4,49.6,32.4,52.8,83,1.81,66,9.9,5.15,2.81,88.8,233,171,10732
2021-08-09,App_A,Android,Cellular 4G,Fastly,Region,FAST linear,1.58,4.38,2.16,0.72,1.3,2.47,4.06,2.35,4518,26.6,8265,40076,105421,81.4,67.4,45.7,30.8,58,86.2,1.67,71.6,10.1,5.46,2.82,89,204,153,13534
2021-08-09,App_B,Desktop Web,Broadband,Akamai,Metro,VOD Series,1.76,4.22,2.06,1.02,1.34,2.31,4.29,2.48,4460,24,6767,32410,75429,84.5,66.1,47.4,28.9,51.2,86,2.1,65.4,8.8,6.19,2.72,90.1,230,216,11073
2021-08-10,App_A,Tizen,T-Mobile,Fastly,Region,Live Sports/Events,1.87,3.49,1.62,0.8,1.27,2.4,4.78,1.94,4965,22.2,8809,42398,110167,85,62.1,48,31.1,53.2,82.1,1.83,71.9,10.4,5.53,3.38,89.1,266,169,12415
2021-08-10,App_B,FireTV,Broadband,Cloudflare,Metro,Live Sports/Events,1.57,4.29,2.27,0.93,1.28,2.34,4.09,1.74,3961,20.9,7499,35717,91285,81.1,64.9,49.2,31.3,49.7,87.3,1.8,63.6,9.2,6.14,2.74,90.9,211,206,13151
2021-08-11,App_A,FireTV,Cellular 4G,Akamai,Metro,FAST linear,1.84,4.29,2.31,0.67,1.66,2.48,4.82,1.85,4679,24.8,8095,39123,92426,83.2,61.5,45,30.7,55.7,81.2,1.84,69.2,9.7,4.96,3.02,87.7,193,196,12686
2021-08-11,App_B,Apple TV,Comcast Xfinity,Cloudflare,Region,Live Sports/Events,1.99,3.64,2.5,1.03,1.65,2.43,4.07,2.45,3995,23.4,6573,31786,71267,82.4,65.9,48.8,29.6,53.6,85.6,1.93,64.8,9.4,5.61,3.09,90.7,234,173,9401
2021-08-12,App_A,WebOS,Comcast Xfinity,AWS CloudFront,Region,VOD Movies,1.52,4.26,2.1,0.93,1.34,2.03,4.17,2.23,4373,26.1,7635,36979,95281,80.6,62.6,48.4,30.8,55.5,83,1.93,69,8,5.12,3.31,90.5,243,174,13541
2021-08-12,App_B,Apple TV,Verizon,Fastly,Metro,VOD Movies,1.84,4.5,2.49,0.77,1.34,2.35,4.24,2.06,3789,22.6,7281,34623,88332,84.9,66.4,47.5,29.5,54.1,84.8,1.69,65,8.9,6.03,3.06,88.6,231,182,11313
2021-08-13,App_A,Apple TV,Cellular 4G,AWS CloudFront,Country,Live Sports/Events,1.89,4.25,2.03,0.92,1.27,2.58,4.36,2.05,4995,26.2,7792,37398,78150,81.9,63.5,48.1,33.6,58,84.5,1.8,69.5,9.6,5.11,2.96,88.6,253,141,13339
2021-08-13,App_B,Android,Airtel,Akamai,Country,FAST linear,1.84,4.21,2.21,1.02,1.78,2.6,3.8,2.13,3506,24.9,7105,34173,82934,84,64.5,46.9,30.2,49.3,83.9,1.87,67.9,11.1,5.84,2.8,87.9,261,199,8674
2021-08-14,App_A,Apple TV,Jio,Fastly,Metro,Live Sports/Events,1.85,3.92,1.59,0.93,1.33,2.52,4.8,1.98,4375,22.9,8378,40321,86176,78.9,62.2,47.6,31.9,51.8,86.5,1.35,66.6,8.3,5.46,3.26,89.6,266,176,14300
2021-08-14,App_B,Android TV,T-Mobile,Cloudflare,Region,VOD Series,1.93,4.58,2.38,0.74,1.27,2.56,3.84,1.73,4158,22.8,7013,33507,88566,83.9,63.5,45.6,30.8,54.6,82.8,1.74,66.4,9.1,6.02,2.79,91.2,217,204,9883
2021-08-15,App_A,Android,Comcast Xfinity,Akamai,Region,VOD Series,1.8,3.42,2.37,0.76,1.41,2.34,4.05,2.25,5024,26.3,8852,42682,92288,82.7,64.8,47.9,34,51.5,86.2,1.69,71.2,10.1,5.12,3.35,88.8,267,148,14659
2021-08-15,App_B,Tizen,Jio,Cloudflare,Metro,FAST linear,1.98,4.1,2.29,0.86,1.67,2.53,4.48,2.06,4339,23,6771,32519,82500,80.9,62.8,50.7,33,48.9,84.9,1.42,62.4,10.9,5.88,2.71,87.7,231,187,9350
2021-08-16,App_A,Android TV,T-Mobile,Akamai,Country,VOD Movies,1.51,4.19,1.69,0.83,1.16,2.49,4.73,1.84,4011,22,8138,39312,91056,78.6,65.2,45.7,34.1,57.2,86.2,1.84,71.6,10.2,4.62,3.41,89.7,202,177,11689
2021-08-16,App_B,Apple TV,Wi-Fi,Cloudflare,Metro,VOD Movies,2.02,3.71,2.39,1.04,1.86,2.7,4.71,2.54,3456,22.4,7434,35685,92580,84.7,63.4,49.2,29.2,51.2,84.6,1.68,66.5,11.1,5.52,3.21,90.2,253,218,11006
2021-08-17,App_A,Android,T-Mobile,Fastly,Metro,FAST linear,1.52,3.6,1.86,0.86,1.69,2.03,4.17,1.71,5028,22.7,7877,38113,90473,83.9,64.6,46.8,33,52.7,83.7,1.52,65.8,9.4,4.57,2.86,87.7,268,142,11990
2021-08-17,App_B,Android TV,Wi-Fi,AWS CloudFront,Region,Live Sports/Events,1.95,3.7,1.85,0.87,1.5,2.11,4.53,2.3,4142,24.3,6751,32647,69467,83.5,65.3,49.6,31.3,50.1,85.4,2.11,63.3,10.5,5.17,3.2,88.5,296,205,8364
2021-08-18,App_A,Android,Verizon,Fastly,Region,VOD Series,1.81,3.45,1.68,0.86,1.49,2.48,4.92,1.87,5235,26.5,8744,41592,91569,84.2,67.7,46.5,31.8,52.2,85.3,1.87,68.8,9.3,5.54,3.05,88,260,140,11553
2021-08-18,App_B,WebOS,Verizon,Akamai,Region,VOD Movies,1.72,3.71,2.03,1.03,1.81,2.38,4.77,2.08,4138,24.2,7527,35869,77565,81.1,63.6,50.3,32.9,50.5,86.4,1.82,63,8.7,5.14,2.98,90.6,237,178,9516
2021-08-19,App_A,Android TV,T-Mobile,Cloudflare,Region,VOD Series,1.72,4.24,1.68,0.79,1.18,2.56,4.01,1.6,4752,24.6,8480,40997,96127,83.8,63,49,32.3,52.9,85.8,1.84,68.8,9.3,4.56,3.45,88.4,203,177,15053
2021-08-19,App_B,Apple TV,Wi-Fi,Fastly,Region,FAST linear,1.85,4.09,2.09,1.03,1.44,2.82,4.08,2.09,3473,24.1,7292,34990,87625,78.7,66.1,47.6,31.5,53.2,86,2,66.4,9.8,5.55,3,90.6,242,198,9084
2021-08-20,App_A,Android TV,Airtel,Cloudflare,Country,Live Sports/Events,1.81,4.47,1.78,0.74,1.41,2.11,4.5,1.8,4048,24.3,8107,38978,92784,78.8,64.6,47.5,32.2,57.7,81.3,1.66,71.2,10.2,5.12,3.05,89.6,270,142,10716
2021-08-20,App_B,iOS,T-Mobile,AWS CloudFront,Region,Live Sports/Events,1.63,4.35,1.95,0.75,1.82,2.14,4.18,2.23,3537,21.6,6570,31315,69502,83,64.3,48.3,30.2,49.6,83.4,1.96,66.6,9.9,5.33,3.02,89.8,239,211,11681
2021-08-21,App_A,WebOS,Comcast Xfinity,Cloudflare,Metro,Live Sports/Events,1.82,4.28,1.77,0.84,1.72,2.1,4.71,2,4420,26.4,7656,36672,97005,78.9,64.8,46,34.3,56.3,83.6,1.74,66.1,9.6,5.08,3.02,90.4,262,148,13478
2021-08-21,App_B,Desktop Web,Broadband,AWS CloudFront,Metro,FAST linear,1.93,4.16,2.16,0.8,1.86,2.6,3.98,1.87,4029,22.9,6529,31029,66640,84,67.3,46.8,29.3,49.8,85.5,1.84,64.6,10.4,5.9,3.26,90.3,260,190,9991
2021-08-22,App_A,Desktop Web,Wi-Fi,Akamai,Metro,Live Sports/Events,1.84,4.32,1.92,0.66,1.31,2.33,4.46,2,3971,23.9,7705,37043,77474,81,63.7,49.2,34.9,56.1,81.6,1.91,69.1,8,5.54,3.14,89.8,202,188,12269
2021-08-22,App_B,FireTV,Jio,AWS CloudFront,Metro,Live Sports/Events,2.06,3.66,2.25,0.71,1.55,1.98,4.15,1.76,3694,21.9,7137,34573,92158,80.7,62.6,46.2,32.3,53.3,83,2.01,67.9,10.5,5.21,2.74,89.3,285,198,9383
2021-08-23,App_A,Desktop Web,Wi-Fi,Akamai,Region,VOD Movies,1.51,4.15,2,0.91,1.48,2.33,4.93,2.21,4830,25.1,7646,36852,88871,81.7,66.9,49.7,31.2,52.2,86.2,1.35,67.7,8.3,5.14,3.34,89.7,276,159,10792
2021-08-23,App_B,Tizen,T-Mobile,AWS CloudFront,Metro,FAST linear,1.63,4.68,2,0.8,1.66,2.34,4.82,1.99,3709,24,7073,34086,71025,81.6,63.4,45.8,30.4,49.5,85.2,1.59,64.5,10.7,5.43,2.69,87.8,231,214,11003
2021-08-24,App_A,Desktop Web,Broadband,Fastly,Metro,VOD Series,1.48,3.47,2.15,0.94,1.46,1.89,4.71,2.22,4913,25.9,8498,40400,106347,78.8,66.5,48.1,35.2,52.9,85.8,1.51,70.9,9.4,5.26,3.03,89,200,144,14805
2021-08-24,App_B,Android TV,Cellular 4G,Akamai,Metro,Live Sports/Events,1.53,4.19,2.41,1.02,1.38,2.43,4.69,2.2,3554,23.3,7018,33823,83592,79.3,64.6,46.5,31.3,54,81.9,2.1,63.2,10.9,5.21,3.21,89.1,295,205,10338
2021-08-25,App_A,WebOS,Cellular 4G,Fastly,Metro,VOD Series,1.87,4.44,1.84,0.79,1.47,1.88,5.05,1.64,3933,24.5,8298,40202,90281,80.3,66.9,50.6,34,54.1,84,1.89,68.5,8.7,5.14,3.15,88.9,258,145,13557
2021-08-25,App_B,Android,T-Mobile,Fastly,Metro,Live Sports/Events,1.78,4.24,2.47,0.98,1.49,2.1,4,2.52,3916,24.5,6613,31860,70191,83.3,62.3,46.6,30,53.5,82.6,1.45,65.1,8.8,5.03,2.93,89.2,274,179,8733
2021-08-26,App_A,Desktop Web,Verizon,Akamai,Country,VOD Series,1.5,4.06,2.21,0.92,1.51,1.91,4.45,1.78,5028,23.2,8445,40861,89274,85,67.2,45.2,34,55.2,82.6,1.68,70.3,8.4,4.71,3.19,89.6,215,182,11303
2021-08-26,App_B,Desktop Web,Comcast Xfinity,Akamai,Country,VOD Movies,1.62,4.42,1.96,1.04,1.8,1.93,4.82,2.11,3626,21.8,6429,30587,78599,80.9,65.8,49.3,32.3,51.9,81.2,1.67,62.3,9.2,5.71,2.75,90.1,256,153,9156
2021-08-27,App_A,Desktop Web,Wi-Fi,Akamai,Metro,FAST linear,1.84,4.36,1.94,0.67,1.2,2.64,4.5,2.12,4321,25.3,8476,40287,105081,82.6,64.3,47.6,33.9,56.3,83.3,1.93,66.7,10.3,5.55,3.11,90.7,228,143,14389
2021-08-27,App_B,Android,Broadband,Fastly,Region,Live Sports/Events,1.61,3.61,2.03,0.87,1.36,2.51,4.66,1.72,4073,22.1,7407,35919,76427,78.9,66.5,48.9,31.3,49,84.7,1.85,65.9,9.8,5.91,3.21,88.2,228,165,9230
2021-08-28,App_A,WebOS,Wi-Fi,Cloudflare,Metro,FAST linear,1.44,3.98,2.2,0.74,1.28,1.89,4.54,1.97,4210,24.8,7494,36224,88014,80.8,61.8,50.6,34.8,52.5,82.8,1.87,68.6,10.2,4.9,2.91,90.1,262,199,9746
2021-08-28,App_B,Desktop Web,Wi-Fi,Akamai,Metro,VOD Series,1.73,4.42,1.81,0.74,1.66,1.97,3.95,1.72,3850,22,7351,34966,85387,79.2,67.3,45.4,33.3,49.5,83,1.9,64.7,9.7,5.42,2.75,89.1,271,158,10059
2021-08-29,App_A,Android,Comcast Xfinity,Akamai,Country,FAST linear,1.63,3.76,1.82,0.71,1.38,2.6,4.8,2.28,4447,24.6,8056,38645,87309,82.4,63.9,49.3,31.7,57.2,86.3,1.7,71.6,9.4,5.49,3.39,90.6,260,169,10432
2021-08-29,App_B,Tizen,T-Mobile,AWS CloudFront,Country,VOD Series,1.63,4.06,1.98,0.89,1.34,2,4.65,2.55,4480,24.1,7146,33975,79381,82.5,67,45.6,30.5,49.3,84.7,1.74,63.9,10.6,5.6,2.87,88.5,293,167,9409
2021-08-30,App_A,WebOS,Jio,Fastly,Metro,FAST linear,1.47,3.51,2.24,0.81,1.67,2.44,4.38,2.27,4002,23.4,7756,36932,98620,81.3,61.6,47.1,30.7,56.6,85.5,1.84,71.1,8.2,5.5,3.07,90.9,195,176,9616
2021-08-30,App_B,Tizen,T-Mobile,AWS CloudFront,Country,FAST linear,2.01,4.84,1.85,0.78,1.26,2.23,3.89,1.99,4388,23.5,6494,31400,78092,80.5,62.3,47,31.6,49,82,1.62,65.7,11.3,4.99,3.22,90.4,271,211,9043
2021-08-31,App_A,WebOS,Cellular 4G,Akamai,Region,Live Sports/Events,1.71,4.19,2.29,0.96,1.58,2.51,4.42,1.94,4712,23.1,8521,41312,93501,81,67.3,46,30.9,54.4,84,1.49,72,8.5,5.32,3.43,90.8,192,181,12602
2021-08-31,App_B,iOS,Broadband,Akamai,Region,Live Sports/Events,2.04,4.61,2.55,0.71,1.32,2.69,4.82,2.39,4450,21,6671,32128,73053,85.2,66.7,49.3,30.3,54.4,84.4,1.52,68,10.5,4.95,3.07,90.4,247,206,8875
2021-09-01,App_A,Tizen,AT&T,Cloudflare,Region,FAST linear,1.75,4.13,1.9,0.9,1.66,2.38,4.34,1.9,5187,25.2,8031,38311,99641,79.4,64.1,47.5,35.2,52.3,83.6,1.65,71.7,8.1,5.71,3.3,89.3,202,193,13441
2021-09-01,App_B,Android,Jio,AWS CloudFront,Country,VOD Series,1.53,4.61,1.83,0.94,1.6,2.1,4.74,2.38,4046,21.6,6851,32612,78877,80,62.8,48.7,32.9,52.1,84.4,1.67,66.8,9.7,5.1,2.82,90.9,222,217,10395
2021-09-02,App_A,Android,Comcast Xfinity,Fastly,Country,VOD Movies,1.46,4.2,2.19,0.94,1.16,2.27,4.61,2.35,4008,25.2,7968,38208,95687,80,65.4,48.8,32.2,52.7,82.3,1.39,71.1,8.1,5.28,3.41,89.7,258,157,11124
2021-09-02,App_B,iOS,Cellular 5G,Akamai,Country,VOD Movies,1.71,4,2.13,0.96,1.42,2.73,4.68,1.91,3380,22.1,7033,33582,82079,78.7,66.5,46.3,29.2,50.1,85.1,1.95,62.5,8.8,4.98,3.11,90.7,291,174,10953
2021-09-03,App_A,Apple TV,Airtel,Akamai,Country,VOD Series,1.69,4.32,2.24,0.65,1.29,2.47,4.07,2.23,5152,22,8093,39047,92849,84.6,67.1,49.9,31.4,53.8,87.7,1.72,67.8,9,5.14,3.4,89,197,187,10082
2021-09-03,App_B,Tizen,AT&T,Akamai,Country,VOD Movies,1.99,4.02,2.01,0.82,1.67,1.94,4.83,2.12,3633,21.3,6831,32744,78777,82.2,62.2,48.9,30.8,55.1,83,1.46,66.5,11.2,5.52,2.72,90.4,290,157,10486
2021-09-04,App_A,Desktop Web,T-Mobile,Fastly,Region,VOD Movies,1.55,3.85,2.31,0.79,1.6,2.46,4.51,1.71,4398,22.2,8571,41050,96221,80.7,63.8,46.1,34,57.4,83.9,1.6,66.5,8.6,4.79,3.01,88.5,196,140,13229
2021-09-04,App_B,Android TV,Cellular 4G,Akamai,Metro,VOD Series,1.75,4.38,2.19,0.82,1.38,2.83,4.83,1.91,4184,20.2,6996,33807,86431,85.2,64.9,46.1,29.8,51,81.5,1.68,65.3,10.3,4.9,2.93,89.5,244,155,9067
2021-09-05,App_A,WebOS,Jio,Akamai,Metro,VOD Series,1.77,4.31,2.21,0.81,1.44,2.46,4.46,2.26,4791,21.9,8204,39778,88890,81,67.4,45.8,32.6,56,81.6,1.41,67.2,8.6,4.82,3.19,89.9,196,145,10261
2021-09-05,App_B,Android TV,Comcast Xfinity,Fastly,Country,Live Sports/Events,1.62,4.37,1.89,0.73,1.6,2.09,4.7,1.78,3879,21.7,6733,32096,71454,78.8,62.3,49.9,30.1,49.9,84.7,1.59,65.6,11.4,5.64,2.72,89,235,153,10503
2021-09-06,App_A,iOS,Verizon,Akamai,Metro,FAST linear,1.88,3.77,1.92,0.7,1.52,1.79,4.47,1.98,4998,23.1,8189,39607,90471,84.8,65.1,49.9,31.4,56.8,85.3,1.37,67.7,9.9,4.54,2.91,91.2,255,148,13631
2021-09-06,App_B,Android,Airtel,Fastly,Metro,VOD Movies,1.76,4.79,2.46,1,1.73,2.82,4.67,1.93,4051,23.5,7066,34062,75849,82.5,65.4,50.5,29.6,49.1,85.4,1.92,68.4,10.3,6.19,2.81,89.6,245,168,11418
2021-09-07,App_A,Apple TV,Comcast Xfinity,AWS CloudFront,Country,VOD Series,1.62,3.52,1.65,0.96,1.6,1.95,4.54,1.68,4114,25.5,7398,35495,92404,80.4,63.4,49.5,34.7,51.9,83.7,1.33,70.9,8,5.06,3.4,90.7,244,142,12215
2021-09-07,App_B,Apple TV,Comcast Xfinity,Fastly,Metro,VOD Movies,1.67,4.44,2.2,0.79,1.51,2.44,4.76,2.2,4179,22.8,6922,33039,79581,80.6,64.1,45.3,30.9,52,83.5,1.7,64.3,9.4,5.88,2.83,91.2,280,187,10788
2021-09-08,App_A,Tizen,AT&T,Fastly,Country,Live Sports/Events,1.44,3.91,2.12,0.72,1.27,2.2,4.17,2.23,3988,23.1,7728,37275,99761,81.9,64.8,49.3,34.5,52.2,86.8,1.56,72.5,9,4.64,2.92,91.1,268,168,10596
2021-09-08,App_B,Android,AT&T,Cloudflare,Region,FAST linear,1.58,3.99,1.81,0.83,1.42,2.83,4.48,2.12,3611,20.9,6955,33648,76025,84.3,64.2,47.6,33.1,51.7,84,1.5,65.1,10.5,5.69,3.1,89.9,211,158,8691
2021-09-09,App_A,Tizen,Cellular 5G,Cloudflare,Country,Live Sports/Events,1.7,3.58,1.61,0.88,1.41,1.97,4.34,1.9,5051,23,7506,36372,81334,83.9,65.1,47.2,32.1,55.7,85.7,1.38,68.2,9.5,4.78,3.17,90.2,259,158,9681
2021-09-09,App_B,Tizen,Jio,Akamai,Country,VOD Series,1.8,4.57,2.15,0.85,1.69,2.68,4.06,2.38,3349,24.1,7003,33303,71368,79.5,62.8,48.2,31.4,51.8,86,1.98,65.9,10,5.56,2.92,88.4,214,174,10274
2021-09-10,App_A,Tizen,Jio,Fastly,Metro,VOD Movies,1.86,3.83,2.3,0.68,1.53,2.24,4.96,2.18,4236,23,8452,40462,96381,84,64.6,46.9,31.7,55.7,85.7,1.58,71.7,8.1,4.97,3.36,90.3,204,140,15151
2021-09-10,App_B,iOS,Wi-Fi,Akamai,Region,VOD Movies,1.82,4.1,1.92,0.76,1.45,2.26,4.55,2.26,3927,22.7,6462,31315,73664,83.1,63.3,46.4,32.5,51.3,85.5,1.43,65.5,8.7,5.57,2.86,89.7,210,173,10082
2021-09-11,App_A,Android TV,Cellular 4G,Cloudflare,Region,VOD Series,1.43,4.25,2.17,0.78,1.33,2.12,4.55,2.03,4834,23.4,7668,37162,77504,81.1,65.6,45.4,33.1,56.1,85.2,1.63,69.6,9.8,4.65,3.14,88.7,214,147,11550
2021-09-11,App_B,Apple TV,Cellular 5G,Cloudflare,Country,VOD Movies,1.6,3.6,2.04,0.89,1.82,2.21,4.45,2.42,4138,24,7250,34859,75829,82.5,63.9,47.6,30.9,53.6,87.7,2.04,68.3,9.9,5.29,2.74,90.9,228,165,10610
2021-09-12,App_A,Desktop Web,AT&T,Cloudflare,Country,FAST linear,1.41,4.26,2.09,0.67,1.38,2.43,4.57,1.92,5034,21.6,8166,39207,95438,84.2,61.7,49.9,35.1,56.6,82.2,1.67,71.8,8.7,5.04,3.21,88.8,208,154,13013
2021-09-12,App_B,FireTV,Comcast Xfinity,Akamai,Region,Live Sports/Events,1.54,3.62,2.46,1,1.63,2.46,4.44,2.25,3569,21.2,6849,33086,82219,84.9,66.7,48.5,30.9,53.6,82.1,1.6,68.4,11.2,5.22,3.07,91.2,274,174,10931
2021-09-13,App_A,Android,Airtel,AWS CloudFront,Metro,FAST linear,1.85,3.53,1.81,0.95,1.54,2.05,4.24,2.13,4310,21.5,8340,40059,99094,85.1,66.4,45.4,33.4,54.9,87.6,1.3,67.7,10.3,4.6,3.37,88.5,201,144,13448
2021-09-13,App_B,FireTV,Airtel,Cloudflare,Region,FAST linear,1.63,4.68,2.13,0.73,1.45,2.72,4.09,1.73,4117,20.8,7160,34529,73816,83.3,64,47.1,29.6,54.4,85.4,1.84,62.6,8.9,5.73,2.82,89.1,296,181,10514
2021-09-14,App_A,Desktop Web,Cellular 5G,Fastly,Region,FAST linear,1.42,3.57,1.99,0.85,1.39,1.89,4.07,1.69,4842,21.3,7976,37933,92418,79.1,66.2,49.4,32.3,52.6,86.2,1.93,67.9,8.1,5.33,3.12,89.3,218,174,10940
2021-09-14,App_B,Apple TV,Verizon,Akamai,Region,Live Sports/Events,1.68,4.78,2.15,0.98,1.64,2.6,4.16,1.9,4305,21,7196,34285,87473,84.3,64.4,49.9,33,49.5,83.2,1.62,66.7,9.5,5.78,3.15,89.2,258,201,12433
2021-09-15,App_A,Android,AT&T,AWS CloudFront,Region,Live Sports/Events,1.47,3.84,2.1,0.82,1.66,2.31,4.75,1.89,4656,23.7,7798,37820,96781,83.4,62.8,50.8,31.4,52.6,86.9,1.73,72.1,8,5.12,3.22,88.3,232,193,10581
2021-09-15,App_B,Android,Jio,Cloudflare,Country,VOD Movies,2.02,4.61,2.19,0.84,1.5,2.67,4.32,2.02,3631,21.7,6911,33166,73742,85.3,65.1,48.9,32.6,50.2,82.3,1.46,65.9,9.6,5.88,2.79,91,227,165,10700
2021-09-16,App_A,iOS,Verizon,AWS CloudFront,Country,VOD Movies,1.57,3.5,2.11,0.72,1.66,2.05,4.36,2.13,4895,24.9,7254,34585,94030,81,64,48.4,31.6,57.6,81.3,1.48,67.3,7.9,4.99,3.37,89,270,161,10559
2021-09-16,App_B,Android,Comcast Xfinity,AWS CloudFront,Metro,VOD Series,1.85,4.35,2.27,0.7,1.6,2.65,4.33,2.39,3901,22.2,6439,31223,70888,84.9,65.7,48.5,33.1,53.9,85.3,1.45,64,11.3,5.96,2.72,90.2,285,164,7965
2021-09-17,App_A,FireTV,Verizon,Cloudflare,Region,VOD Series,1.42,4.4,1.61,0.92,1.5,1.8,4.28,2.24,4493,25.1,8037,38192,82198,81.5,64.7,45.3,34,51.9,86.6,1.84,69.9,10.4,5.14,3.36,88.3,251,162,11819
2021-09-17,App_B,iOS,Airtel,Cloudflare,Metro,VOD Movies,1.59,4.23,2.06,0.88,1.68,2.03,3.97,2.28,3510,21.9,6899,32994,84114,80.7,66.8,47.8,29.9,49.5,85.7,1.59,64.4,8.6,4.92,3.13,90.6,232,201,8334
2021-09-18,App_A,Android,Airtel,Cloudflare,Region,Live Sports/Events,1.4,3.75,1.68,0.75,1.44,1.76,4.98,2.09,4042,21.4,8274,39472,91170,80.1,66.4,47.8,33,54.6,85.7,1.46,69.6,8.6,5.33,3.09,88.8,272,196,11658
2021-09-18,App_B,Tizen,Cellular 4G,Akamai,Metro,VOD Series,1.57,4.08,2.46,0.76,1.62,2.32,4.47,1.8,4138,20.1,7110,34215,91296,85.1,68,51,31.4,50,81.3,1.73,65.9,8.8,5.55,3.04,89.4,230,177,9421
2021-09-19,App_A,Android TV,Wi-Fi,Akamai,Country,VOD Movies,1.62,4.14,2.16,0.92,1.44,2.46,4.95,1.84,4776,22.2,7246,34712,83412,84.4,63.9,50.4,34.5,52.7,85.7,1.66,67.4,10.3,5.34,3.35,90.5,197,194,12687
2021-09-19,App_B,Android TV,Jio,Akamai,Country,VOD Series,1.71,4.53,2.26,0.74,1.61,2.18,4.39,1.73,3399,21.1,6658,32001,81482,80.4,66.8,47.4,32.4,51.7,87.4,2.03,66.4,10.2,5.92,2.73,90.5,273,198,8443
2021-09-20,App_A,Desktop Web,Broadband,Fastly,Country,Live Sports/Events,1.84,3.5,1.61,0.67,1.28,2.15,4.74,1.71,4497,23.6,7563,36213,94939,83,63,47.4,33.3,54.2,82.9,1.85,71.8,9.5,5.47,3.5,91,235,162,13482
2021-09-20,App_B,Apple TV,Broadband,Fastly,Region,Live Sports/Events,1.79,4.79,1.84,0.84,1.7,2.27,4.34,2.36,4088,20.1,6262,30001,75412,82.7,63.4,47.8,32.3,49.9,86.1,2.08,65.6,9.1,5.87,3.06,89.3,251,213,9874
2021-09-21,App_A,Android,T-Mobile,AWS CloudFront,Region,Live Sports/Events,1.42,4.09,2.04,0.9,1.24,2.58,4.5,2.07,4991,21.3,7683,36998,85865,81.1,63.7,46.7,32.7,52.6,87.2,1.53,68.1,8.2,4.95,3.13,88.5,201,195,12398
2021-09-21,App_B,iOS,Wi-Fi,Akamai,Region,VOD Series,1.68,4.45,1.97,0.73,1.64,2.12,4.4,2.34,3380,21.7,6331,30151,69762,80.5,62.3,46.5,30.4,51.2,83.2,1.91,68.4,8.8,5.59,3.09,88.6,237,178,8974
2021-09-22,App_A,Android,Wi-Fi,Fastly,Metro,VOD Movies,1.65,3.86,1.98,0.8,1.68,2.28,4.59,2.1,4999,22.2,8144,38757,97100,80.5,61.8,50.4,31.5,54.9,83.7,1.48,67.8,9.1,5.7,3.52,91.3,201,198,12765
2021-09-22,App_B,iOS,Verizon,Cloudflare,Country,Live Sports/Events,1.87,3.84,2.29,0.83,1.71,2.59,4.39,2.43,4015,21.5,6376,30870,77616,82.5,67.7,49.7,29.8,49.9,86.9,1.98,62.9,9.3,5.47,2.96,88.3,291,176,9670
2021-09-23,App_A,Apple TV,Verizon,Cloudflare,Region,FAST linear,1.76,3.89,1.85,0.94,1.55,1.88,5.1,2.3,4262,20.9,7863,38119,97057,81,66.3,50.3,35.4,55.9,82,1.85,72.7,8.7,4.66,2.89,90.3,237,163,13030
2021-09-23,App_B,iOS,Verizon,Cloudflare,Country,Live Sports/Events,1.85,4.39,2.37,0.82,1.42,2.67,4.47,1.96,4000,23.3,6245,29925,74010,81.8,65.3,47,31.8,53.7,82.2,1.92,62.6,9.7,6,2.85,90.9,273,172,9199
2021-09-24,App_A,Android,Comcast Xfinity,Fastly,Metro,FAST linear,1.54,3.47,2.03,0.65,1.15,2.35,5.11,2.27,4397,23.4,7606,36430,93007,81.6,66.1,48.1,32.4,56.9,86.7,1.49,69.2,8.1,4.54,3.48,89.2,259,181,12809
2021-09-24,App_B,Apple TV,Wi-Fi,Cloudflare,Country,FAST linear,1.63,3.74,2.16,0.74,1.35,2.03,4.23,2.41,3527,20.8,6125,29439,64776,83.4,67.9,47.1,32.7,54.3,86.1,1.83,69.2,9.4,5.17,3.01,90.4,273,159,10918
2021-09-25,App_A,Apple TV,Cellular 5G,AWS CloudFront,Country,VOD Movies,1.62,4.26,2.09,0.83,1.41,1.98,5.13,2.27,4231,24.3,7277,35277,90048,84.8,62.5,50,34.4,53.7,87.7,1.83,70.4,9.2,4.9,3.48,90.5,264,185,10229
2021-09-25,App_B,Android,Cellular 4G,AWS CloudFront,Country,Live Sports/Events,1.79,4.15,1.92,0.89,1.79,2.12,4.1,1.97,3785,21.1,6380,30402,76132,85.2,62.3,45.3,33.1,50.8,84.1,1.46,64,9.2,6.11,2.77,89,262,214,9099
2021-09-26,App_A,Android TV,AT&T,Fastly,Metro,FAST linear,1.44,4.32,1.88,0.77,1.39,1.84,4.17,1.66,4080,20.2,7811,37129,82537,82.1,65.2,46,35,55.9,87.1,1.31,66.9,7.9,4.92,3.09,89.2,232,169,12532
2021-09-26,App_B,iOS,Cellular 5G,Akamai,Region,FAST linear,1.77,3.92,1.86,1.01,1.41,2.33,4.89,1.81,4120,20.1,6505,31022,69194,81.2,64.5,45.8,31,55.3,86.4,1.79,64,8.7,5.23,2.98,91.3,266,210,9995
2021-09-27,App_A,iOS,AT&T,AWS CloudFront,Region,VOD Series,1.79,4.13,2.34,0.69,1.48,2.02,4.61,2.11,4400,21,7838,37800,89234,80.6,63,48.4,32.6,56.5,85.8,1.31,69.8,9.9,5.5,3.5,88,242,146,12395
2021-09-27,App_B,Tizen,AT&T,Akamai,Region,VOD Movies,1.63,4.23,1.85,0.99,1.25,2.82,4.28,2.52,3288,20.8,6295,30305,68476,79.6,67.4,46.7,33.4,50.8,84.8,1.59,67,8.5,4.88,2.79,89.8,269,173,11139
2021-09-28,App_A,Android TV,Comcast Xfinity,Akamai,Metro,VOD Movies,1.71,4.34,2.26,0.74,1.25,1.86,4.35,2.08,4567,23.8,7311,34934,85231,80.5,63,47.5,31.9,57.9,81.3,1.65,70.2,9.5,5.06,3.24,89.8,236,197,12177
2021-09-28,App_B,Apple TV,Comcast Xfinity,Akamai,Country,VOD Series,1.65,4.08,1.77,0.78,1.73,2.79,4.8,1.69,3921,20.1,6235,29817,73321,82.9,62.1,48.8,32,52.6,84.2,1.62,66.9,9.5,5.04,3.19,89.9,220,181,7558
2021-09-29,App_A,Android TV,Wi-Fi,Fastly,Country,FAST linear,1.52,3.41,1.89,0.87,1.44,2.24,4.17,2.21,4418,24.1,7278,35138,84152,83.6,63.1,46.3,32.2,57.6,86.4,1.7,66.9,10.4,5.68,3.11,90.4,273,189,9409
2021-09-29,App_B,Android,Airtel,Cloudflare,Metro,VOD Series,1.53,4.09,2.02,0.74,1.57,1.94,4,2.1,4256,19.5,6865,33251,74353,81.5,64.2,46.1,30.3,53.8,87.3,1.47,63.4,10.9,6.01,3.29,89.5,230,181,11979
2021-09-30,App_A,Desktop Web,Cellular 4G,Akamai,Region,VOD Movies,1.77,3.5,1.68,0.95,1.24,2.42,4.77,2.07,4111,22.6,7116,34349,72015,84.4,61.9,47.5,35.4,57.4,85.2,1.83,66.4,9.5,5.09,3.07,88.2,267,138,10323
2021-09-30,App_B,iOS,Comcast Xfinity,AWS CloudFront,Region,FAST linear,1.88,3.68,2.43,0.7,1.6,1.92,4.18,2.35,3270,21.1,6272,30135,71498,83.5,65.1,49.3,32.5,49.6,83.2,1.86,67.8,11,5.78,2.77,91.3,215,212,7851
2021-10-01,App_A,Android,Verizon,Cloudflare,Country,VOD Movies,1.75,3.61,1.81,0.68,1.41,2.12,5.08,1.83,3681,20.6,7536,36416,76794,85.2,63,51.1,34.1,56.1,85.7,1.35,69.7,9.1,5.05,2.97,91.1,270,150,9182
2021-10-01,App_B,Android,Broadband,AWS CloudFront,Country,VOD Movies,1.82,4.75,2.45,0.74,1.29,2.5,4.78,1.86,3848,22.3,6861,32638,86166,83,62.9,46.1,31.1,54.5,86.4,1.68,65.9,8.8,5.45,3.31,89.4,234,213,11298
2021-10-02,App_A,Android TV,Broadband,AWS CloudFront,Region,VOD Series,1.63,4.36,1.83,0.83,1.14,1.76,4.31,1.86,4222,21.2,6969,33586,86075,84.1,63,46.9,31.9,54.8,83.9,1.59,69.7,9,4.69,2.98,90.9,223,144,12387
2021-10-02,App_B,WebOS,Cellular 5G,Fastly,Region,VOD Movies,1.52,3.81,1.85,0.88,1.72,2.3,4.36,2.49,3482,19.6,6068,29329,73307,83.6,63.9,46.5,29.7,49.9,85.8,2.03,63.7,10.5,5.07,2.81,89.7,227,208,7602
2021-10-03,App_A,Android TV,Cellular 5G,AWS CloudFront,Region,Live Sports/Events,1.47,3.94,1.8,0.8,1.45,2.38,4.44,2.3,3713,24,7372,35347,78590,83.2,62.8,46,35.4,56.3,87.3,1.3,68,10,4.7,3.19,91.2,255,155,10859
2021-10-03,App_B,Android,Broadband,Akamai,Region,Live Sports/Events,1.54,4.54,2.29,0.85,1.43,2.68,4.91,2.07,3440,21.3,6912,32889,72385,81.6,63.1,50.4,31.5,54.6,84.5,2.02,65.8,10.6,6.02,3.08,88.1,256,199,10741
2021-10-04,App_A,Apple TV,Verizon,Cloudflare,Region,FAST linear,1.78,3.96,1.98,0.68,1.33,1.85,4.91,1.92,4475,23.4,7448,35900,84200,84,61.9,48.4,31,53.8,86.5,1.31,72.1,9.8,5.23,3.38,89.9,240,175,9395
2021-10-04,App_B,Tizen,Cellular 5G,AWS CloudFront,Country,VOD Series,1.79,3.86,2.36,0.92,1.47,2.78,4.08,1.84,3454,21.1,6358,30293,81558,81.6,63.1,49.6,33.3,51.6,82.3,1.71,66.5,8.6,5.93,3.18,88.8,261,213,10501
2021-10-05,App_A,Android TV,Cellular 4G,Akamai,Region,FAST linear,1.57,4.11,1.8,0.84,1.35,1.81,4.2,1.69,4496,23.6,7477,35671,79755,84.6,62.4,51,33.9,54.8,86.7,1.31,66.4,8.5,5.61,3.51,88.5,237,179,10642
2021-10-05,App_B,Desktop Web,Broadband,AWS CloudFront,Country,FAST linear,1.81,3.68,2.22,0.86,1.27,1.88,4.17,1.71,3900,19.9,6272,30364,63136,83.1,63.4,46.8,31.5,55.3,87.4,1.55,68.7,10.5,5.16,2.98,89.7,267,192,7991
2021-10-06,App_A,WebOS,Cellular 5G,AWS CloudFront,Region,Live Sports/Events,1.46,3.89,2.19,0.82,1.3,2.14,4.64,2.22,3674,20.2,7852,37463,80574,80.9,65.7,49.2,31.5,54.2,87.6,1.71,70,9.4,5.31,3.01,89.8,239,177,11750
2021-10-06,App_B,Apple TV,Airtel,Akamai,Region,VOD Series,1.67,4.06,2.38,0.94,1.41,2.03,4.24,1.9,3875,21.8,6918,33505,76852,84,66.8,50,32.1,49.8,82.2,1.91,63.2,10.4,5.68,3.33,91.4,219,152,9264
2021-10-07,App_A,iOS,T-Mobile,Akamai,Metro,VOD Movies,1.49,3.87,1.58,0.82,1.68,2.36,4.18,2.14,4175,23.3,7550,36115,93474,84.8,63.8,45.9,35.3,53.8,85.5,1.77,67,9,5.57,3.1,91.1,221,180,11518
2021-10-07,App_B,Tizen,T-Mobile,Akamai,Country,Live Sports/Events,1.55,4.49,1.68,0.97,1.78,1.96,4.87,1.72,3315,21.3,6702,32438,79625,85.1,66.7,51,31.9,50.3,81.2,1.54,63.4,8.5,5.15,2.83,88.6,288,194,8562
2021-10-08,App_A,WebOS,Cellular 5G,Fastly,Country,FAST linear,1.5,4.12,2.21,0.72,1.15,2.01,4.26,1.89,4497,21,8021,38151,92269,79.8,67.1,50.6,31.1,57.6,84.5,1.3,67.6,8.5,5.56,3.3,88.7,191,158,9666
2021-10-08,App_B,Apple TV,Jio,Akamai,Metro,VOD Series,1.84,3.85,2.33,1.01,1.24,2.79,4.02,2.51,3682,22.6,6654,32236,85561,80.5,64,47.5,31.4,50.8,86.5,1.49,66.8,9,5.29,2.97,88.5,229,205,11819
2021-10-09,App_A,Android TV,Wi-Fi,AWS CloudFront,Country,VOD Movies,1.65,3.38,1.96,0.74,1.48,2.42,4.91,1.67,3868,20.8,7870,37715,78936,82.8,62,50.7,33.3,55.9,87.1,1.35,66.3,9.8,5.33,2.99,88.6,231,184,12710
2021-10-09,App_B,iOS,Cellular 5G,Cloudflare,Metro,Live Sports/Events,1.61,4.19,1.83,1.01,1.23,2.11,4.49,1.82,3694,21.6,6650,31762,79773,81.5,62.4,49.3,30.7,54.7,87.6,1.69,64.2,10.9,4.86,2.83,89,258,156,11387
2021-10-10,App_A,Android,Cellular 5G,AWS CloudFront,Metro,VOD Series,1.82,3.65,1.74,0.85,1.35,2.56,4.8,1.9,3944,24,7165,34279,87745,82.7,67.7,50.3,35.4,52.9,81.6,1.63,68.5,8.9,5.43,3.02,91.3,257,188,12290
2021-10-10,App_B,Desktop Web,AT&T,Akamai,Region,VOD Series,1.71,3.63,2.51,0.83,1.51,2.49,4.57,2.46,3850,22.4,6311,30427,79332,83.3,66.8,45.5,33.4,49.5,86.6,1.87,65.7,8.8,5.56,3.34,90.3,209,186,8750
2021-10-11,App_A,Tizen,Airtel,AWS CloudFront,Region,FAST linear,1.62,3.32,2.15,0.73,1.31,1.78,4.54,1.65,4592,22.6,8010,38725,95060,81.2,68.1,49,31.7,52.5,86,1.59,70.6,8.7,5.48,3.29,89.4,201,196,11353
2021-10-11,App_B,Apple TV,Wi-Fi,Fastly,Metro,FAST linear,1.92,4.18,2.14,1,1.54,1.93,4.36,2.14,3421,19.1,6065,29023,69533,85.2,62.5,51.1,31.7,51.1,82.6,1.87,63.7,9.6,5.82,2.99,90.3,225,152,10586
2021-10-12,App_A,Desktop Web,AT&T,Akamai,Country,Live Sports/Events,1.49,3.92,2.09,0.74,1.34,2.6,4.2,1.66,3824,21.9,6923,32995,88553,84.1,62.6,48.3,32.5,55.4,86.4,1.48,72.1,10,4.9,3.53,88.4,206,161,9341
2021-10-12,App_B,Android TV,Verizon,AWS CloudFront,Country,Live Sports/Events,1.58,3.65,1.88,0.92,1.43,2.65,4.04,2.42,3452,20.9,5995,28675,67559,79,61.8,48.7,30.4,55.3,83.7,1.44,65.8,9.4,5.18,2.92,90.5,253,180,10466
2021-10-13,App_A,Apple TV,AT&T,Akamai,Metro,Live Sports/Events,1.7,3.88,1.99,0.8,1.36,1.96,5.08,1.91,4102,22.2,7391,35366,88190,84.3,68.1,49.9,33,54.9,82.8,1.49,72.7,8.4,5.62,3.1,89.4,227,183,13214
2021-10-13,App_B,iOS,AT&T,Akamai,Metro,VOD Series,1.51,4.66,1.72,1,1.23,2.54,3.96,2.3,3915,19.8,6402,30577,79154,83.5,65.8,50.2,32.3,51.4,82.9,2.03,68.6,9.1,5.11,2.85,89.6,278,161,7910
2021-10-14,App_A,Apple TV,Cellular 5G,Akamai,Region,FAST linear,1.85,4.09,1.95,0.88,1.46,2.3,4.51,1.8,4295,22.7,7606,36824,98164,81.8,64.2,46.9,33.5,54.4,84.4,1.63,71.9,8.5,5.27,3.49,91,262,162,9841
2021-10-14,App_B,iOS,Comcast Xfinity,Fastly,Region,Live Sports/Events,1.91,3.63,1.88,0.8,1.36,2.63,4.47,2.28,3963,18.9,6486,31376,66879,84.2,66,49.3,31.9,51.4,86.2,1.71,64.4,10.8,6.13,3.22,89.2,271,159,10621
2021-10-15,App_A,Tizen,Comcast Xfinity,Fastly,Region,FAST linear,1.67,4.29,2.31,0.76,1.63,2.38,4.24,2.08,3613,20,7026,34065,85392,80.6,63.4,46.4,33.8,52.2,84.1,1.63,71.3,8.7,5.04,3.51,88.9,249,146,11900
2021-10-15,App_B,Android,Broadband,Cloudflare,Country,VOD Movies,1.8,3.77,2.5,1.03,1.6,1.91,4.46,1.7,3221,21.6,6358,30448,69988,79.6,66.7,47.2,30.8,50.3,87,1.88,63.3,11.2,5.54,2.96,90.6,252,208,8413
2021-10-16,App_A,FireTV,Comcast Xfinity,Fastly,Country,VOD Series,1.43,3.44,1.83,0.82,1.23,2.48,4.83,2.08,4037,23.5,7476,35753,84823,83.3,66.6,47.5,31.9,58,84.3,1.58,71.4,8.3,5.07,3.18,88,215,155,10285
2021-10-16,App_B,Apple TV,Cellular 5G,Cloudflare,Country,VOD Series,1.56,4.02,1.89,0.9,1.23,1.95,3.98,1.72,3523,18.9,6162,29848,69845,81.3,66.3,46.1,31.1,51.4,81.9,1.55,65.6,8.4,4.99,2.86,89.6,284,171,8926
2021-10-17,App_A,Tizen,AT&T,AWS CloudFront,Country,VOD Series,1.69,3.57,2.26,0.71,1.49,2.49,4.37,2.13,3901,19.6,7357,35398,76069,80.4,68.2,45.9,34.4,54.2,82.7,1.47,66.9,8.3,5.02,3.06,89.1,248,177,13013
2021-10-17,App_B,WebOS,Comcast Xfinity,AWS CloudFront,Metro,VOD Series,1.74,3.66,1.75,0.92,1.55,2.19,4.38,1.82,3386,18.5,6275,29990,74532,80.8,65,45.8,31.2,50.4,87,1.81,68.2,10.2,4.9,3.07,89.3,279,151,8904
2021-10-18,App_A,WebOS,AT&T,Cloudflare,Metro,VOD Series,1.66,3.97,1.57,0.71,1.64,2.22,4.91,2.18,4016,20.1,7009,33491,74377,82.4,61.8,46.8,33,58,83.8,1.3,67.2,10.1,4.75,3.51,89.2,209,161,10138
2021-10-18,App_B,Apple TV,Verizon,Fastly,Metro,FAST linear,1.77,4.27,2.17,1.01,1.31,2.47,4.53,1.79,3555,21.1,5856,27888,74853,83.1,64.8,46.6,29.7,55.2,87.7,2.04,68.4,8.5,5.92,2.78,88.3,230,186,8256
2021-10-19,App_A,WebOS,Comcast Xfinity,Cloudflare,Metro,VOD Series,1.84,3.47,2.1,0.7,1.16,2.35,4.18,2.08,4407,19.5,7907,38229,94253,82.1,66.6,47.4,35.4,58,81.9,1.66,69.8,7.7,5.48,3.16,88.7,231,185,12745
2021-10-19,App_B,Apple TV,Airtel,AWS CloudFront,Metro,VOD Movies,1.62,3.95,2.08,0.98,1.26,2.13,4.21,1.72,3635,19.3,6534,31149,65978,82.3,63.5,46.6,29.7,51.8,85.9,1.87,63.9,9.1,5.51,2.8,88.7,253,208,9386
2021-10-20,App_A,WebOS,Wi-Fi,Fastly,Country,VOD Movies,1.66,4.38,2.21,0.71,1.54,2.06,4.29,1.82,4286,21.4,6838,33146,70339,79.9,62.8,46.7,32.6,55.3,85.7,1.36,67.8,9.6,5.07,3.04,88.4,220,152,9967
2021-10-20,App_B,iOS,Verizon,Fastly,Metro,FAST linear,1.68,3.89,2.36,0.89,1.76,2.56,4.1,1.89,3352,20.5,6422,30553,70026,84.4,64.1,49.9,30.9,50,81.4,1.51,66.4,9.5,5.87,2.86,89.3,233,204,7769
2021-10-21,App_A,Android,Cellular 5G,Fastly,Country,VOD Movies,1.65,3.37,1.76,0.84,1.21,1.98,4.81,2.22,4357,21,7020,34044,80665,84.4,68,47.8,32.2,55.5,81.3,1.32,69.1,9,4.63,3.21,89.1,247,190,11280
2021-10-21,App_B,Android TV,Cellular 4G,Fastly,Region,FAST linear,1.86,3.86,1.79,0.78,1.66,2.4,4.3,1.84,3229,20,6114,29507,76603,84.5,63.3,46.7,32.1,53.6,86.6,1.91,65.3,8.4,4.87,3.17,89.3,230,163,8668
2021-10-22,App_A,Desktop Web,AT&T,Cloudflare,Metro,Live Sports/Events,1.43,3.64,1.73,0.79,1.35,1.85,4.6,1.79,4602,23.5,7124,34135,83812,81.7,66,50.6,33.9,56.8,83.4,1.79,70.3,9.8,5.23,3.48,90.6,232,140,10857
2021-10-22,App_B,Android,T-Mobile,AWS CloudFront,Country,FAST linear,1.92,4.74,2.33,0.84,1.3,2.37,4.43,2.03,3402,20.4,6815,32476,81439,84.5,62.5,50.7,33.6,50.2,85.4,1.4,69.2,10.1,4.98,3.03,90,211,204,10405
2021-10-23,App_A,Tizen,Broadband,Cloudflare,Metro,FAST linear,1.81,4.16,1.9,0.77,1.28,2.08,4.57,1.73,4121,20.5,7641,36805,85666,81,65.8,45.8,34.1,54.9,81.6,1.56,71.8,8,5.15,3.04,88.6,246,152,9252
2021-10-23,App_B,Android,Airtel,Akamai,Region,VOD Series,1.69,3.61,2.3,1.01,1.23,2.31,4.35,2.42,3792,20.4,6435,30848,65288,79.2,64.8,48.6,32.9,54.6,81.4,1.76,66.2,9.6,5.85,2.95,90.4,235,206,10998
2021-10-24,App_A,FireTV,AT&T,Akamai,Metro,VOD Movies,1.71,4.33,1.65,0.65,1.22,2.22,5.01,1.82,3978,23.5,7608,36253,88257,85.3,62,51.1,33.3,54.4,82.1,1.86,70.6,8.4,4.59,3.47,91.5,253,161,11153
2021-10-24,App_B,WebOS,Cellular 4G,Akamai,Country,VOD Movies,1.64,3.6,2.47,1,1.69,2.1,4.21,2.32,3369,21.9,6802,32609,82819,82,67,48.9,33.3,51.1,85.1,1.39,64.3,8.6,5.64,3.27,89.5,277,170,10155
2021-10-25,App_A,Android,Airtel,Akamai,Metro,VOD Movies,1.49,3.57,1.61,0.94,1.66,2.05,4.63,1.94,4617,23,7403,35215,83613,85.2,65.3,46.3,31.8,55.6,83.4,1.6,70.2,8.8,4.87,3.25,90.7,232,147,10296
2021-10-25,App_B,Android,Airtel,Cloudflare,Metro,VOD Series,1.55,3.83,1.68,0.72,1.51,2.8,4.31,2.12,3432,22,5839,28133,58694,81.8,64.2,46.6,33,53.4,87.9,1.66,64.8,10.4,5.5,2.83,90.5,234,160,10434
2021-10-26,App_A,iOS,Wi-Fi,Cloudflare,Metro,FAST linear,1.42,4.02,2.02,0.69,1.21,2.46,4.96,2.28,4281,20.1,6944,33237,79510,83.5,62.9,46.4,33.2,53.5,84.2,1.85,67.7,9.2,5.18,3.09,89.5,218,141,8881
2021-10-26,App_B,Android,Jio,Fastly,Region,VOD Series,1.92,4.25,2.46,0.92,1.73,2.48,4.15,1.67,3601,18.4,6414,30698,77465,84.7,65.1,50.7,31.8,52.7,82.6,1.83,69.1,10.7,5.23,3.15,88.6,241,199,8840
2021-10-27,App_A,Android TV,AT&T,Fastly,Metro,FAST linear,1.41,4.22,2.13,0.66,1.57,2.44,4.34,2.13,4437,21.9,6850,32804,74135,81,68.3,50.7,33.8,55.8,86.6,1.4,69.4,9.2,4.49,3.17,90.6,266,155,9321
2021-10-27,App_B,Apple TV,Broadband,Akamai,Metro,FAST linear,2,3.82,2.31,0.72,1.76,2.31,4.36,1.94,3519,18.9,6116,29551,73219,82.8,63.2,48.9,33.6,53.8,82.8,1.52,64.5,10.7,6.08,2.91,90.8,239,201,8100
2021-10-28,App_A,Android,Verizon,Akamai,Metro,FAST linear,1.48,4.26,1.92,0.89,1.51,2.04,4.58,2.27,3989,20.9,6914,33306,82337,84.3,64.5,47.6,31.2,57.2,86,1.64,70.9,8.3,5.02,3.02,90.2,224,185,10193
2021-10-28,App_B,WebOS,Broadband,Akamai,Country,VOD Series,1.72,4.44,1.86,0.84,1.43,2.49,4.59,2.26,3458,19.8,6746,32599,68652,85.2,63.2,45.7,33.8,53.6,84.8,1.9,65.6,10.6,5.32,3.22,89.3,215,186,8666
2021-10-29,App_A,Tizen,Jio,Cloudflare,Region,VOD Movies,1.66,4.04,2.03,0.78,1.65,2.1,4.7,1.87,3571,22,7838,37793,89149,81.8,66,48.1,34.8,55.8,82.3,1.38,69.7,9.7,4.71,3.11,90.6,243,166,10503
2021-10-29,App_B,FireTV,Jio,Fastly,Metro,FAST linear,1.76,4.02,1.7,0.77,1.68,2.51,4.59,2.12,3719,19.3,6643,31994,82089,85.3,65.6,46.7,29.6,55.4,86.1,1.71,65.9,9.1,5.68,3.01,89.3,250,177,9611
2021-10-30,App_A,FireTV,Verizon,Fastly,Metro,VOD Series,1.86,4.35,2.03,0.84,1.16,2.57,4.72,1.6,3977,21.9,7385,35372,95193,80.3,66.6,46.2,35,56.2,86.1,1.47,72.9,10.3,5.28,3.19,89.5,236,182,12466
2021-10-30,App_B,WebOS,Cellular 4G,Fastly,Country,FAST linear,1.57,3.91,1.79,0.89,1.48,2.07,4.03,2.27,3967,22.4,6539,31527,84814,82.5,62,50.8,33.7,54.9,86.2,1.61,63.3,8.4,4.88,3.34,88.5,253,176,10794
2021-10-31,App_A,iOS,Comcast Xfinity,Fastly,Country,VOD Movies,1.6,3.48,2.28,0.81,1.46,1.99,4.58,2.14,4355,22.3,6956,33513,86913,79.3,64.6,48.9,32,58.3,82.8,1.45,70.5,8,5.38,3.08,89.8,263,172,9347
2021-10-31,App_B,iOS,Verizon,Cloudflare,Region,FAST linear,1.63,4.38,2.31,0.76,1.66,2.49,4.26,1.9,3526,21.8,5835,27984,74913,82.2,66.6,49.3,32,55.7,81.3,1.93,67.9,9.8,4.85,3.04,88.1,279,198,8131
2021-11-01,App_A,WebOS,Verizon,Fastly,Metro,VOD Movies,1.77,4.02,2.12,0.67,1.23,2.32,4.65,2.14,4287,21.5,7631,36569,76723,80.2,68.1,50.4,35.7,54.4,87.9,1.57,69.5,8.2,5.29,3.44,89.4,255,194,10283
2021-11-01,App_B,Android TV,Wi-Fi,Cloudflare,Region,Live Sports/Events,1.72,3.91,2.2,0.89,1.31,2.58,4.02,2.33,3918,19.5,6043,29233,69813,82,64.1,49.9,30.7,54.8,83.3,1.92,69.6,9.1,5.03,2.9,91.1,274,199,8151
2021-11-02,App_A,Desktop Web,AT&T,AWS CloudFront,Country,VOD Movies,1.42,3.96,1.75,0.94,1.13,1.99,4.86,2.3,4180,23.1,7340,35559,90607,79.5,64.1,50.7,35.1,54.4,87.8,1.83,73.1,8.6,5.1,3.38,91,229,149,9752
2021-11-02,App_B,Desktop Web,Cellular 5G,AWS CloudFront,Region,FAST linear,1.82,3.55,2.34,0.75,1.71,2.06,4.03,1.97,3414,19.3,6491,31035,76916,81.1,63.9,50.2,32,54,88,1.56,68.3,10,5.61,2.84,90.2,229,177,8914
2021-11-03,App_A,iOS,Broadband,Akamai,Region,VOD Movies,1.85,3.6,2.02,0.88,1.39,2.37,4.4,1.98,4720,21.6,6853,33144,88955,85.1,62.2,50.7,35.1,56.1,84,1.45,67.7,10,5.45,3.59,89.3,269,183,9868
2021-11-03,App_B,Android TV,Jio,Cloudflare,Country,Live Sports/Events,1.52,4.37,2.26,0.85,1.74,2.73,4.12,2.41,3425,20.7,6756,32552,83774,80.2,66.5,47.4,32.5,54.3,86.6,1.85,64.4,10.8,5.13,2.94,88.8,252,207,10495
2021-11-04,App_A,WebOS,Verizon,Akamai,Region,VOD Series,1.51,3.38,2.16,0.74,1.31,2.31,4.86,1.86,4115,21.1,6856,33251,85387,81.1,64.9,45.9,33.6,58,82.7,1.59,73.2,9.6,5.61,3.54,88.1,210,189,11593
2021-11-04,App_B,iOS,Wi-Fi,AWS CloudFront,Metro,VOD Series,1.6,3.68,1.69,1.01,1.68,2.43,4.42,1.69,3837,21.4,5897,28090,67907,79.6,63.7,49.1,30.4,52.5,82.7,1.72,69.5,9.7,5.3,3.01,88.6,230,210,9136
2021-11-05,App_A,iOS,Comcast Xfinity,Akamai,Metro,Live Sports/Events,1.58,3.73,1.6,0.88,1.15,2.24,4.53,1.67,3811,19.6,7052,33841,77270,84,61.9,47.2,34.7,55.9,84.3,1.33,72.9,9.8,5.62,3.1,88.9,221,186,9638
2021-11-05,App_B,Apple TV,Jio,AWS CloudFront,Metro,FAST linear,1.51,4.46,2.05,0.99,1.24,2.22,4.41,2.27,3085,20,6554,31504,82645,84.7,63.3,46.5,33.7,55.7,81.9,1.55,68.2,9.9,5.54,2.95,89.6,259,148,9976
2021-11-06,App_A,WebOS,Airtel,AWS CloudFront,Country,VOD Series,1.81,4.42,2.02,0.8,1.23,2.14,4.29,1.69,3724,22.1,7526,35826,77683,79.5,67.6,51.3,33.9,53,85.9,1.27,69.4,9.4,4.54,3.29,90.6,249,182,11920
2021-11-06,App_B,Android,Comcast Xfinity,Cloudflare,Region,VOD Movies,1.87,4.54,1.81,0.83,1.71,2.25,4.87,1.7,3538,20.5,6310,30534,70458,80.1,63,51.4,29.7,55.2,84.8,1.75,68.1,9.3,5.01,2.84,88.1,244,166,11292
2021-11-07,App_A,Tizen,Cellular 4G,AWS CloudFront,Metro,FAST linear,1.55,3.44,2.14,0.74,1.33,2.47,4.81,2.16,4685,22.5,6975,33301,77589,79.3,67.3,49.3,33.3,52.7,83.7,1.58,71.2,9.4,5.61,3.18,91.2,237,162,11562
2021-11-07,App_B,Tizen,Jio,Akamai,Region,VOD Movies,1.59,4.37,2.23,0.84,1.56,2.47,4.4,1.91,3190,21.9,6379,30397,80314,82.7,64.3,49.3,33.5,51.2,87.6,1.69,69.6,10.9,4.98,3.07,88.2,277,169,8917
2021-11-08,App_A,WebOS,Cellular 4G,Fastly,Region,VOD Movies,1.86,3.49,2,0.84,1.41,1.88,4.5,2.26,4737,21.1,7522,36468,87940,82.6,64.8,48.9,34.8,55.6,87.7,1.47,70.1,9,4.91,3.11,89,210,195,9131
2021-11-08,App_B,FireTV,Cellular 4G,Fastly,Country,Live Sports/Events,1.74,4.02,1.81,0.81,1.77,2.68,4.82,1.88,3882,18.5,6401,31002,77289,83.9,65,45.7,31,54.5,84.9,1.59,66.9,9.7,5.99,2.96,91.2,244,195,8531
2021-11-09,App_A,WebOS,Cellular 4G,Fastly,Region,VOD Movies,1.66,3.42,2.23,0.91,1.46,2.59,4.49,2.01,4706,22.6,7626,36353,76490,81.2,65.2,50.3,32.7,54.6,82.5,1.89,67.2,8.3,5.37,3.04,88.5,247,155,11213
2021-11-09,App_B,Apple TV,Broadband,Akamai,Region,FAST linear,1.74,3.62,1.81,0.87,1.71,2.08,4.66,2.15,3668,21.1,6542,31715,78367,80.6,67.8,48.7,32.5,51.9,86.8,1.88,64,10.5,5.79,3.32,88.6,210,176,9625
2021-11-10,App_A,Android,Wi-Fi,Akamai,Metro,FAST linear,1.64,4.06,2.19,0.94,1.35,1.84,4.2,1.86,3882,21.5,7764,37018,98707,85.6,65.4,45.9,32.1,56.5,87.3,1.7,71.4,8.6,5.21,3.4,88.5,220,177,12917
2021-11-10,App_B,FireTV,AT&T,Akamai,Metro,VOD Movies,1.5,4.07,2.29,0.9,1.45,2.56,4.5,2.15,3350,22.4,6111,29504,61480,79.3,62.1,49.8,33.4,55.5,82.1,1.39,68.9,10.8,5.25,3.05,91,273,180,7804
2021-11-11,App_A,Desktop Web,T-Mobile,Akamai,Metro,FAST linear,1.86,4.2,1.66,0.85,1.66,2.36,5.23,2.29,4355,22.6,7411,35481,82460,80.6,62.9,48.4,33.4,55.2,87.7,1.9,71.3,8.7,5.19,2.97,88.5,217,178,9805
2021-11-11,App_B,iOS,Cellular 4G,Fastly,Country,FAST linear,1.74,4.28,2.1,0.98,1.22,2.02,4.42,2.25,4133,22,6812,32535,81315,82.7,66.5,45.9,34,51,82.3,1.77,67.2,8.3,5.55,3.38,89.5,203,155,8233
2021-11-12,App_A,Android,Cellular 5G,AWS CloudFront,Metro,Live Sports/Events,1.38,3.35,1.77,0.87,1.57,2.36,4.17,2.28,3928,20.9,7732,37485,80725,80.6,63.3,50.6,32,57.7,84.7,1.46,66.7,9.6,5.3,3.18,89.4,200,170,9660
2021-11-12,App_B,Android,T-Mobile,AWS CloudFront,Region,VOD Series,1.52,4.57,1.95,0.82,1.41,2.26,4.34,2.06,3645,19.9,6021,28825,69088,84.5,63.9,50.6,33.7,52.5,83,1.37,67,10.9,5.12,3.44,90.8,238,163,7349
2021-11-13,App_A,Android,Wi-Fi,Fastly,Country,VOD Movies,1.58,3.86,2.06,0.76,1.61,2.44,4.82,1.92,4315,22.4,7450,35629,82851,85.2,67.3,51.3,31.5,55.1,82.1,1.42,68.3,9.8,4.88,3.03,91.1,267,176,11032
2021-11-13,App_B,iOS,Comcast Xfinity,Cloudflare,Region,Live Sports/Events,1.93,4.01,1.83,0.81,1.34,2.64,4.93,1.91,3620,21.5,6019,28598,77841,80.3,65.7,45.8,32.1,49.9,83.6,1.96,68.4,9.7,6.03,3.31,91.4,245,154,7324
2021-11-14,App_A,WebOS,Wi-Fi,AWS CloudFront,Country,VOD Series,1.42,3.54,2.29,0.79,1.36,2.53,4.52,2.26,4291,22.2,7109,34080,77013,83.2,62.9,46,33.2,52.7,85.4,1.27,73.3,8.8,4.71,3.46,90.4,252,182,9268
2021-11-14,App_B,Android TV,AT&T,Fastly,Country,Live Sports/Events,1.58,3.84,1.77,0.99,1.68,2.26,3.97,1.76,3421,20.9,6073,29410,65506,83.8,63.2,47.6,30.7,54.9,85.6,1.57,69.1,10.6,5.34,3.01,89.2,267,190,9521
2021-11-15,App_A,Desktop Web,Jio,Fastly,Region,FAST linear,1.57,3.33,1.55,0.77,1.57,1.74,5.06,1.91,3962,21.6,8002,38046,98280,79.3,66.8,50.5,33.6,52.7,81.6,1.52,71,8,5.44,2.99,90.2,268,145,14366
2021-11-15,App_B,WebOS,Jio,Cloudflare,Metro,VOD Series,1.84,4.5,1.9,0.82,1.38,1.97,4.57,1.67,3921,20.4,6084,29236,61014,83.4,65.7,46.5,32.8,50.5,83.1,1.69,66.9,8.4,5.12,3.04,88.7,204,175,9675
2021-11-16,App_A,FireTV,Wi-Fi,Akamai,Region,VOD Series,1.82,3.99,2.24,0.67,1.2,2.51,5.24,1.77,4086,20.2,7734,37049,97614,80.5,65.9,47.9,33.6,54.5,87.9,1.79,71.9,8.6,4.74,3.27,88.2,211,138,13631
2021-11-16,App_B,WebOS,Cellular 4G,Fastly,Region,Live Sports/Events,1.96,4.72,2.24,0.73,1.41,2.11,4.32,2.47,3778,22.8,6291,30233,74690,84.4,68.2,47.3,32.8,55.7,84.8,1.85,65.3,8.6,4.97,2.93,89.9,268,163,8882
2021-11-17,App_A,WebOS,Airtel,Cloudflare,Region,FAST linear,1.75,4.12,1.9,0.86,1.62,2.47,4.57,1.68,3749,21.4,7197,34826,73883,81.9,68.3,47.6,34.4,55.2,82.2,1.4,67.7,8.9,4.68,3.26,91.1,237,150,9913
2021-11-17,App_B,Android TV,Verizon,AWS CloudFront,Metro,VOD Movies,1.65,4.3,2.43,0.72,1.48,2.56,4.17,2.38,3710,19.4,6854,32671,87509,81.5,66.2,47,32.9,55.3,85.1,1.81,69.1,10.8,5.06,2.83,90,273,154,9410
2021-11-18,App_A,Tizen,Jio,Akamai,Metro,FAST linear,1.56,3.68,1.84,0.73,1.38,1.8,4.59,1.55,4485,20.6,7138,34218,80201,82.3,65.1,51.4,33.4,53.5,84.4,1.53,71.6,8.9,5.08,3.29,89,241,150,11140
2021-11-18,App_B,Apple TV,Verizon,Fastly,Country,VOD Series,1.9,4.07,2.42,0.69,1.55,2.33,4.8,2.27,3571,19.9,6931,33075,70185,85,65.7,50.4,31.4,54.3,81.5,1.7,64,8.8,5.39,3.32,88.1,207,182,11928
2021-11-19,App_A,WebOS,Cellular 5G,AWS CloudFront,Region,VOD Movies,1.39,4.12,2.26,0.95,1.62,1.76,4.6,1.69,4914,21,8159,39248,89200,84.8,68.4,45.8,32.4,57.1,88.1,1.34,72.9,8.3,5.03,3.28,90.6,191,176,10499
2021-11-19,App_B,Android,Comcast Xfinity,Cloudflare,Country,VOD Series,1.61,3.66,2.01,0.85,1.38,2.1,4.75,2.29,4027,19,5985,29018,69618,83.1,63.6,45.8,33.1,54.6,82.3,1.38,64.8,10.3,5.43,3.27,91.3,242,205,10358
2021-11-20,App_A,Android,Broadband,AWS CloudFront,Country,Live Sports/Events,1.8,3.73,1.77,0.65,1.45,2.24,4.98,1.73,4298,24.3,7208,34625,92207,81,67.4,46.1,32.2,55.9,83.5,1.87,72.2,8.8,5.54,3.17,89.2,252,190,12843
2021-11-20,App_B,FireTV,Comcast Xfinity,Cloudflare,Metro,FAST linear,1.88,3.74,2.44,0.74,1.4,1.94,4.55,2.05,3586,19.8,6690,31790,83504,79.4,64,49.7,32.9,53.5,82.7,1.49,68.7,8.5,5.09,3.25,89.5,233,157,9365
2021-11-21,App_A,Desktop Web,Wi-Fi,Fastly,Metro,Live Sports/Events,1.75,4.35,1.97,0.9,1.57,1.8,4.98,1.93,4949,20,7725,36801,84981,80.9,63,49.2,34.1,58.5,81.8,1.79,71,9.8,5.14,3.64,89.1,216,189,10766
2021-11-21,App_B,iOS,Jio,Fastly,Country,VOD Series,1.94,4.38,2.03,0.8,1.53,2.52,4.8,2.15,4220,19.9,6390,30463,74138,84.3,63.9,49.8,32,50.4,86.9,2.03,66.5,9.7,5.67,3.37,88.3,265,196,10237
2021-11-22,App_A,Android TV,T-Mobile,AWS CloudFront,Country,Live Sports/Events,1.77,3.91,2.06,0.93,1.15,2.29,4.58,1.59,4568,20.5,7070,34159,70988,81.7,68.1,45.8,32.8,53.8,85.4,1.78,72.8,8.6,5.04,3.53,90,268,174,8779
2021-11-22,App_B,Android,Jio,Cloudflare,Country,VOD Movies,1.89,4.16,1.83,0.79,1.71,2.1,4.27,1.98,3475,19.3,6050,29274,71763,82.6,68.4,49.6,32.4,55,83.5,1.79,64.5,8.3,5.96,3.23,90.4,239,148,8679
2021-11-23,App_A,Android,Jio,AWS CloudFront,Metro,FAST linear,1.49,4.17,2,0.8,1.19,1.9,5.22,2.04,4902,23.2,7975,38360,88407,80.8,63.1,48.6,32.8,56.2,87.7,1.56,72.5,9.7,5.14,3.5,90,247,166,11360
2021-11-23,App_B,Apple TV,Cellular 4G,AWS CloudFront,Metro,VOD Series,1.72,4.28,1.98,0.72,1.69,2.27,4.05,2.15,3883,21.5,6876,32675,83544,84.8,62.2,47,31,54.8,86.6,1.4,66.2,8.7,5.7,3.2,91.5,217,206,10733
2021-11-24,App_A,Android TV,Comcast Xfinity,Akamai,Region,VOD Series,1.73,3.67,1.74,0.83,1.6,2.56,4.36,2.14,3817,20.5,8130,38727,88030,79.8,67.6,45.8,32.2,53,82.8,1.54,72.7,7.7,4.88,3.23,89.1,216,186,13586
2021-11-24,App_B,iOS,Cellular 5G,Cloudflare,Metro,FAST linear,1.82,3.73,2.28,0.96,1.69,1.86,4.72,2.23,4023,22,6066,28830,74004,84.9,64.8,48.7,31.2,52.1,83.2,1.58,67.4,10.7,4.91,3.21,90.2,201,153,9726
2021-11-25,App_A,iOS,Jio,AWS CloudFront,Country,FAST linear,1.77,4.02,1.56,0.88,1.58,2.36,5.15,1.57,4024,21,7225,34466,92941,82.5,65,51.3,31.4,57.1,84.6,1.27,67.8,7.7,5.29,3.07,89.1,226,172,11291
2021-11-25,App_B,Android TV,Wi-Fi,Fastly,Country,VOD Movies,1.72,4.24,1.74,0.7,1.28,2.06,4.43,1.75,3695,22.3,6674,32189,80190,85.2,65.6,47.7,32.1,53.3,84.3,1.63,64.7,11.1,5.63,2.89,88.3,215,202,8770
2021-11-26,App_A,iOS,T-Mobile,Fastly,Country,FAST linear,1.42,3.62,2.19,0.79,1.22,2.42,5.26,2.02,4218,21.5,7156,34312,92710,82.8,68.3,45.8,35.4,58.8,84.7,1.39,72.7,9.8,5.6,3.02,88.8,252,177,10792
2021-11-26,App_B,Android TV,Jio,AWS CloudFront,Metro,VOD Series,1.87,3.71,2.4,0.77,1.28,2.45,4.78,2.16,3937,21.7,7007,33829,77836,84.2,65.7,48.4,33.5,54.2,85.7,1.45,65,9.6,5.9,3.33,90.2,226,186,9161
2021-11-27,App_A,FireTV,T-Mobile,Akamai,Metro,Live Sports/Events,1.58,3.78,2.07,0.81,1.15,2.57,4.6,1.8,4036,22.6,7421,35928,94438,84.9,63.4,49.4,31.6,55.7,84,1.63,71.7,8.5,5.28,3.21,89.2,217,159,9664
2021-11-27,App_B,Desktop Web,Verizon,AWS CloudFront,Region,VOD Series,1.81,4.71,2.07,0.73,1.69,2.42,4.05,2.1,3398,19.4,6855,33187,81750,85.1,62.8,48.8,30,55.6,85.6,1.78,68.7,10.3,5.19,3.21,91.1,233,177,11995
2021-11-28,App_A,Android TV,Broadband,AWS CloudFront,Region,FAST linear,1.58,3.74,2.23,0.75,1.39,2.37,4.4,1.95,4804,21.6,7263,35165,81136,80.5,63.6,47.8,32.8,55.9,83,1.58,70.9,8.6,4.54,3.53,90.3,254,140,11242
2021-11-28,App_B,Tizen,T-Mobile,Fastly,Metro,VOD Series,1.93,4.31,2.03,0.68,1.43,2.03,4.05,2.36,3663,19.6,6743,32614,85077,81.9,68.4,49,31,55.6,87.8,1.42,63.4,10.9,6.05,2.96,88.1,281,157,9834
2021-11-29,App_A,Apple TV,Cellular 4G,Akamai,Country,VOD Movies,1.69,3.91,1.62,0.65,1.31,2.17,5.07,1.64,4371,21.2,7638,36285,84535,79.3,66.5,46.5,35.6,56.7,85.6,1.63,70.3,9,5.16,3.43,88.1,259,174,10261
2021-11-29,App_B,Android,Cellular 4G,Cloudflare,Region,FAST linear,1.69,3.61,2.04,1,1.73,2.13,3.96,1.81,4098,21.5,7220,34950,84337,83.5,65,47.1,31.6,50.1,81.7,1.59,69.7,8.2,6.03,3.37,90.1,233,165,11952
2021-11-30,App_A,FireTV,AT&T,AWS CloudFront,Metro,FAST linear,1.65,3.29,1.81,0.67,1.33,1.91,5.08,2.19,4397,24,8364,40478,95252,85.4,65.9,48.6,34.9,56.5,87.6,1.44,68.6,8.3,5.17,3.32,89.7,212,165,14949
2021-11-30,App_B,FireTV,Cellular 4G,AWS CloudFront,Metro,FAST linear,1.93,3.78,1.68,0.73,1.61,2.56,4.24,2.2,4143,21.2,6548,31482,70837,79.5,68.2,48,34,52.6,82.9,1.58,66,9.5,5.7,3.03,91.1,257,205,9655
2021-12-01,App_A,Android TV,T-Mobile,Cloudflare,Metro,VOD Series,1.43,3.44,2.04,0.83,1.43,1.98,5.09,1.79,3881,21.3,7649,37038,76831,83.3,66,46.5,34.9,56.6,85.1,1.69,69.2,7.9,5.49,3.09,91.3,213,148,10023
2021-12-01,App_B,Desktop Web,Cellular 5G,Fastly,Metro,Live Sports/Events,1.52,3.53,1.76,0.88,1.54,2.27,4.04,2.16,3406,20.9,7064,33975,77251,82.5,62.5,50.8,31.2,55.9,84.1,1.79,64.9,8.8,4.8,3.39,88.8,239,183,8822
2021-12-02,App_A,Android,T-Mobile,Cloudflare,Country,VOD Series,1.42,4.31,1.6,0.89,1.14,2.36,5,2.09,3961,24.6,8402,40285,93282,79.3,64.4,51.2,32.3,52.5,84.1,1.57,71.4,9.9,4.57,3.05,89.4,247,163,10668
2021-12-02,App_B,iOS,Comcast Xfinity,Akamai,Metro,FAST linear,1.96,4.07,1.89,0.7,1.55,2.09,4.82,2.28,4283,21.7,7051,34009,83185,82.8,67.4,49.4,30.6,54.1,86.9,1.92,67.4,10.9,4.93,2.99,90.9,276,167,9777
2021-12-03,App_A,Tizen,Jio,Fastly,Region,VOD Series,1.59,3.65,1.68,0.85,1.39,2.19,4.33,2.17,4032,24.4,8111,38699,92202,79.6,68.3,47.2,34.8,53.2,85,1.56,72.2,8.7,5.12,3.36,91.3,223,153,12174
2021-12-03,App_B,Desktop Web,Cellular 5G,Fastly,Region,FAST linear,1.86,4.52,1.97,0.81,1.27,2.77,4.13,1.84,3992,20.6,7064,34041,87897,79.8,62.7,50,33.5,51.8,82.6,1.47,65,8.7,4.87,3.38,91.5,260,184,9978
2021-12-04,App_A,Desktop Web,Cellular 4G,Fastly,Country,VOD Series,1.72,3.58,1.89,0.89,1.63,2.09,4.79,2.06,5197,22.3,8585,41209,106665,82.7,62.3,46.1,35.5,56.4,82.3,1.88,72.7,8.2,5.27,3.14,88.8,232,157,15188
2021-12-04,App_B,Android,T-Mobile,Cloudflare,Metro,VOD Series,1.71,4.07,2.27,0.68,1.48,2.03,4.2,2.43,4162,21.8,7288,34672,83076,82.5,65.1,47.5,33.7,54.4,84.6,1.72,68.5,9.9,5.2,3.15,89.8,245,155,11622
2021-12-05,App_A,WebOS,Jio,Akamai,Metro,VOD Series,1.65,4.14,2.18,0.76,1.55,1.92,4.46,2.23,4968,24.5,8475,40501,88060,83.1,64.6,51.6,32.9,56.9,85.8,1.38,69.1,8.6,4.72,3.12,90.6,254,182,11118
2021-12-05,App_B,Apple TV,Wi-Fi,Fastly,Metro,VOD Movies,1.65,4.65,1.97,0.68,1.66,2.31,4.47,2.18,4151,23.8,7247,34517,78381,83.7,62.3,47.6,34.1,55.2,84.6,1.66,64.6,10.9,5.47,3.31,89.6,249,193,11222
2021-12-06,App_A,Apple TV,Broadband,Cloudflare,Country,VOD Movies,1.46,3.91,1.54,0.92,1.24,1.95,5.2,2.09,4084,25.5,7504,35934,79605,81.8,63.2,46.2,34.5,55,86.2,1.42,68,8,5.04,3.11,90.7,204,175,10159
2021-12-06,App_B,Apple TV,Jio,Akamai,Metro,VOD Movies,1.68,4.11,2.22,0.79,1.53,1.94,4.76,1.9,4185,22.6,7255,34718,82612,81.4,68.5,47.6,33.7,52.9,82.2,2.02,64.3,10.2,5.75,3.05,91.4,212,165,9288
2021-12-07,App_A,Desktop Web,Jio,AWS CloudFront,Metro,Live Sports/Events,1.7,3.69,2.23,0.83,1.53,2.04,4.89,1.89,4283,23.3,8042,38612,101006,80.2,65.9,46.9,32.8,53.5,84.5,1.34,69,8.1,5.13,3.04,88.7,266,159,13969
2021-12-07,App_B,Android,Wi-Fi,AWS CloudFront,Country,VOD Movies,1.68,4.51,2.21,0.85,1.72,2.26,4.69,1.66,3603,20.7,6627,31616,71184,83.7,67.1,45.9,30.5,52.1,87.6,1.36,66.7,8.8,5.44,3.1,88.9,258,197,9425
2021-12-08,App_A,FireTV,AT&T,Cloudflare,Country,Live Sports/Events,1.6,3.88,1.61,0.77,1.24,2.49,4.78,1.9,4055,24.6,8432,40675,104118,82.2,62.7,46.9,31.5,55.1,86.4,1.31,68.5,9.1,5.02,3.6,91,195,160,14366
2021-12-08,App_B,Desktop Web,Wi-Fi,AWS CloudFront,Country,VOD Series,1.58,3.79,1.82,0.92,1.43,2.21,3.98,2.34,3405,22.6,6701,32373,80271,83.1,68.6,47.6,31.8,55,84.3,1.57,68.2,8.2,5.65,2.98,89.9,213,202,9090
2021-12-09,App_A,Android TV,T-Mobile,Akamai,Region,FAST linear,1.73,4.09,2.26,0.68,1.22,2.06,4.62,1.57,4910,22.6,8591,41088,91590,80.3,66.5,49.8,36,55.1,81.8,1.48,70.9,8.9,4.83,3.05,88.6,238,165,11048
2021-12-09,App_B,Android TV,Cellular 4G,Akamai,Country,FAST linear,1.82,4.18,1.96,0.75,1.77,2.41,4.34,2.14,4369,23.6,6669,31875,82387,85.6,65.5,49.7,33.6,50.7,83.2,2.02,68,9.9,5.4,3.18,88.4,257,160,9655
2021-12-10,App_A,iOS,Cellular 4G,Akamai,Country,FAST linear,1.51,3.94,2.03,0.7,1.61,2.4,4.74,2.11,4880,24.2,8020,38192,91173,80.4,67,50.2,35.9,55.1,85.9,1.68,68.6,9,4.98,3.65,89.1,236,188,11306
2021-12-10,App_B,iOS,Jio,Akamai,Country,FAST linear,1.66,4.68,1.68,0.98,1.22,2.13,4.85,1.64,4031,21.1,6870,32885,70407,80.1,63.8,48.4,33.5,55.8,81.9,1.88,68.9,8.7,5.21,2.87,88.2,205,175,10159
2021-12-11,App_A,Android,Broadband,Cloudflare,Country,FAST linear,1.81,3.4,2.02,0.83,1.35,2.29,4.51,2.02,4243,25.8,8596,41337,109190,83.4,65.8,50.9,33.3,52.8,81.7,1.59,71.7,9,4.99,3.23,88.4,224,152,10938
2021-12-11,App_B,Android TV,Jio,AWS CloudFront,Country,VOD Series,1.77,4.58,1.9,0.8,1.74,2.65,4.97,1.72,4371,23.7,7225,34768,84200,82.3,67.6,50.3,33.6,53.5,83.1,1.61,63.5,9.2,4.76,3.35,90.2,275,167,10753
2021-12-12,App_A,Apple TV,Wi-Fi,Akamai,Region,FAST linear,1.65,3.77,1.52,0.82,1.33,2.46,4.95,2.12,5303,23.2,7949,38343,87155,81.9,65.5,51.6,35.1,54.8,83,1.7,72.7,9.8,4.71,3.66,91.5,210,159,12138
2021-12-12,App_B,iOS,T-Mobile,Cloudflare,Metro,Live Sports/Events,1.63,4.62,1.8,0.81,1.75,2.7,4.38,1.8,4156,23.1,7580,36155,83622,85.4,65.9,47.9,30.7,55.7,81.6,1.58,66.2,10.7,5.03,3.05,91.6,215,178,13153
2021-12-13,App_A,WebOS,Broadband,Akamai,Metro,VOD Series,1.46,3.94,1.75,0.82,1.42,2.29,4.9,1.52,5395,21.6,8869,42749,92407,84.6,62.8,47.7,34.6,55.6,87.4,1.62,73.6,7.9,4.89,3.13,90.4,263,181,15507
2021-12-13,App_B,FireTV,Wi-Fi,Cloudflare,Country,FAST linear,1.73,3.64,2.45,0.88,1.49,2.4,4.69,2.09,4125,22.8,7083,34314,88478,80.3,63.9,48.1,34.3,55.4,87.7,1.8,64.5,9.6,4.81,3.31,91.7,246,165,8730
2021-12-14,App_A,Android TV,Verizon,Akamai,Region,VOD Movies,1.42,4.25,1.7,0.64,1.34,2.11,4.51,1.54,5068,22.4,8648,41113,96399,81.5,68.3,48.3,32.3,59.2,85.2,1.88,69.8,8.4,5.11,3.28,89.5,220,179,14670
2021-12-14,App_B,WebOS,Airtel,AWS CloudFront,Metro,FAST linear,1.92,4.01,2.31,0.74,1.33,2.47,4.51,2.1,3654,22.5,6925,33029,70025,81.5,65.5,47.3,31,55.8,83.6,1.84,67,10.9,5.17,3.3,91.2,202,195,9196
2021-12-15,App_A,Tizen,Broadband,Fastly,Country,Live Sports/Events,1.7,4.19,1.96,0.93,1.22,2.34,4.51,2.2,4478,23.2,8002,38621,85316,84.9,65.9,48.8,32,54.7,84.8,1.53,70.9,8.4,5.23,3.05,90,247,187,14009
2021-12-15,App_B,Tizen,Comcast Xfinity,Cloudflare,Metro,Live Sports/Events,1.74,3.67,1.84,0.87,1.68,2.42,4.59,2.1,3534,21.6,7028,33780,88198,81.8,66.2,50.4,33.4,54.7,83.7,1.37,69.8,8.6,5.8,3.03,90.7,271,202,12513
2021-12-16,App_A,Desktop Web,Cellular 5G,Fastly,Region,VOD Movies,1.48,4,1.87,0.72,1.21,2.53,4.89,2.11,4252,25.3,8718,42121,91931,79.4,68.3,50.4,34.3,54.1,84.4,1.43,73.2,10,5.45,3.39,90.4,260,176,12897
2021-12-16,App_B,Desktop Web,T-Mobile,Akamai,Metro,Live Sports/Events,1.59,4.05,1.69,0.75,1.63,2.39,4.57,1.7,4322,21.3,6711,32049,67682,84.1,65.2,50.3,32.9,52.4,87.5,1.63,64.4,8.4,5.97,3.27,88.9,244,160,11249
2021-12-17,App_A,Android TV,Cellular 5G,Akamai,Region,VOD Series,1.58,3.66,1.69,0.72,1.26,1.97,4.42,2.18,4812,24.6,7974,38135,83098,82,66.5,47.8,34.5,57.7,81.8,1.68,67.1,9,4.9,3.17,90.6,203,139,12653
2021-12-17,App_B,FireTV,Broadband,Akamai,Country,VOD Movies,1.61,4.49,1.74,0.8,1.53,2.46,4.47,1.92,4174,21.1,7596,36687,91815,81.5,63.9,48.4,33,55.2,83.1,1.51,69.9,9,6,3.19,89,215,151,9765
2021-12-18,App_A,FireTV,Broadband,AWS CloudFront,Region,FAST linear,1.43,3.46,1.99,0.92,1.65,1.72,4.57,1.7,4201,23.5,8177,39609,81949,80.4,67.6,46.5,35.4,52.6,83.1,1.79,71.2,9.4,5.23,3.42,90,228,165,9955
2021-12-18,App_B,WebOS,Wi-Fi,Fastly,Metro,VOD Movies,1.9,4.45,2.3,0.77,1.56,2.16,4.33,2.41,4471,22.1,7223,34721,89750,85.5,67.3,47.9,31.9,55.9,84.4,1.74,67.2,8.6,4.76,3.2,89.1,229,154,10766
2021-12-19,App_A,Android,Verizon,Cloudflare,Region,VOD Series,1.64,3.35,2.06,0.7,1.16,1.98,5.21,2.08,4405,24.1,9122,43626,111396,79.3,64.4,49.4,31.8,57.4,85.2,1.27,68.3,10.2,4.91,3.51,91.6,256,191,15629
2021-12-19,App_B,Tizen,Airtel,Cloudflare,Metro,VOD Series,1.52,3.98,2.31,1.01,1.78,2.6,3.98,1.89,3899,23.6,6881,32999,77165,79.5,64.5,49.9,33.9,55,82.4,1.6,68.6,8.8,5.7,2.95,89.2,249,160,8999
2021-12-20,App_A,Tizen,Cellular 5G,Fastly,Region,VOD Movies,1.43,3.49,1.97,0.91,1.19,2.54,4.57,1.84,4616,26.9,8213,39810,92957,80.6,68.5,49.3,35.1,55.8,82.2,1.54,72.8,9.6,4.53,3.13,91.6,204,135,13163
2021-12-20,App_B,iOS,Airtel,Akamai,Metro,VOD Movies,1.9,4.09,1.83,0.79,1.53,2.73,5.02,2.41,4136,23.4,7189,34847,90351,82.9,63.4,47.1,31,52.1,83.9,1.35,65.9,8.6,5.29,3.48,88.3,281,159,11219
2021-12-21,App_A,Apple TV,Comcast Xfinity,Akamai,Region,Live Sports/Events,1.55,4.22,2.16,0.7,1.25,2.54,5.17,1.72,4845,24,7997,38385,81041,85.7,67.8,47.3,34.3,55.9,87.8,1.67,72.1,8.9,4.6,3.61,89.7,235,145,13349
2021-12-21,App_B,Desktop Web,AT&T,Fastly,Metro,VOD Series,1.61,4.27,2.2,0.83,1.47,2.75,4.47,1.74,4438,25.8,7373,35183,86355,81.2,65.7,50.3,30.5,51.4,83.3,1.95,64.8,10.5,5.29,3.5,89.2,275,204,8867
2021-12-22,App_A,FireTV,Wi-Fi,Akamai,Metro,FAST linear,1.47,3.47,1.67,0.91,1.64,1.89,4.19,1.83,4891,24.4,8715,42014,110475,81.3,68.2,50,33.6,54.8,84.5,1.58,73.5,7.9,4.77,3.39,88.3,253,163,13193
2021-12-22,App_B,FireTV,T-Mobile,AWS CloudFront,Metro,FAST linear,1.9,3.48,2.2,0.9,1.67,2.43,4.19,2.29,4262,22.8,7735,36752,78434,84.2,65,50.9,31.8,53.9,82.8,1.55,64.3,9.8,5.2,3.33,88.9,205,170,12853
2021-12-23,App_A,FireTV,AT&T,Fastly,Country,FAST linear,1.37,3.38,1.89,0.79,1.37,1.78,5.29,2.13,4788,25.6,9212,44531,97540,80.2,62.6,51.7,36,54.4,86.6,1.84,67.4,9.8,4.59,3.5,91.2,211,153,14146
2021-12-23,App_B,Android TV,Jio,Fastly,Region,VOD Series,1.88,4.2,1.74,0.88,1.69,2.14,4.06,2.09,3827,25.8,7085,33974,89891,79.9,64.8,47.4,33.5,52.4,82.5,1.95,65.5,8.6,5.08,3.17,89.8,233,165,12702
2021-12-24,App_A,Desktop Web,AT&T,Fastly,Metro,FAST linear,1.42,4.02,2.23,0.67,1.47,1.91,4.65,1.88,4280,25.4,8592,41314,95549,82.9,63.7,51.6,35,58.4,86.2,1.28,68,8.8,4.55,3.69,90.2,201,158,12568
2021-12-24,App_B,iOS,Verizon,Cloudflare,Metro,FAST linear,1.71,4.3,1.67,0.97,1.31,2.24,4.37,1.92,3938,23.9,7847,37793,88482,84.7,63.6,50.1,33,51.1,82.5,1.44,66,9.4,4.77,3.15,89.1,226,178,11402
2021-12-25,App_A,FireTV,Wi-Fi,Cloudflare,Metro,Live Sports/Events,1.72,4.14,1.53,0.79,1.58,2.51,4.96,1.78,4718,27.3,8351,39777,103001,83.4,63.6,48.4,33.3,54,87.5,1.64,67.3,9.5,5.54,3.42,90.4,187,160,12121
2021-12-25,App_B,Apple TV,Jio,Fastly,Country,Live Sports/Events,1.91,4.29,2.07,0.77,1.36,1.88,4.9,1.7,4347,25.3,7012,33709,81528,83.9,66.4,47.2,31.9,51.3,82,1.79,64.8,9.9,5,3.24,89.5,246,167,9339
2021-12-26,App_A,iOS,Wi-Fi,Fastly,Metro,VOD Series,1.4,3.77,1.67,0.77,1.44,1.88,5.28,1.82,5138,24.2,8855,42863,114106,83.4,66.7,51.3,36,57.5,82.1,1.26,72.5,7.7,4.84,3.18,89.4,243,169,12366
2021-12-26,App_B,iOS,Jio,Cloudflare,Region,VOD Movies,1.73,4.65,2.14,0.96,1.7,2.07,4.63,2.14,3677,26.2,6940,33190,76471,84.9,65.7,50.6,30.7,55,87.1,1.86,64,10.3,5.5,3.43,91.3,223,190,11778
2021-12-27,App_A,Android,Cellular 5G,AWS CloudFront,Metro,Live Sports/Events,1.77,4.1,1.6,0.63,1.44,1.96,4.48,1.91,5268,23,8400,40707,104083,80.7,63.2,46.1,35,52.7,82,1.73,72,9,5.37,3.43,90.8,203,191,12525
2021-12-27,App_B,iOS,Wi-Fi,AWS CloudFront,Region,VOD Movies,1.69,4.5,2.1,0.81,1.32,1.84,4.33,2.44,3804,23.6,7997,38710,88053,81.4,68,49.4,31.7,52.4,85.5,1.56,65.1,10.9,5.87,2.95,88.5,221,193,11656
2021-12-28,App_A,Tizen,Cellular 5G,Fastly,Country,VOD Movies,1.75,3.46,1.73,0.79,1.5,2.47,4.49,2.24,5155,26.5,8572,41329,90502,79.5,67.1,48.3,32.4,54.1,86.9,1.49,67.1,8.3,4.87,3.45,88.8,198,171,14665
2021-12-28,App_B,iOS,Cellular 4G,Fastly,Country,VOD Movies,1.6,3.97,2.39,0.91,1.47,1.96,4.3,1.87,4540,23.9,7328,34816,93690,85.5,67.3,46.4,31.2,53.3,84.3,1.93,69.2,10.2,5.51,3.05,89.4,242,201,12673
2021-12-29,App_A,Desktop Web,Cellular 5G,AWS CloudFront,Region,VOD Series,1.38,3.37,1.58,0.67,1.51,2.29,5.23,1.83,5592,25.3,9114,43603,109666,80.5,67.6,50.3,34.6,57.2,83,1.38,72.8,8.4,4.44,3.53,91.3,229,155,14863
2021-12-29,App_B,iOS,Wi-Fi,Cloudflare,Country,VOD Series,1.54,4.46,2.14,0.95,1.34,2.09,4.83,1.98,4827,24.2,8011,38346,98882,80.2,64,49.7,32.2,51.7,85.5,1.8,66.5,8.9,5.82,2.91,90.3,244,176,11092
2021-12-30,App_A,Android TV,Cellular 4G,Cloudflare,Region,VOD Movies,1.64,3.32,2.25,0.77,1.39,2.39,4.5,2.17,5280,28,9424,45244,113367,85.7,62.6,50.5,31.9,53,87.4,1.67,67.4,9.4,5.25,3.16,91.6,198,175,11983
2021-12-30,App_B,Android TV,Comcast Xfinity,Akamai,Region,VOD Movies,1.82,4.24,1.94,0.91,1.36,2.21,4.8,2.36,4603,22.4,7645,36447,83601,81.8,66.7,46.3,33.2,55.4,84.7,1.38,64.9,8.7,5.15,3.29,88.2,212,182,12268
2021-12-31,App_A,WebOS,Comcast Xfinity,AWS CloudFront,Metro,Live Sports/Events,1.77,3.75,1.51,0.84,1.24,2.32,4.23,2.25,4949,27.3,8479,41109,88191,83,62.8,49.4,35.6,58.6,86,1.42,67.9,7.9,4.99,3.28,91.1,233,144,14321
2021-12-31,App_B,Desktop Web,AT&T,Fastly,Metro,FAST linear,1.91,4.52,1.68,0.96,1.48,2.07,4.09,1.96,4443,22.9,8040,38449,93767,79.5,67.3,51.3,31.7,55.2,82.5,1.83,68.5,10.4,5.86,3.21,91.7,203,166,10361
2022-01-01,App_A,WebOS,Comcast Xfinity,Akamai,Country,VOD Series,1.7,3.84,2.02,0.9,1.19,2.04,4.75,2.19,4411,24.5,9739,46927,106750,83.6,66.2,51.6,31.8,53.6,87.5,1.62,68,9.5,5.21,3.11,90.7,247,163,12306
2022-01-01,App_B,Desktop Web,Cellular 5G,Fastly,Region,Live Sports/Events,1.7,3.62,2.28,0.8,1.74,2.48,4.49,1.71,3989,26.8,7596,36162,87788,83.1,68.7,48,32.3,54.4,82.7,1.86,69,10.5,5.35,2.94,89,225,179,9290
2022-01-02,App_A,WebOS,T-Mobile,AWS CloudFront,Country,Live Sports/Events,1.72,3.97,1.99,0.69,1.19,2.23,5.04,1.99,5487,23.8,8781,42018,98018,83.2,67.1,48.1,34.6,58.2,81.9,1.49,72.3,8.8,4.74,3.09,88.4,238,156,10791
2022-01-02,App_B,Tizen,Cellular 5G,Fastly,Region,FAST linear,1.91,3.61,1.63,0.68,1.33,2.2,4.22,2.2,4022,26,8070,38740,96274,84.9,67,49.8,32.8,52.5,85.1,1.97,65.8,10.1,5.73,2.94,89.6,254,162,12033
2022-01-03,App_A,Tizen,Comcast Xfinity,AWS CloudFront,Country,Live Sports/Events,1.43,3.27,1.97,0.76,1.54,2.4,4.82,2.11,5379,24.5,8601,41109,97822,83.9,67.8,49.3,32.5,54.1,85,1.44,73.3,8.4,4.88,3.59,91.8,221,190,14993
2022-01-03,App_B,WebOS,Broadband,AWS CloudFront,Region,Live Sports/Events,1.64,4.5,1.98,0.74,1.54,2.06,4.63,2.02,5006,25.4,7340,35281,85093,83,68.7,50.3,30.3,54.7,88.2,1.99,66.8,9.9,5.03,3.03,90,199,151,9515
2022-01-04,App_A,Android TV,Broadband,Cloudflare,Region,FAST linear,1.45,3.99,1.76,0.77,1.45,1.84,4.89,1.83,5254,28.9,9422,45085,107873,85.4,64.8,51.3,36,54.9,83.8,1.69,70.4,9.6,5,3.57,91.6,253,153,12890
2022-01-04,App_B,FireTV,Cellular 5G,Fastly,Metro,Live Sports/Events,1.72,4.57,1.73,0.79,1.22,1.94,5.04,1.97,4178,25,8116,38646,83415,85.1,67.4,51,33.6,51.6,86,1.68,66.8,9.7,5.47,3.45,89.6,201,200,10039
2022-01-05,App_A,Android TV,Broadband,Cloudflare,Region,Live Sports/Events,1.62,3.72,2.04,0.7,1.27,1.78,4.76,1.83,4590,29.1,8773,41857,101246,82.3,63.7,50.8,33.9,56.1,88.3,1.53,68.8,7.9,5.45,3.24,88.2,235,147,14012
2022-01-05,App_B,iOS,Cellular 4G,Fastly,Region,FAST linear,1.57,4.69,1.68,0.67,1.57,2.63,4.59,2.15,3889,25.8,7574,36274,97954,83.4,65.6,51.6,31.2,51.5,84.8,1.45,64,9.4,5.96,3.22,90.7,255,191,12557
2022-01-06,App_A,Apple TV,Airtel,Cloudflare,Country,FAST linear,1.43,3.65,1.63,0.81,1.24,2.24,5.1,1.83,5406,24.4,9546,45921,120423,81.7,64.8,51.2,33.4,57.5,86.8,1.65,68.8,9.1,4.47,3.07,91.3,220,151,11589
2022-01-06,App_B,Apple TV,Verizon,Akamai,Metro,VOD Movies,1.61,3.93,1.71,0.84,1.29,2.57,4.31,2.4,4415,23.4,8465,40230,109978,82.1,66,51.3,30.4,54.2,87.8,1.81,68.1,8.9,5.89,3.3,90.7,212,163,11584
2022-01-07,App_A,FireTV,T-Mobile,Cloudflare,Region,VOD Movies,1.49,4.3,1.71,0.86,1.35,2.28,5.31,2.23,4909,27.4,9286,44611,110791,85.1,68.3,48.6,34,54.8,87.7,1.81,69.2,8.3,5.32,3.45,89.7,247,152,12962
2022-01-07,App_B,Desktop Web,Verizon,AWS CloudFront,Region,VOD Series,1.67,4.06,1.92,0.86,1.5,2.28,5.02,1.69,4050,26.8,8058,38589,92717,81.6,65.5,47.8,34.1,51.1,85.5,1.8,68.9,10.9,4.74,3.31,88.9,250,163,12074
2022-01-08,App_A,Android TV,Wi-Fi,Fastly,Country,FAST linear,1.71,4.35,2.06,0.66,1.36,1.88,4.96,1.66,5403,27.1,8615,41496,102857,85.1,68.4,46.9,33,58.4,82.9,1.79,68.7,8.8,4.48,3.14,90.2,259,138,13199
2022-01-08,App_B,iOS,Wi-Fi,AWS CloudFront,Metro,FAST linear,1.88,4.67,2.04,0.81,1.3,2.03,4.07,1.72,4817,23.8,7584,36053,78650,82,67.2,46.3,34.3,51.4,85.5,1.47,66.3,10.1,4.85,3.14,91.4,270,199,11402
2022-01-09,App_A,WebOS,T-Mobile,Fastly,Country,VOD Movies,1.61,3.79,1.53,0.63,1.34,1.96,4.65,1.58,6033,25.3,10001,48314,114755,80.5,64.4,49,34.3,53.6,81.8,1.62,71.5,8.9,4.52,3.4,90.9,221,175,12711
2022-01-09,App_B,Android TV,Airtel,Cloudflare,Region,VOD Movies,1.96,4.38,1.68,0.69,1.58,2.36,4.02,1.65,4866,28,8283,40159,83911,81,63.4,46.1,33.3,51.5,87.3,1.47,69.6,10.7,5.79,3.1,91.8,267,171,12272
2022-01-10,App_A,FireTV,Airtel,Fastly,Country,VOD Series,1.61,3.29,1.67,0.77,1.2,2.38,4.37,2.25,5094,29.4,9364,44484,120973,81,62.3,50.5,36.1,52.8,82.8,1.47,71.2,8.5,5.6,3.35,88.8,214,157,13855
2022-01-10,App_B,WebOS,T-Mobile,Akamai,Country,Live Sports/Events,1.94,4.44,2.13,0.99,1.31,1.94,5.04,2.04,3948,28.3,8411,40668,104105,85.2,68.7,48.2,30.7,50.6,85.5,1.71,69.9,9.2,5.52,3.07,89.7,250,198,13020
2022-01-11,App_A,FireTV,Verizon,Cloudflare,Metro,VOD Series,1.39,3.71,1.72,0.82,1.14,2.05,4.49,1.73,4636,28.5,10073,48643,121127,82.2,67,46.7,33.6,56.3,86.1,1.86,73.8,9.4,5,3.49,88.3,207,161,14780
2022-01-11,App_B,Android,T-Mobile,Akamai,Country,Live Sports/Events,1.72,3.62,1.73,0.78,1.75,1.84,4.54,2.39,4818,28.3,7426,35375,78848,82.3,64.8,52,34.2,56.3,86.9,1.53,64.9,9.7,5.92,3.06,88.3,222,156,9483
2022-01-12,App_A,FireTV,T-Mobile,Cloudflare,Metro,Live Sports/Events,1.81,3.82,2.07,0.77,1.44,2.22,5.17,1.98,4915,28.4,9754,47229,118391,83.1,64.1,46.8,36.4,57.8,84.4,1.85,70.8,8.8,4.49,3.55,89.1,191,189,14653
2022-01-12,App_B,Tizen,AT&T,Fastly,Region,Live Sports/Events,1.85,4.46,1.67,0.7,1.66,2.53,4.46,2.41,4201,26,7895,37914,92736,83.4,64.9,48,33.8,54.5,85.1,1.79,66.6,8.8,5.23,3.05,91.2,250,177,12299
2022-01-13,App_A,Desktop Web,Jio,Akamai,Metro,FAST linear,1.5,3.35,1.74,0.82,1.31,2.32,4.31,1.51,5845,28.2,9508,45357,108102,85.1,63.9,50.6,36.4,53.2,82.9,1.44,69,9.9,4.73,3.32,89.3,258,137,15014
2022-01-13,App_B,Android TV,Cellular 5G,Cloudflare,Country,Live Sports/Events,1.81,4.58,2.26,0.82,1.44,2.05,4.61,1.73,5295,24.4,8372,40390,104094,82.4,64.1,49.6,32.3,51.1,85.5,1.93,66,9.4,5.07,3.34,89.6,264,157,10205
2022-01-14,App_A,Android TV,Broadband,Cloudflare,Country,VOD Series,1.69,3.6,1.81,0.71,1.26,1.97,4.99,1.68,4925,26.2,10304,49647,120106,80.6,68.1,50.2,32,55.3,85.5,1.45,72.8,9.7,5.2,3.29,90.3,232,161,13451
2022-01-14,App_B,iOS,Jio,Akamai,Country,VOD Series,1.55,3.77,1.89,0.96,1.47,2.73,5.03,2.2,4237,25,8430,40722,87256,84.7,62.7,51.8,31.9,56.4,84.7,1.97,64.7,8.3,5.99,3.44,90.3,271,195,13856
2022-01-15,App_A,iOS,Comcast Xfinity,Akamai,Metro,VOD Series,1.42,3.46,1.83,0.77,1.21,2.04,4.66,1.81,6076,25.7,9945,47881,128769,82.1,65.6,51.4,35.7,57.4,88,1.71,70.1,7.6,4.88,3.59,91.8,225,139,17655
2022-01-15,App_B,WebOS,Jio,AWS CloudFront,Region,VOD Movies,1.83,3.93,2.36,0.71,1.72,2.4,4.94,1.65,4606,24.7,7691,37169,90005,84.1,67.1,48.8,33.4,50.6,88.4,1.42,67.4,8.5,5.05,3.05,91.2,275,201,12935
2022-01-16,App_A,Android,T-Mobile,Akamai,Metro,FAST linear,1.76,4.35,1.56,0.79,1.57,1.81,5.06,1.99,5705,25.3,9734,46647,103466,82.4,64.3,46.3,33.7,52.9,84.4,1.59,72.3,9,4.59,3.73,90.2,202,147,17058
2022-01-16,App_B,Android TV,Wi-Fi,Akamai,Metro,VOD Series,1.72,3.93,2.3,0.94,1.4,2.58,4.54,2.35,4076,28.4,8100,39029,81706,84.7,67.3,48.1,32.4,54.1,86.6,1.35,64,8.2,5.55,2.96,91.2,240,186,11375
2022-01-17,App_A,Desktop Web,AT&T,Cloudflare,Country,VOD Movies,1.65,3.47,2.15,0.63,1.12,2.43,4.55,2.19,6180,28.7,8917,43077,114480,83,64.2,51.2,33.9,56.6,85.8,1.68,71.8,8,5.33,3.56,90.9,216,152,13525
2022-01-17,App_B,Tizen,Verizon,Fastly,Region,FAST linear,1.69,4.24,1.78,0.93,1.2,2.68,4.93,2.14,5233,25.6,8006,38384,80685,81.4,63.4,50.9,31.5,55.8,83.8,1.46,67.9,8.3,5.49,3.14,91.7,238,146,11879
2022-01-18,App_A,Desktop Web,Cellular 4G,Akamai,Region,VOD Series,1.79,3.91,1.95,0.84,1.47,1.74,5.04,2.18,5001,26,10125,48677,113858,82.5,65.3,48.5,33.1,55.6,88.4,1.73,70.2,7.9,5.44,3.47,89.7,218,141,17258
2022-01-18,App_B,Android,Cellular 4G,Fastly,Country,FAST linear,1.68,4.42,2.38,0.92,1.27,2.28,4.04,2.06,5186,25.1,8569,41501,96942,85.5,64.5,49.6,33.5,56,85.2,1.56,67.5,10,5.99,3.29,91,245,183,12671
2022-01-19,App_A,Android,Wi-Fi,Fastly,Metro,Live Sports/Events,1.54,3.45,1.95,0.77,1.38,2.21,4.87,1.94,6183,30.1,10482,49843,109597,84.2,62.5,49.1,32,58.9,87.4,1.55,69.5,8.3,4.5,3.38,90.6,254,184,16981
2022-01-19,App_B,Desktop Web,Airtel,AWS CloudFront,Region,FAST linear,1.54,4.18,2.33,0.83,1.54,2.4,4.13,1.62,5260,25.7,7683,36650,99596,85.1,67.2,49.1,31.5,51.7,82.1,1.42,67,8.9,4.78,3.48,88.5,207,155,12676
2022-01-20,App_A,Android,T-Mobile,Akamai,Metro,VOD Movies,1.54,3.69,2.07,0.86,1.34,1.94,5.24,2.09,4882,25.6,10121,48885,106283,83.9,62.7,46.3,34.6,55.9,87.3,1.45,67.8,8.7,5.52,3.28,89.9,236,145,17206
2022-01-20,App_B,Tizen,Broadband,AWS CloudFront,Country,FAST linear,1.62,4.57,2.25,0.69,1.75,2.48,4.18,2.41,4522,26.5,8067,38602,97732,83.7,62.6,51.2,33.7,56.1,86.1,1.69,67.3,10.2,4.71,3.45,90.4,265,195,11961
2022-01-21,App_A,iOS,Wi-Fi,Cloudflare,Region,VOD Movies,1.47,3.97,2.13,0.74,1.23,2.15,5.07,2.01,5481,29.3,9337,44697,110580,83.7,66.8,48.6,35.3,56.2,84.2,1.38,74.1,10,4.43,3.49,88.3,186,180,15290
2022-01-21,App_B,WebOS,Airtel,Akamai,Region,VOD Movies,1.88,3.97,1.77,0.91,1.43,2.56,4.47,1.72,4877,24.3,8092,38999,104989,84.9,66.7,48.1,30.4,50.6,81.8,1.73,64.8,10.3,5.82,3.45,91.3,270,197,10048
2022-01-22,App_A,WebOS,Verizon,Cloudflare,Metro,VOD Movies,1.49,4.27,2.19,0.65,1.55,2.13,5.17,2.1,6366,31.2,9267,44224,104878,84.9,68.2,51.9,31.9,55.5,88.2,1.44,72.2,7.7,4.86,3.46,89.7,236,185,13700
2022-01-22,App_B,iOS,Wi-Fi,AWS CloudFront,Country,VOD Series,1.7,3.49,1.79,0.74,1.32,2.63,4.58,1.89,5001,29.4,8326,40325,90534,81.4,63.4,47.2,33.7,51.6,87.3,1.67,66,9.6,4.93,3.21,89.5,197,179,10136
2022-01-23,App_A,WebOS,Cellular 4G,AWS CloudFront,Metro,Live Sports/Events,1.46,4.25,2.1,0.64,1.22,2.43,4.34,1.63,5590,27.9,9992,48361,127845,80.8,67.1,50.3,34.6,58.3,86.9,1.62,72.8,9,4.65,3.55,91.9,197,173,13202
2022-01-23,App_B,Android TV,Wi-Fi,AWS CloudFront,Country,Live Sports/Events,1.63,3.49,2.26,0.7,1.71,1.88,4.21,1.71,5044,27.6,9088,43594,93705,84.8,67.9,48.3,34.4,56.6,87.6,1.98,65.8,8.8,4.82,3.37,91.4,234,176,15367
2022-01-24,App_A,FireTV,AT&T,Cloudflare,Region,Live Sports/Events,1.43,4.02,1.77,0.65,1.6,1.83,4.35,1.78,6346,30.9,10281,49299,120727,82.7,68.6,48.8,34.6,58.1,84.4,1.46,73.6,9.9,4.72,3.65,90.4,193,137,13440
2022-01-24,App_B,WebOS,Cellular 5G,Akamai,Region,FAST linear,1.93,4.34,2.11,0.92,1.6,2.59,4.52,1.71,4713,24.8,8122,38938,90429,85.4,62.4,46.3,32.9,54.1,87.2,1.5,68.7,9.2,4.96,3.42,91.3,234,177,9847
2022-01-25,App_A,FireTV,AT&T,Cloudflare,Metro,Live Sports/Events,1.5,4.24,1.95,0.74,1.49,2.11,5.01,1.83,6369,27.6,9560,45830,112044,85.8,64.2,48.9,32,58,81.9,1.7,70.3,9.1,5.25,3.61,91.4,235,160,14261
2022-01-25,App_B,Android TV,Airtel,AWS CloudFront,Country,Live Sports/Events,1.69,3.47,2.27,0.99,1.43,2.35,4.57,1.81,4513,27.1,8702,41909,109282,82.1,65.4,47.9,30.6,53.8,82,1.66,66.9,9,5.9,2.99,90.3,263,196,12915
2022-01-26,App_A,FireTV,Comcast Xfinity,Cloudflare,Metro,FAST linear,1.51,3.89,1.65,0.8,1.15,1.84,4.46,1.71,5056,31.2,9626,45778,96492,81,64.9,49.8,32.3,54.3,86.4,1.52,71.2,8.3,4.55,3.34,91.2,237,162,13435
2022-01-26,App_B,Android TV,Verizon,AWS CloudFront,Country,FAST linear,1.47,4.57,2.28,0.93,1.24,2.18,5.02,1.8,4994,30.1,8926,42898,89819,82,66.6,49.3,31.8,56.7,82.1,1.68,65.1,10.4,5.63,3.21,90.7,200,182,13103
2022-01-27,App_A,WebOS,Verizon,Fastly,Region,VOD Series,1.81,4,2.07,0.76,1.13,1.72,4.32,1.9,5308,31.7,9971,48243,106794,84.3,63.6,47.3,34.3,56.4,87.5,1.81,69.4,7.8,4.57,3.56,90.5,213,171,16472
2022-01-27,App_B,Apple TV,Airtel,Akamai,Metro,VOD Series,1.8,3.85,2.3,0.94,1.26,2.34,4.06,1.95,4198,26.3,9051,43659,113089,83.7,65.1,49.4,30.4,53.4,84.2,1.56,68.9,10.7,5.59,3.01,91.7,237,147,15321
2022-01-28,App_A,iOS,Jio,AWS CloudFront,Metro,Live Sports/Events,1.65,3.32,2.25,0.63,1.43,2.5,5.36,1.97,4890,28.9,9642,46580,97060,80,64.7,46.6,33,55,84,1.35,68.6,9.5,5.26,3.31,91.4,253,174,12927
2022-01-28,App_B,Tizen,Airtel,AWS CloudFront,Country,VOD Movies,1.72,3.99,1.78,0.9,1.24,2.45,4.64,2.03,5355,28,9176,44447,95089,83.7,67.9,51,33.2,55.1,85.1,1.89,69.4,8.4,4.81,3.46,88.6,220,152,13739
2022-01-29,App_A,iOS,Wi-Fi,Cloudflare,Metro,VOD Series,1.7,3.24,1.65,0.88,1.4,2.28,4.26,1.75,5336,30,9670,46315,104129,82.5,68.9,48.2,33.1,58.1,85,1.43,68.1,8.4,4.51,3.53,89.3,211,176,13953
2022-01-29,App_B,Android TV,Broadband,Akamai,Country,FAST linear,1.87,4.58,1.73,0.7,1.63,1.85,4.97,2.18,5492,27.8,9010,43417,112752,80.4,66.6,51.1,33.6,56.2,82,1.85,67.6,10.9,4.95,3.42,89.5,259,179,14012
2022-01-30,App_A,WebOS,Jio,AWS CloudFront,Metro,VOD Movies,1.69,3.59,1.51,0.76,1.38,2.28,4.98,2.12,6443,27.5,10234,49443,121938,83.1,68.1,49.7,32.5,57.2,82.6,1.54,68.9,8.9,5.39,3.19,91.9,195,180,13739
2022-01-30,App_B,FireTV,Broadband,AWS CloudFront,Country,VOD Series,1.59,3.74,2.35,0.98,1.54,2.68,4.37,1.87,4827,28.1,8295,40032,83336,80.4,68.7,46.8,30.4,54.3,83.5,1.89,70.6,10.1,5.17,3.25,91.6,229,163,12434
2022-01-31,App_A,Apple TV,Jio,Fastly,Region,Live Sports/Events,1.82,3.48,1.86,0.77,1.19,2.27,4.48,2.16,6258,28.6,10159,49019,118148,80.8,63.7,51.9,34,59,86.6,1.33,69.1,8.2,5.28,3.26,88.6,217,139,12816
2022-01-31,App_B,FireTV,Airtel,Cloudflare,Metro,Live Sports/Events,1.52,4.64,1.76,0.87,1.61,2.62,4.26,2.24,5451,28.6,8866,42911,91580,80.6,65,47.8,34,52.7,88.5,1.92,64.2,10.1,5.39,3.12,90.5,251,157,11425
2022-02-01,App_A,iOS,Comcast Xfinity,Fastly,Country,VOD Movies,1.65,4.11,1.63,0.82,1.1,1.76,5.1,1.72,6600,31.6,9541,45379,112214,79.6,68.9,49.1,32.8,55,84.2,1.66,72.4,9.5,4.97,3.13,89.7,183,149,14951
2022-02-01,App_B,Apple TV,AT&T,Cloudflare,Country,FAST linear,1.83,4.25,2.3,0.95,1.63,1.84,4.93,1.97,4334,25.6,8112,38698,88158,86.1,65.3,50.3,31.7,55.6,85.9,1.62,67,10.1,5.62,3.19,91.9,207,200,13777
2022-02-02,App_A,WebOS,Cellular 5G,Akamai,Country,Live Sports/Events,1.67,3.22,1.62,0.62,1.58,2.53,4.37,1.78,5754,27.6,9797,47513,125731,83.7,67.9,46.4,34.6,55.5,82.1,1.73,71.8,8.9,4.41,3.49,90.6,227,160,16272
2022-02-02,App_B,iOS,Comcast Xfinity,AWS CloudFront,Metro,Live Sports/Events,1.54,3.85,1.66,0.85,1.19,2.57,4.69,2.24,4650,26.5,8854,42489,91460,80.5,65.6,49.2,31.4,54.9,84.1,1.36,70.5,10.6,4.87,3.13,91.5,230,197,12267
2022-02-03,App_A,iOS,Jio,Fastly,Country,VOD Movies,1.77,3.3,1.8,0.82,1.56,1.75,4.87,1.59,5155,30.5,10040,48621,129224,79.9,63.4,46.4,33.8,55.5,82.5,1.8,67.6,10.1,4.51,3.31,90.9,212,158,14444
2022-02-03,App_B,Tizen,AT&T,AWS CloudFront,Region,Live Sports/Events,1.78,3.56,1.97,0.78,1.45,2.24,4.36,1.85,4546,27.5,8234,39718,97652,85.8,67.2,51.6,32.2,54.8,85.7,1.57,69,8.7,5.78,3.48,90.6,266,178,13758
2022-02-04,App_A,Android TV,Cellular 4G,AWS CloudFront,Country,Live Sports/Events,1.47,3.91,1.65,0.73,1.47,1.73,4.68,1.74,5887,27.5,9815,46833,121717,80.2,67.8,52.2,36.4,58.6,85.9,1.76,67.9,8.4,4.47,3.49,90.1,202,175,14921
2022-02-04,App_B,Android TV,AT&T,Akamai,Region,Live Sports/Events,1.85,4.53,1.72,0.71,1.32,1.92,5.05,2.28,4997,30.4,9176,43855,106108,84.7,64.6,51.5,30.7,53.3,84.6,1.34,66.5,8,5.65,3.41,91.3,261,152,15368
2022-02-05,App_A,WebOS,Verizon,Fastly,Metro,VOD Movies,1.81,3.77,2.18,0.92,1.15,2.41,5.03,1.63,5349,26.8,10335,49980,127825,81.8,63,48.3,36,57.9,83.8,1.32,69.6,9.1,4.41,3.21,89.5,223,189,12877
2022-02-05,App_B,WebOS,AT&T,Akamai,Metro,VOD Movies,1.88,4.6,2.1,0.91,1.68,2.7,4.41,2.33,5731,29.6,9480,45308,118057,85.2,64.9,49,33.1,52.8,84.3,1.93,65.2,8.2,5.22,3.26,89.4,271,158,15071
2022-02-06,App_A,Desktop Web,Verizon,Cloudflare,Metro,Live Sports/Events,1.8,3.44,2.23,0.87,1.24,2.25,4.62,2.24,5018,27.4,9518,45783,99136,85.1,68.9,51.1,36.3,54.2,88.7,1.74,72.4,8.2,5.43,3.46,88.9,252,174,11701
2022-02-06,App_B,Desktop Web,Jio,Akamai,Metro,FAST linear,1.45,3.87,2.17,0.89,1.46,2,4.94,1.93,5456,30.5,8374,40160,84915,84.2,64.4,48.8,34.8,55.8,82.6,1.6,66.9,10.8,4.81,3.22,90.3,267,150,14882
2022-02-07,App_A,Android,AT&T,Akamai,Metro,VOD Series,1.71,4.12,1.52,0.87,1.34,1.78,4.84,1.61,6193,30.2,9972,47800,127902,80.9,68.4,51,34.7,55.1,83.2,1.36,71.7,9.8,4.99,3.46,89.8,237,158,12945
2022-02-07,App_B,WebOS,Airtel,AWS CloudFront,Country,VOD Movies,1.53,3.97,1.7,0.91,1.44,2.22,4.8,2.22,5635,25.7,9490,45335,115377,83.3,66,52.1,30.8,55.9,83.3,1.73,68.4,9,4.9,3.09,88.9,259,148,14885
2022-02-08,App_A,Desktop Web,AT&T,AWS CloudFront,Region,VOD Series,1.41,3.97,1.76,0.72,1.43,1.9,4.9,1.87,6306,28.6,10375,49386,116548,85.3,68,47.8,32,55.9,82,1.71,68.7,7.6,4.61,3.53,91.2,184,140,12920
2022-02-08,App_B,Tizen,Broadband,Akamai,Metro,Live Sports/Events,1.45,3.62,2.06,0.94,1.5,2.49,4.6,2.28,4326,27,8376,39894,91739,84.9,62.8,51.3,34.7,51.5,88.1,1.89,69.8,8.4,5.1,3.62,90.7,219,169,12574
2022-02-09,App_A,iOS,Verizon,AWS CloudFront,Country,VOD Series,1.58,3.8,2.15,0.72,1.34,2.06,4.85,1.76,5631,31,9941,47241,121205,79.8,68.9,49.3,33.1,54.8,85.5,1.3,71.9,8.6,5.55,3.32,88.7,232,187,14777
2022-02-09,App_B,Android TV,Cellular 4G,Akamai,Country,VOD Series,1.86,4.47,1.84,0.81,1.72,2.17,4.51,2.35,4986,30.2,8311,39736,94254,84.8,65.4,47.3,32.2,51.9,84,1.56,65.2,10.1,5.79,3.26,90,203,160,11075
2022-02-10,App_A,Apple TV,Jio,Cloudflare,Country,Live Sports/Events,1.65,4.24,1.82,0.81,1.43,2.39,5.17,1.92,5633,28.3,10519,50440,120535,86.1,69,47.8,35.4,53.2,88.7,1.56,68.5,7.9,4.77,3.17,89.8,218,169,12741
2022-02-10,App_B,FireTV,Airtel,Akamai,Country,Live Sports/Events,1.6,3.68,2.19,0.94,1.56,2.7,4.37,2.25,5090,28.7,8427,40830,98370,84.8,65.1,51.5,33.6,51.6,84.3,1.92,64.9,9.2,5.52,3.03,89,212,160,11339
2022-02-11,App_A,iOS,Broadband,Cloudflare,Country,VOD Series,1.81,3.71,1.64,0.81,1.3,1.83,4.5,1.66,5181,30.4,9681,46818,116552,80.9,68.1,46.9,34.2,55.5,82,1.31,73.2,8.1,4.56,3.5,89.4,221,190,14937
2022-02-11,App_B,iOS,T-Mobile,AWS CloudFront,Country,FAST linear,1.62,4.17,2.36,0.79,1.56,2.59,4.45,1.95,4558,29.5,9166,43632,93681,79.8,65.2,49.4,34.3,53.3,88.2,1.69,69.7,8.5,5.68,3.4,88.8,217,190,11095
2022-02-12,App_A,Android,Airtel,Cloudflare,Country,VOD Series,1.35,4,1.84,0.91,1.47,2.29,4.54,2.16,6601,31.8,10031,48470,127122,86,67.9,48,34.9,58.4,85.8,1.6,73.9,7.8,4.41,3.57,91.1,255,170,17971
2022-02-12,App_B,Tizen,AT&T,Fastly,Country,FAST linear,1.56,4.09,1.96,0.72,1.2,2.24,4.98,1.67,5806,30.3,9270,44890,105593,81,65.6,47.2,31.4,56.7,83.7,1.51,69.3,10.5,4.72,3.24,88.6,257,146,13596
2022-02-13,App_A,Android,T-Mobile,AWS CloudFront,Region,VOD Series,1.58,3.91,1.7,0.82,1.41,1.88,4.84,1.94,5505,29.8,11156,53319,132643,83.3,68.5,49.9,35.5,57.4,83.9,1.48,67.4,8.6,4.95,3.38,89.9,205,152,18443
2022-02-13,App_B,iOS,T-Mobile,AWS CloudFront,Region,VOD Movies,1.67,4.21,1.66,0.83,1.36,2.47,5.14,2.16,4679,27.1,8992,43553,101474,82.9,63.3,51.4,31,53.4,85.3,1.66,69.1,10.3,4.79,3.54,89.9,276,169,11329
2022-02-14,App_A,Desktop Web,Comcast Xfinity,Akamai,Country,Live Sports/Events,1.74,4.16,1.59,0.72,1.43,2.43,4.62,1.59,5727,28.9,10676,50922,109465,86.1,66.7,49.3,33.2,54.5,87.7,1.49,70.3,9.9,4.89,3.42,88.9,215,173,16748
2022-02-14,App_B,Apple TV,Comcast Xfinity,AWS CloudFront,Country,Live Sports/Events,1.52,4.42,2.08,0.73,1.27,2.67,4.38,1.64,5431,28.6,8728,41774,111985,81.2,64.4,48.8,34.6,53.4,87.4,1.68,66.6,8.9,5.45,3.44,88.9,223,181,11608
2022-02-15,App_A,Android TV,Cellular 5G,Akamai,Region,VOD Movies,1.74,3.39,1.89,0.86,1.46,1.73,4.34,1.88,5852,31.6,10436,49781,111908,85.1,64.1,51.1,32.2,59.5,82.8,1.35,71.1,8.9,4.91,3.63,91.4,224,163,15758
2022-02-15,App_B,Tizen,Verizon,Akamai,Country,FAST linear,1.88,3.99,2.34,0.8,1.71,2.14,4.59,2.33,4529,29.8,8403,40193,101217,83.2,68.1,50.9,31.9,53.5,87.4,1.63,66.2,8.6,5.45,3.44,90,266,149,11940
2022-02-16,App_A,Android TV,Airtel,Akamai,Region,VOD Series,1.72,3.66,1.92,0.74,1.2,2.5,4.81,1.69,5392,29.3,10844,52399,117884,82.1,67.2,50.3,34.6,57.4,86.5,1.4,68.8,9.5,4.82,3.58,88.6,219,139,16445
2022-02-16,App_B,Apple TV,Cellular 4G,Cloudflare,Country,VOD Series,1.47,3.49,1.64,0.92,1.35,2.68,4.11,2.2,4980,27.9,8446,40650,93197,82.3,65.6,49.9,34,54.1,84.4,1.74,64.5,9.4,5.53,3.39,90.3,240,187,10706
2022-02-17,App_A,iOS,AT&T,Akamai,Country,VOD Movies,1.47,3.44,1.62,0.62,1.6,2.18,4.44,1.79,6068,33,10529,50666,126140,81.8,66.5,51.5,35.5,59.5,85.9,1.45,70.3,8.6,5.24,3.81,91.7,253,162,14651
2022-02-17,App_B,FireTV,Cellular 4G,Akamai,Country,VOD Series,1.63,3.65,1.62,0.92,1.59,2.27,4.7,2.13,4491,28.3,8875,42348,101685,84.7,65.7,49,34.7,51.7,87.7,1.34,69.8,10.7,5.62,3.1,90.5,267,162,12943
2022-02-18,App_A,FireTV,T-Mobile,AWS CloudFront,Region,VOD Series,1.68,4.14,1.52,0.63,1.4,2.37,5.05,2.16,6648,31.1,10175,48358,128501,83.5,66.4,50.3,33.2,55.3,88.3,1.72,71.5,8.6,5.24,3.23,89.5,254,188,13804
2022-02-18,App_B,Tizen,Cellular 4G,Akamai,Country,VOD Series,1.76,4.21,2.32,0.72,1.68,2.29,4.77,1.84,5843,30,8578,41101,90854,81.8,63.7,50.7,32.3,51.5,88.6,1.81,64.5,9.6,5.29,3.63,88.4,216,199,10665
2022-02-19,App_A,Android,Broadband,AWS CloudFront,Region,VOD Movies,1.41,3.84,1.65,0.88,1.57,2.3,4.39,1.87,5251,29.4,11118,53837,144347,85.4,64.2,46.7,35.5,54.8,86.7,1.46,69.6,7.8,5.38,3.58,90.7,183,143,17653
2022-02-19,App_B,Apple TV,Jio,Cloudflare,Region,VOD Movies,1.7,4.14,1.62,0.73,1.52,1.86,4.66,2.02,5367,28.6,8977,43038,116276,80.6,62.7,47.3,34.1,51.4,82.3,1.79,69.2,8.9,4.84,3.49,92,219,149,14372
2022-02-20,App_A,Desktop Web,Jio,Fastly,Metro,FAST linear,1.67,3.4,1.73,0.91,1.59,1.81,5.11,1.89,6587,31.3,10729,51361,137547,84.5,64.7,47.9,36.3,55.2,87.7,1.5,73.1,9.8,4.45,3.35,89.6,233,154,17315
2022-02-20,App_B,FireTV,Cellular 5G,Cloudflare,Metro,VOD Movies,1.64,4.34,1.7,0.81,1.44,2.71,4.97,2.13,5209,31.4,8462,40497,86122,83.8,66.8,48.9,33.5,54.9,86.8,1.44,70.9,8.4,4.84,3.56,90.9,269,146,12687
2022-02-21,App_A,iOS,T-Mobile,Akamai,Country,VOD Series,1.45,4.11,2.2,0.87,1.45,2.1,4.53,1.93,5838,30,11321,54271,115631,85,65.7,48.8,33.6,56.4,88.8,1.57,71.9,9.5,4.58,3.26,88.8,223,155,18761
2022-02-21,App_B,Tizen,Broadband,AWS CloudFront,Region,VOD Movies,1.54,3.95,1.87,0.71,1.2,1.96,5.18,2.14,4767,31.4,8919,42611,100205,81.9,64.5,50.7,34.4,56.7,84.3,1.57,68,8.5,5.8,3.01,89.5,210,145,12799
2022-02-22,App_A,iOS,Comcast Xfinity,AWS CloudFront,Country,Live Sports/Events,1.38,4,1.96,0.8,1.22,2.52,4.67,1.99,5130,31,11098,52862,124823,84.9,65.7,51.3,34.7,57.1,88.3,1.62,71.4,9.8,5.3,3.57,88.7,199,189,18827
2022-02-22,App_B,Tizen,Cellular 5G,Fastly,Region,VOD Movies,1.56,4.15,1.62,0.96,1.57,1.82,4.16,1.63,5701,29.8,9464,45819,110493,79.9,64,51.6,33.1,57,84.8,1.63,64.3,9.9,4.69,3.53,91.5,242,201,14310
2022-02-23,App_A,Desktop Web,Verizon,Cloudflare,Metro,Live Sports/Events,1.59,4.02,1.59,0.77,1.46,1.96,5.13,1.81,6107,31.8,10277,49296,122352,80.6,63.5,50.6,33.1,56.9,84,1.72,70.5,7.9,4.45,3.61,89.5,204,135,12611
2022-02-23,App_B,Android TV,Cellular 4G,AWS CloudFront,Metro,VOD Movies,1.45,4.14,1.59,0.78,1.68,1.99,4.46,1.71,4907,29.2,8933,43200,99119,79.7,68.2,50.4,31.5,51.9,83.4,1.8,67.3,9.3,5.21,3.44,89.4,238,160,14307
2022-02-24,App_A,FireTV,Jio,Cloudflare,Region,Live Sports/Events,1.44,3.77,1.57,0.74,1.58,2.21,5.38,2.16,5470,31.3,10404,49876,105253,82.6,66.6,47.2,35.8,54,88.6,1.83,74.4,8.8,4.54,3.16,90.2,221,140,15726
2022-02-24,App_B,Desktop Web,Verizon,Akamai,Metro,FAST linear,1.86,3.73,1.94,0.89,1.21,2.17,4.64,2.2,5714,29.3,8478,41055,102830,85,68,48.5,34.1,53,87.9,1.55,70.3,10.2,4.84,3.45,90.5,211,198,13623
2022-02-25,App_A,iOS,Verizon,Fastly,Metro,Live Sports/Events,1.5,3.22,1.76,0.84,1.35,2.16,5.15,1.98,5382,31.2,10174,48355,113931,81.7,66.1,46.7,32.7,55.7,83.7,1.72,70,9.4,4.86,3.79,91.7,228,167,17065
2022-02-25,App_B,WebOS,T-Mobile,Fastly,Region,FAST linear,1.6,3.99,2.3,0.71,1.37,2.15,5.03,1.63,4530,27.7,8694,41320,102627,82.6,66.7,47.6,33.2,55.2,86.4,1.46,66.8,9.5,5.12,3.17,91.5,265,180,14556
2022-02-26,App_A,FireTV,Jio,Fastly,Metro,VOD Series,1.66,3.6,1.87,0.91,1.16,2.03,5.07,1.62,5906,32.1,10881,51967,113206,82.3,65.8,51.2,35.7,54.3,86.1,1.39,70.5,9.3,4.51,3.66,92,218,146,18032
2022-02-26,App_B,Apple TV,Cellular 5G,Akamai,Metro,VOD Series,1.63,3.86,1.62,0.87,1.43,2.39,4.52,2.07,5669,27.2,9218,44135,94032,85.9,65.3,50.3,35,51.9,84.4,1.53,66,9.1,4.83,3.6,89.8,219,151,13068
2022-02-27,App_A,FireTV,Cellular 4G,Cloudflare,Region,VOD Movies,1.45,4.26,1.72,0.83,1.2,1.79,4.68,1.73,5339,31.5,11183,53851,114069,81.2,66.2,51,32.7,56.8,83.8,1.29,68.9,8.2,4.75,3.36,91.1,252,141,17123
2022-02-27,App_B,WebOS,T-Mobile,Akamai,Metro,VOD Series,1.46,3.48,1.99,0.81,1.65,1.88,4.8,2.01,5171,31.8,8666,41562,100262,83.6,65.8,50.5,35,53.3,83.8,1.33,70.4,8.4,5.25,3.25,89.5,216,171,15472
2022-02-28,App_A,Apple TV,Cellular 5G,AWS CloudFront,Region,VOD Series,1.43,3.2,1.99,0.68,1.23,2.45,5.13,2.01,5879,32.3,10941,52946,119305,84.6,66.1,51.7,35.5,56.5,85.9,1.8,72.9,7.8,4.51,3.74,91.5,185,150,16182
2022-02-28,App_B,iOS,Comcast Xfinity,Fastly,Region,FAST linear,1.46,4.31,2.17,0.82,1.53,2.68,4.96,1.88,5852,30.5,8876,42317,92683,80.6,68.8,52.1,32.5,51.5,84.4,1.78,70.3,10.7,5.45,3.09,91.6,275,161,11362
2022-03-01,App_A,Android,AT&T,AWS CloudFront,Region,VOD Movies,1.53,4.05,1.96,0.81,1.17,2.03,5,2.08,5808,29.4,10532,50543,129280,85.1,66.6,48.4,35.5,59.6,85.1,1.57,69.5,9,5.22,3.26,91.2,181,157,18117
2022-03-01,App_B,WebOS,Broadband,AWS CloudFront,Metro,FAST linear,1.44,4.33,1.81,0.7,1.41,2.16,4.92,2.06,4452,26.4,8949,42521,92637,84.2,68.9,51.9,33,55.2,84.9,1.76,67.7,8.9,5.63,3.55,89.6,232,149,10907
2022-03-02,App_A,Apple TV,Verizon,AWS CloudFront,Country,FAST linear,1.41,3.91,1.66,0.65,1.11,2.16,4.51,1.89,5385,28.7,10928,52719,140677,80.7,65.1,51.6,33.5,55.6,86.8,1.82,69.7,9.5,5.34,3.67,90.8,260,151,14682
2022-03-02,App_B,WebOS,Verizon,AWS CloudFront,Metro,VOD Movies,1.64,3.45,1.96,0.92,1.26,2.68,4.97,2.12,5323,29.1,9093,43314,113883,81.4,69,51.9,32.5,56.6,88.2,1.4,70,10.1,5.02,3.66,91.5,246,173,12685
2022-03-03,App_A,iOS,Broadband,Fastly,Metro,VOD Movies,1.53,3.39,1.88,0.75,1.25,1.81,5.04,1.68,6188,33.2,11189,53482,128672,81.3,64.2,48.5,34.6,56.2,88.7,1.29,67.4,9.7,4.66,3.46,88.8,198,147,19785
2022-03-03,App_B,Android TV,Broadband,Fastly,Region,VOD Series,1.51,3.65,1.66,0.94,1.52,1.83,4.3,1.91,5043,28.9,9631,45897,103173,80.4,63.3,47.2,32,50.7,85.4,1.67,65.2,10.5,5.44,3.6,88.6,203,145,13540
2022-03-04,App_A,Apple TV,T-Mobile,Fastly,Metro,VOD Series,1.5,4.13,1.85,0.7,1.32,1.84,4.54,1.63,6823,29.4,11004,53357,136345,82.8,69.2,47.4,36.1,54.6,84.5,1.49,68,8.5,5.53,3.7,90.5,198,138,15100
2022-03-04,App_B,WebOS,Wi-Fi,Fastly,Country,VOD Series,1.49,3.59,2.22,0.89,1.54,2.45,4.61,2.37,4661,29.9,8558,41136,108594,81.7,65.9,50.7,33.2,52,83.9,1.45,68.1,9,5.54,3.47,88.6,239,189,14486
2022-03-05,App_A,iOS,Airtel,Fastly,Region,FAST linear,1.36,4.14,1.65,0.77,1.22,2.22,4.63,1.62,6714,27.8,11180,53539,136511,86.2,65.4,52.4,32.6,55.9,82.9,1.77,69.1,9.9,4.66,3.54,89.5,233,134,13542
2022-03-05,App_B,FireTV,Airtel,Fastly,Metro,FAST linear,1.82,4.47,2.09,0.95,1.3,2.05,4.71,2.29,4904,27.5,8490,40769,95943,80.5,64.4,50.5,33.8,56,83.8,1.44,66.9,8.6,5.81,3.03,90.5,243,181,12517
2022-03-06,App_A,Desktop Web,Airtel,Akamai,Region,Live Sports/Events,1.47,3.89,1.69,0.74,1.19,1.95,4.98,1.55,5604,32.6,10028,48345,112861,86,68.7,46.6,35.3,54.8,86.3,1.27,71.8,9.1,5,3.47,89.7,232,154,12897
2022-03-06,App_B,Android TV,Verizon,AWS CloudFront,Metro,Live Sports/Events,1.62,4.2,1.79,0.68,1.29,2.5,4.68,1.92,5529,29.4,8581,40874,99575,83.4,63.3,51.4,33.3,56.6,87,1.45,65.6,8.8,5.76,3.54,90.8,203,201,15280
2022-03-07,App_A,WebOS,Jio,Cloudflare,Region,FAST linear,1.5,3.24,1.52,0.74,1.53,2.46,4.62,1.77,5416,31,10916,52029,138842,80,63.6,49.5,36.8,53.9,84.9,1.47,68.4,8.1,5.23,3.8,88.9,189,182,18869
2022-03-07,App_B,Android TV,Cellular 5G,AWS CloudFront,Country,VOD Movies,1.5,4.11,2.19,0.71,1.22,2.49,4.14,1.71,5926,27.3,9040,43788,106341,84.8,66.9,50.4,32.2,54.5,87.8,1.33,67,10.7,5.71,3.42,91.5,197,179,13489
2022-03-08,App_A,iOS,T-Mobile,Akamai,Metro,Live Sports/Events,1.64,3.48,2,0.64,1.23,2.14,4.84,2.14,5199,31.2,9984,47987,110873,80,64.8,51.3,32.6,56.6,86.9,1.54,72.4,9.4,4.42,3.37,90.9,242,182,16203
2022-03-08,App_B,iOS,T-Mobile,AWS CloudFront,Country,Live Sports/Events,1.45,4.16,2.15,0.74,1.43,2.54,4.17,1.83,4606,29.1,9832,47221,127093,82.5,68.7,48.6,30.7,51.7,88.7,1.44,71.2,9.9,5.46,3.46,88.9,237,171,14481
2022-03-09,App_A,WebOS,Jio,Cloudflare,Metro,VOD Series,1.41,4.04,1.92,0.9,1.54,1.74,5.29,2.16,5392,28.2,10542,50219,115365,84,68.5,47.8,35.1,58.5,86.4,1.34,68.5,8.5,5.35,3.71,90,219,140,15547
2022-03-09,App_B,Android,AT&T,Cloudflare,Country,FAST linear,1.54,3.86,1.96,0.95,1.16,2.42,4.98,1.86,5330,26.4,9789,46527,106509,79.8,64.1,48.9,32.7,52.6,87.6,1.44,66.3,8.6,5.21,3.29,90.2,236,169,12694
2022-03-10,App_A,iOS,Airtel,Cloudflare,Metro,Live Sports/Events,1.46,3.56,1.5,0.67,1.13,2.38,5.11,1.63,6149,32.4,11196,53628,134300,82.6,65.9,52.3,33.6,54.2,87.1,1.43,68.9,7.7,4.48,3.64,91.8,193,173,14602
2022-03-10,App_B,Apple TV,T-Mobile,AWS CloudFront,Country,VOD Movies,1.93,3.57,1.71,0.83,1.36,2.2,4.35,1.83,5194,29.5,9235,44218,103590,84.5,64.9,52.2,30.9,56.8,86.6,1.42,65.2,10.6,5.5,3.62,88.6,216,191,12017
2022-03-11,App_A,FireTV,Wi-Fi,Fastly,Metro,VOD Series,1.51,3.4,1.54,0.85,1.58,1.75,4.48,2.01,5997,29.6,11266,54006,118141,85.3,69.3,49.3,33.4,57.1,84.9,1.36,73.7,8.7,5.36,3.51,91.8,217,176,19536
2022-03-11,App_B,Tizen,Airtel,Fastly,Region,Live Sports/Events,1.51,3.8,2.21,0.84,1.4,2.42,4.59,2.01,4601,28.3,8598,41257,90416,80.5,67.7,49.4,33.7,55.9,87.4,1.33,68.1,8,5,3.55,88.6,265,187,13412
2022-03-12,App_A,Desktop Web,Cellular 4G,Fastly,Metro,FAST linear,1.55,4.05,1.88,0.68,1.29,1.8,5.4,2.08,6370,29.9,10382,49846,130959,86.1,64.1,47.7,33.5,56.8,85,1.36,72.7,9.8,4.8,3.28,90.2,225,136,17581
2022-03-12,App_B,WebOS,Cellular 5G,Fastly,Metro,VOD Movies,1.83,3.6,1.87,0.88,1.42,1.98,4.36,1.83,5389,28.5,9803,46741,117420,80.2,63.5,47.6,33.8,56.4,88,1.38,71.1,9.7,5.21,3.57,88.6,196,158,17146
2022-03-13,App_A,Apple TV,Airtel,Fastly,Region,Live Sports/Events,1.5,3.5,1.9,0.64,1.25,2.44,4.33,1.95,6020,27.9,10038,48177,128847,79.7,64.6,46.8,35.5,55,86.5,1.38,69.3,8.7,5.49,3.81,89.4,252,173,13487
2022-03-13,App_B,Android,Airtel,Fastly,Region,VOD Movies,1.76,3.82,1.69,0.82,1.61,1.98,4.21,2.22,5312,27.9,9768,46611,123672,82.7,66.1,51.7,30.9,51.4,84.2,1.71,69,8.3,5.09,3.66,90.9,240,178,15661
2022-03-14,App_A,WebOS,T-Mobile,Akamai,Country,Live Sports/Events,1.76,3.35,1.72,0.73,1.6,2.46,4.74,2.09,6479,29.3,11293,54348,117067,80.8,65.1,48.2,35.5,58.2,87.5,1.69,73.2,9,4.46,3.28,91.2,186,172,17875
2022-03-14,App_B,Android TV,T-Mobile,Cloudflare,Metro,VOD Series,1.63,4.12,1.74,0.81,1.47,2.09,5,1.6,5304,31.9,8487,40610,100707,84.4,63.4,51,32.7,56,88.2,1.52,65.2,10.6,5,3.45,91.2,203,170,14665
2022-03-15,App_A,iOS,Cellular 5G,AWS CloudFront,Metro,Live Sports/Events,1.35,4.23,1.54,0.84,1.49,2.43,5.04,1.48,6641,33.1,10155,49181,109814,80.3,69,46.9,33,57.4,88.6,1.69,74.4,9,4.54,3.17,89.3,188,134,13609
2022-03-15,App_B,FireTV,Cellular 4G,Akamai,Region,Live Sports/Events,1.85,4.52,1.75,0.88,1.7,1.85,4.67,2.24,4806,26.4,8738,41565,90256,81.7,63.8,49.1,33.9,52.7,83,1.84,70.6,8,5.72,3.35,88.6,210,157,15073
2022-03-16,App_A,Android TV,Cellular 5G,Cloudflare,Metro,FAST linear,1.78,3.4,1.95,0.68,1.47,2.47,5.42,2.05,6819,27.7,11046,52658,142655,86.1,63.7,52.5,34.7,59.7,83.8,1.43,70.2,8.7,4.63,3.72,89.1,228,143,15536
2022-03-16,App_B,iOS,Cellular 4G,Fastly,Metro,VOD Series,1.65,3.89,1.99,0.68,1.63,2.17,4.12,1.99,4892,29.8,8603,41561,104582,84.9,67.7,47.5,31.7,52.5,86.2,1.33,70.7,9.4,5.4,3.61,88.9,193,186,13900
2022-03-17,App_A,iOS,Broadband,Fastly,Country,FAST linear,1.51,3.19,1.62,0.76,1.47,1.89,5.09,1.6,6838,27.5,11391,54396,126126,81.3,66.6,47.6,34.8,58.1,84.8,1.29,72.3,8.2,5.38,3.83,90.1,197,182,13773
2022-03-17,App_B,Android,T-Mobile,AWS CloudFront,Metro,FAST linear,1.48,3.57,2.27,0.75,1.3,2.1,4.95,1.77,5442,28.4,8986,43552,94699,85.9,67,49.3,32,57.2,86.1,1.9,70.2,10.6,4.83,3.07,90.5,220,167,14960
2022-03-18,App_A,WebOS,Comcast Xfinity,Akamai,Region,VOD Movies,1.44,3.31,1.77,0.63,1.3,2.27,5.31,2.21,5859,30.3,11341,54859,136706,84.1,67.2,52.2,35.5,59.4,86.7,1.69,67.7,9.8,4.38,3.74,91.1,215,139,17341
2022-03-18,App_B,FireTV,Jio,Akamai,Metro,VOD Movies,1.79,4.39,1.94,0.66,1.71,2.55,4.82,2.18,4829,28,8547,40983,100785,80,65.5,47.3,34.4,55.3,84.6,1.94,68.8,8.4,4.75,3.5,90.2,246,162,14420
2022-03-19,App_A,Android TV,Comcast Xfinity,Akamai,Country,FAST linear,1.72,3.84,2.06,0.76,1.17,1.97,4.88,1.88,6781,30.5,11372,54562,146884,80.1,65.8,50,33.6,54,88.7,1.29,74.6,8.8,4.69,3.32,91.1,190,156,18742
2022-03-19,App_B,WebOS,Cellular 5G,Akamai,Region,Live Sports/Events,1.67,3.42,1.74,0.83,1.19,1.93,5.16,2.11,4879,28.3,9294,45030,120453,86.3,63.5,47.5,31.6,54.3,87.5,1.39,68,8.8,5.3,3.55,89.6,263,190,13033
2022-03-20,App_A,Android TV,Verizon,Fastly,Region,FAST linear,1.67,4.17,1.58,0.63,1.14,1.95,4.81,1.65,6367,29.5,9900,47316,104688,85.2,63.8,51.9,33.8,57.1,82.2,1.22,71.7,8,5.47,3.44,88.8,215,151,13444
2022-03-20,App_B,Android TV,Jio,Cloudflare,Metro,FAST linear,1.61,4.34,2.07,0.81,1.42,2.1,4.84,2.01,5175,28.5,9550,45447,101112,81.4,68.7,49.4,32.6,54.8,87.8,1.94,69.9,9.1,5.2,3.19,89.7,271,155,16787
2022-03-21,App_A,Android,Jio,AWS CloudFront,Country,Live Sports/Events,1.52,4.17,1.49,0.88,1.36,1.89,5.24,1.51,6737,27.4,9848,47687,104604,84.4,63.3,51.1,35.9,55.3,86.9,1.6,73.5,9.1,4.74,3.35,91.9,248,146,13074
2022-03-21,App_B,WebOS,AT&T,AWS CloudFront,Region,Live Sports/Events,1.47,4.36,2.32,0.87,1.52,2.61,5.21,1.98,5549,29.5,8484,41031,101267,84,65.3,48.5,33.4,55.6,85.2,1.54,66.3,9.4,5.1,3.36,90.5,260,157,13456
2022-03-22,App_A,Desktop Web,Broadband,AWS CloudFront,Country,VOD Series,1.55,3.38,2.04,0.63,1.41,2.4,4.44,1.65,5731,28.7,10137,48734,127777,85.1,66.5,51,36.1,53.8,87.7,1.61,72.3,8.9,4.73,3.7,90.2,199,178,18179
2022-03-22,App_B,WebOS,Cellular 4G,Fastly,Country,FAST linear,1.49,4.23,2.02,0.93,1.25,2.67,4.93,2.34,4976,31.2,9211,44355,93814,84.6,63.7,50.7,30.9,51.6,83.9,1.47,65.7,9.6,4.68,3.33,90.5,253,161,13584
2022-03-23,App_A,Android TV,Verizon,Fastly,Metro,Live Sports/Events,1.73,3.95,1.9,0.66,1.34,2,4.71,2.2,6889,31.1,10688,51300,131342,80,66.4,46.9,32.8,58.3,82.8,1.68,69.8,8.2,4.52,3.78,91.1,185,186,16283
2022-03-23,App_B,Apple TV,Wi-Fi,Cloudflare,Country,VOD Movies,1.51,3.77,1.63,0.69,1.47,2.08,4.63,1.85,5241,27,8703,41402,95069,85.4,67.2,50.7,32.5,56.9,86.7,1.78,67.1,8.5,5.79,3.34,90.2,254,152,12983
2022-03-24,App_A,Android,Jio,AWS CloudFront,Region,VOD Movies,1.61,3.9,1.56,0.72,1.24,2.46,4.84,1.66,6214,27.4,10915,51846,128833,80.3,63.5,47,34.2,53.9,84.6,1.64,68.5,8.4,4.73,3.25,89.4,213,132,13900
2022-03-24,App_B,Android,Broadband,Fastly,Region,FAST linear,1.66,3.57,2.06,0.73,1.41,2.34,4.25,2.29,4739,29.7,8860,42170,105400,85.5,64.5,51.2,32,51.1,83.7,1.94,65.2,10,5.04,3.19,89.6,199,154,12971
2022-03-25,App_A,Apple TV,Broadband,AWS CloudFront,Country,VOD Movies,1.72,4.14,1.81,0.63,1.3,1.92,5.05,1.54,6304,30.5,11023,52631,132583,82,65.9,47.7,33.6,53.3,84.1,1.52,68,8.5,4.53,3.78,90.8,243,168,13590
2022-03-25,App_B,WebOS,Broadband,Akamai,Region,VOD Movies,1.87,4.15,2.01,0.84,1.25,2.04,4.36,1.59,4702,31.2,9664,46626,116266,83.4,67.7,51.5,32.4,52,85.8,1.3,66.3,9.1,5.78,3.3,88.6,203,193,12882
2022-03-26,App_A,iOS,Cellular 5G,Cloudflare,Region,VOD Movies,1.75,4.11,1.86,0.78,1.08,1.77,5.41,1.91,6786,28.1,10524,50819,126399,84,66.9,47.6,34.4,57.7,86.6,1.49,69,7.5,5.43,3.86,92,246,134,17871
2022-03-26,App_B,Android TV,Cellular 4G,Fastly,Metro,VOD Series,1.64,4.24,2.29,0.7,1.68,2.54,4.85,2.12,4647,26.3,9233,44646,114618,84.4,63.3,50.7,33.9,51.1,85.5,1.78,66.9,10.5,5.78,3.11,90.7,234,139,15630
2022-03-27,App_A,iOS,Cellular 4G,Fastly,Metro,VOD Movies,1.8,3.95,1.64,0.71,1.45,1.81,4.36,1.83,6600,27.6,10546,50934,129044,81.6,64.8,47,34.8,54.7,85.7,1.37,69,7.6,4.79,3.67,91.1,191,146,15943
2022-03-27,App_B,Android,Cellular 5G,Cloudflare,Country,VOD Movies,1.63,4.03,2.02,0.95,1.17,2.65,4.24,2.24,4693,30.1,9411,45552,106800,82.3,64,48.8,33.5,54,83.2,1.4,66,8.8,5.25,3.49,89,210,183,14056
2022-03-28,App_A,Android,Broadband,Cloudflare,Metro,Live Sports/Events,1.79,3.22,1.73,0.69,1.39,1.73,4.68,2.07,6151,32.5,10853,51676,118761,84.6,64.2,48.3,33.5,56.7,87.9,1.43,73.1,8.3,4.44,3.2,89.2,221,154,18186
2022-03-28,App_B,Apple TV,Broadband,Fastly,Metro,VOD Series,1.43,4.34,2,0.67,1.26,2.67,4.69,1.78,5344,26.7,9204,44452,115252,81.6,67.1,51.9,33.8,53.3,87.8,1.91,67.3,8.6,5.3,3.05,88.8,225,168,11738
2022-03-29,App_A,Desktop Web,Broadband,Cloudflare,Country,VOD Movies,1.4,3.32,1.98,0.68,1.23,2.31,5.32,1.58,5546,31.5,10844,51822,119046,83.5,65.4,47.9,33,55.9,88,1.35,69.1,8.9,5.11,3.75,91.4,208,132,13255
2022-03-29,App_B,Tizen,Verizon,Fastly,Country,VOD Series,1.56,3.71,1.64,0.75,1.31,2.16,4.8,1.75,5099,28.2,9291,44474,118106,80.6,65.8,48.6,34.7,57.2,85.1,1.72,70.7,9.6,5.54,3.26,91.5,240,185,14616
2022-03-30,App_A,Apple TV,Airtel,Akamai,Metro,VOD Series,1.63,4.17,2.06,0.9,1.6,1.8,5.09,2.05,5862,27.9,10359,50013,105228,83.3,66.3,49.3,33.8,56.6,88,1.28,74.1,9.8,4.49,3.63,88.7,254,166,13169
2022-03-30,App_B,Android,Cellular 4G,Fastly,Country,Live Sports/Events,1.53,4.53,2.25,0.89,1.56,2.38,4.59,1.92,4990,27.4,9631,45955,119234,82.4,65.6,48.1,32.9,52.7,84.4,1.69,65.1,9.7,5.17,3.09,90.2,258,145,14755
2022-03-31,App_A,Android TV,Comcast Xfinity,Cloudflare,Metro,FAST linear,1.71,3.54,1.74,0.62,1.4,2.03,4.38,2.03,6739,27.1,10157,49171,131565,82.9,65.7,52.1,35.6,56.7,82.5,1.49,71.5,9.4,5.3,3.21,90.6,218,155,16985
2022-03-31,App_B,Tizen,T-Mobile,AWS CloudFront,Region,VOD Movies,1.53,4.02,2.09,0.94,1.55,1.92,4.74,1.67,4397,26.7,8357,40078,97482,83.5,68.2,48.8,32.4,57.2,88.9,1.31,71.3,9.2,5.07,3.14,91.9,243,155,10511
2022-04-01,App_A,Tizen,Jio,AWS CloudFront,Region,VOD Movies,1.58,4.12,1.67,0.62,1.59,2.04,5.18,2.17,6693,31.6,9994,48391,112281,81.4,64.9,51.4,33.7,59.1,85.4,1.69,71.9,9.6,4.64,3.59,88.6,195,137,15755
2022-04-01,App_B,Apple TV,Verizon,Fastly,Country,VOD Movies,1.91,3.64,1.74,0.73,1.45,1.84,4.62,1.63,5791,31.1,8381,40019,93656,82.2,66,49.8,34.8,56.5,88.7,1.64,65.6,8.3,5.3,3.26,90.4,238,164,11691
2022-04-02,App_A,iOS,Verizon,Cloudflare,Country,FAST linear,1.43,3.77,1.55,0.68,1.08,2.24,4.35,1.48,5217,29.8,10010,48460,109608,86.4,65.5,50,34,59.4,85.1,1.43,69,9.4,5.07,3.89,90.1,201,171,15149
2022-04-02,App_B,Android,Jio,Cloudflare,Country,Live Sports/Events,1.5,4.08,1.63,0.85,1.22,2.11,4.69,2.05,4578,26.6,8592,41462,100658,85.3,67.9,52.4,33.6,52.1,86.9,1.4,65.8,9.2,4.89,3.34,91.8,207,174,13289
2022-04-03,App_A,FireTV,Cellular 5G,Cloudflare,Metro,VOD Movies,1.37,3.24,2.06,0.78,1.39,1.97,5.15,2.16,6287,32,10119,48771,128442,84.2,64.5,46.8,34.7,53.4,88.2,1.51,74,8.8,4.93,3.34,91,251,176,14075
2022-04-03,App_B,Android TV,Verizon,AWS CloudFront,Country,VOD Movies,1.5,3.87,1.61,0.91,1.18,2.13,4.45,2.16,4417,30.2,9088,43546,105269,85.2,64.3,51.3,34.1,54.9,84.3,1.94,70.8,9.5,5.32,3.59,89.3,227,173,10977
2022-04-04,App_A,Android,AT&T,Cloudflare,Metro,Live Sports/Events,1.46,4.13,2.18,0.68,1.23,2.35,5.11,2.03,5198,32.1,10562,51104,132397,83,65.8,48.7,34.4,54.3,86.2,1.33,71.9,9.8,5.14,3.36,89.4,197,177,18801
2022-04-04,App_B,iOS,Comcast Xfinity,Cloudflare,Metro,VOD Movies,1.63,3.78,1.71,0.92,1.21,2.38,4.86,1.95,5508,29.5,8448,40895,107698,82.1,65.7,52.4,32.5,53.3,87.7,1.56,67.1,7.9,5.59,3.53,90.6,245,152,12407
2022-04-05,App_A,Desktop Web,Broadband,Akamai,Region,Live Sports/Events,1.4,4.03,1.78,0.83,1.56,2.35,4.4,1.63,5807,28.9,9696,46793,121971,84.2,67.2,51,34.1,55.8,88.7,1.34,67.9,9.9,5.1,3.56,91.4,209,175,13868
2022-04-05,App_B,Android TV,Verizon,Fastly,Region,Live Sports/Events,1.86,3.84,2.01,0.86,1.66,2.42,4.66,2.05,4998,30.9,8327,39822,96070,82.6,66.4,49.3,31,55.1,85.1,1.7,67.8,10.1,5.32,3.16,89.2,231,185,10994
2022-04-06,App_A,Android TV,Broadband,Fastly,Region,VOD Movies,1.71,3.65,1.85,0.72,1.51,2.22,5.26,1.49,5443,31.3,10352,49736,112720,84.4,67.2,50.1,35.3,55,88.8,1.55,69.1,7.4,5.43,3.71,90.4,213,145,16528
2022-04-06,App_B,Apple TV,Jio,Fastly,Metro,FAST linear,1.67,3.92,2.33,0.95,1.43,2.13,5.23,2.06,5293,25.9,9227,44613,119905,86.3,66.5,47.2,32.5,54.8,83.6,1.76,65.6,10.2,5.4,3.54,89.7,270,197,14748
2022-04-07,App_A,WebOS,Cellular 5G,Fastly,Region,FAST linear,1.61,4.04,1.58,0.7,1.45,2.26,5.51,1.57,6096,29.3,10499,50915,122685,81.3,63.7,51.1,36.4,60,85.9,1.22,74.2,9.8,5.34,3.71,89.9,182,131,12919
2022-04-07,App_B,Android,Airtel,AWS CloudFront,Region,Live Sports/Events,1.9,3.66,1.91,0.7,1.22,2.38,5.09,2.31,5136,28.9,8901,42567,115431,81.8,65.7,51.4,33.9,55.5,82.6,1.57,68.7,8.4,5.8,3.22,89.6,240,147,14672
2022-04-08,App_A,Apple TV,Wi-Fi,AWS CloudFront,Metro,VOD Movies,1.37,3.93,1.66,0.81,1.08,2.05,5.46,2.03,5403,31,10688,51026,115019,84.3,65.1,48.5,34.4,59.2,85.6,1.65,72.3,8.8,5.49,3.21,91.6,236,160,13005
2022-04-08,App_B,Desktop Web,Jio,AWS CloudFront,Metro,Live Sports/Events,1.46,4.27,2.18,0.85,1.55,2.15,4.17,2.14,4445,26.6,8710,41855,107703,84.3,66.1,51.4,33.6,54.2,83.5,1.91,70.5,10.6,5.04,3.73,90.3,228,149,13990
2022-04-09,App_A,Android,AT&T,AWS CloudFront,Metro,Live Sports/Events,1.77,3.96,1.78,0.7,1.19,2.39,4.95,1.93,6038,27.6,10395,50126,114267,84.9,63.6,51.6,36.2,55.2,85.4,1.42,73.1,8.1,5.3,3.41,91.5,256,147,13521
2022-04-09,App_B,Desktop Web,AT&T,Cloudflare,Country,Live Sports/Events,1.55,3.46,1.62,0.83,1.41,2.62,5.03,1.77,5735,25.4,8647,41485,87808,81.8,67.3,52.7,33.2,56.7,82.8,1.51,70.8,10.2,5.05,3.72,91.8,271,160,13064
2022-04-10,App_A,iOS,Comcast Xfinity,Cloudflare,Region,VOD Movies,1.65,4.12,1.93,0.61,1.42,1.92,5.07,2.06,5349,31.4,11046,52796,124015,81.3,63.7,49,33.9,54.9,84.4,1.39,73.4,8.8,5.17,3.91,89.6,240,163,17325
2022-04-10,App_B,WebOS,Broadband,AWS CloudFront,Metro,VOD Movies,1.78,3.56,2.31,0.73,1.17,2.55,5.28,2.05,5460,28,9182,44209,114536,84.8,64.6,50.2,35.2,54.5,88.7,1.32,70.9,10.2,5.37,3.34,89.6,207,190,15491
2022-04-11,App_A,Android,Cellular 4G,Fastly,Metro,VOD Series,1.35,3.51,1.5,0.81,1.56,2.23,5.29,1.99,5818,31.6,9823,47203,109707,86,64.3,52.2,34,57.2,83.5,1.63,70,9.1,5.21,3.76,91.2,195,180,13246
2022-04-11,App_B,WebOS,Wi-Fi,Cloudflare,Metro,FAST linear,1.57,3.93,1.77,0.67,1.17,2.67,5.08,2.19,4756,27.2,8799,41961,90453,84.3,67.3,49.3,33,53.7,84.4,1.59,65.2,9.3,5.71,3.21,90.4,272,181,15552
2022-04-12,App_A,Android TV,Cellular 5G,Cloudflare,Metro,VOD Series,1.75,3.96,1.62,0.64,1.1,1.78,4.94,1.49,6634,31,9489,45444,110564,83.9,66.1,47,35.8,58.4,82.9,1.37,72,7.8,4.89,3.36,90.5,254,157,13544
2022-04-12,App_B,Android,Cellular 4G,Cloudflare,Metro,VOD Movies,1.43,3.39,1.89,0.77,1.26,2.21,4.52,1.62,5400,25.6,9482,45718,111806,83.8,65.4,47.8,31.8,51.4,87.5,1.29,66.8,10,5.32,3.37,88.9,268,185,16795
2022-04-13,App_A,Android,Jio,Fastly,Country,VOD Series,1.33,3.83,1.49,0.83,1.44,2.14,5.37,1.8,6554,26.7,9795,47337,103908,82.4,66.1,51.2,32.4,56,88.2,1.34,68.8,9.8,5.46,3.27,89.6,239,162,15070
2022-04-13,App_B,FireTV,Verizon,AWS CloudFront,Metro,VOD Series,1.62,3.97,2.25,0.96,1.48,1.87,4.28,2.04,5032,26.3,9345,45196,120808,83,64,48,31.5,55.1,82.7,1.85,71.5,9.5,4.77,3.53,88.6,225,177,11557
2022-04-14,App_A,iOS,Wi-Fi,Cloudflare,Country,FAST linear,1.76,3.81,1.99,0.85,1.31,2.4,4.81,1.6,5732,31.2,10787,51354,126328,82.7,68.9,47.1,34.5,56.9,83.4,1.31,74.9,7.4,5.38,3.57,90.6,238,150,13960
2022-04-14,App_B,Android TV,AT&T,Fastly,Region,FAST linear,1.52,4.2,1.83,0.69,1.21,1.99,4.58,2.16,4764,27.3,8713,41955,98283,85.5,67,51.6,35.1,55.7,82.6,1.82,69.2,9.1,4.72,3.31,90.4,248,177,15379
2022-04-15,App_A,Apple TV,Wi-Fi,AWS CloudFront,Region,VOD Movies,1.7,3.4,1.61,0.81,1.34,1.79,5.37,1.97,5778,29.7,10986,52983,141782,84.3,66,48.7,32.9,59.1,86.1,1.43,72.3,9.6,4.63,3.88,90.4,255,180,14071
2022-04-15,App_B,Android,Cellular 4G,Cloudflare,Metro,Live Sports/Events,1.79,3.97,2.32,0.7,1.47,2.65,4.8,2.03,5187,28,8171,39097,92812,81.1,65.2,52.4,35.2,53.6,86,1.57,68.7,10,5.25,3.72,89.8,233,169,11639
2022-04-16,App_A,Android,T-Mobile,Cloudflare,Metro,Live Sports/Events,1.78,3.46,1.82,0.72,1.35,2.44,5.17,1.59,5594,31.7,10637,51029,119973,85.7,68.6,48.5,36,53.4,87.4,1.49,67.9,8.1,5.23,3.6,89.8,223,157,18558
2022-04-16,App_B,Android,Cellular 5G,Fastly,Country,VOD Movies,1.7,3.67,2,0.69,1.51,1.92,4.17,2.26,5519,28.5,9050,43045,93694,86.5,65.1,50.5,35.1,55.8,84.6,1.61,70.3,8.8,5.07,3.2,92.2,199,153,14949
2022-04-17,App_A,Tizen,Cellular 5G,Akamai,Region,VOD Movies,1.78,3.46,1.81,0.63,1.42,2.47,5.13,1.59,5915,31.1,10314,49376,113666,81.4,67.6,50.4,35,57.8,84,1.74,71.6,9,4.74,3.79,91.4,188,173,17074
2022-04-17,App_B,Desktop Web,Cellular 5G,Cloudflare,Metro,FAST linear,1.61,3.82,1.98,0.86,1.57,1.93,5.19,2.21,5672,27.4,8105,38828,105151,80.7,63.4,49.3,32.1,54.1,89.1,1.63,65.2,8.4,5.41,3.68,91.1,249,159,12733
2022-04-18,App_A,Apple TV,AT&T,AWS CloudFront,Region,Live Sports/Events,1.39,3.2,1.48,0.73,1.19,2.31,4.38,2.02,6042,28.5,9605,46473,118050,84.9,66.6,50.4,33.6,59.8,82.5,1.22,72.9,9.6,5.42,3.3,88.7,246,179,13503
2022-04-18,App_B,iOS,Cellular 5G,Cloudflare,Metro,Live Sports/Events,1.69,4.38,2.33,0.9,1.4,2.11,4.59,1.67,5230,30.4,8113,39211,87596,84.7,69.5,52.7,33.8,55.8,83.9,1.39,68.2,9.2,5.17,3.72,92.2,247,161,12678
2022-04-19,App_A,WebOS,Jio,Akamai,Country,Live Sports/Events,1.66,4.25,1.81,0.78,1.55,1.88,5.12,1.85,6441,26.3,9475,45933,123151,81.1,66.1,51.2,37,59.2,86.2,1.62,68.2,9.9,4.57,3.32,90.8,226,130,14625
2022-04-19,App_B,Android TV,Broadband,Akamai,Region,Live Sports/Events,1.42,3.71,1.56,0.67,1.54,2.64,4.33,1.79,5332,29.4,9009,43026,112769,84.8,63.3,52.6,32.2,53.2,83.9,1.42,70.7,8.3,5.64,3.42,89.7,192,181,14581
2022-04-20,App_A,WebOS,Verizon,Cloudflare,Country,Live Sports/Events,1.39,3.29,1.51,0.86,1.13,1.97,4.94,1.72,5617,28,10862,52437,114902,82.8,65.6,49.8,34.8,55.6,88,1.38,73.9,9.7,4.86,3.39,88.6,223,182,14668
2022-04-20,App_B,iOS,AT&T,AWS CloudFront,Metro,VOD Movies,1.48,4.47,1.87,0.81,1.4,2.06,4.59,2.08,4809,29.8,9262,44517,109247,85.4,67.1,49.9,33.6,55.3,88.7,1.81,71.6,8,5.15,3.16,89.5,211,186,13073
2022-04-21,App_A,Tizen,T-Mobile,Cloudflare,Country,Live Sports/Events,1.42,3.24,2.08,0.72,1.12,1.67,5.52,1.61,5549,27.3,10193,48441,110371,85.5,69.3,48.7,34.7,58.2,83.7,1.55,68,8.8,4.37,3.46,91.8,239,158,17989
2022-04-21,App_B,Desktop Web,Comcast Xfinity,AWS CloudFront,Metro,Live Sports/Events,1.47,4.2,1.63,0.72,1.23,2.16,4.48,2.32,4921,27.2,8452,40451,89670,86.1,65.3,52.6,33.5,55,86.7,1.38,65.3,9,4.68,3.49,88.6,271,163,11198
2022-04-22,App_A,Android TV,Broadband,Fastly,Metro,VOD Series,1.73,3.21,1.58,0.68,1.14,2.43,4.67,1.56,6443,30.5,10759,51151,130783,82.8,63.3,47.6,33.8,57.1,87.3,1.32,70.2,8,5.3,3.67,89.7,247,174,15625
2022-04-22,App_B,iOS,Comcast Xfinity,AWS CloudFront,Country,FAST linear,1.55,4.38,1.86,0.66,1.65,1.81,5.04,1.57,4828,29.3,8712,41567,91297,80,68.5,49.8,32.3,54.1,82.5,1.76,70.7,9.2,4.69,3.11,90.1,243,145,14694
2022-04-23,App_A,Android TV,Cellular 5G,Akamai,Region,VOD Series,1.66,3.61,1.96,0.84,1.14,2.12,4.37,1.67,5600,27.5,10513,50359,133172,80.7,67,47,36,56.2,86.8,1.55,68.9,9.2,4.47,3.41,90.4,221,132,14195
2022-04-23,App_B,Apple TV,Wi-Fi,Cloudflare,Country,FAST linear,1.88,3.92,2.26,0.84,1.51,2.13,5.17,2.27,4376,25.6,8490,41165,102612,85.9,69.5,48.7,32.7,51.9,83.8,1.67,67.6,9.2,5.03,3.74,91.6,254,158,11400
2022-04-24,App_A,Android,Airtel,AWS CloudFront,Country,VOD Movies,1.6,3.15,2.12,0.89,1.24,2.12,5.1,1.97,5123,27.8,9477,45541,114276,81.8,65.5,52.8,35.3,60.2,87.8,1.78,69.9,9.2,5.43,3.6,91.2,202,136,12161
2022-04-24,App_B,Apple TV,AT&T,Fastly,Country,VOD Movies,1.9,3.6,2.15,0.88,1.25,2.56,4.27,1.92,5239,29.7,8905,42674,94935,85.6,65.6,48,31.4,53.6,85.2,1.91,67.2,9.7,5.16,3.17,89.4,204,165,11671
2022-04-25,App_A,iOS,Airtel,AWS CloudFront,Country,VOD Movies,1.73,3.71,1.69,0.79,1.52,1.8,5.46,2.14,5050,28.4,9691,46648,119387,85,64.5,52.2,35,54.6,84.9,1.59,69.5,9.2,5.35,3.62,91,247,179,12849
2022-04-25,App_B,Apple TV,Cellular 4G,Fastly,Country,VOD Series,1.58,4.25,1.84,0.76,1.21,2.16,4.64,1.86,4621,27.3,9021,43624,98719,80.5,65.7,47,34.1,52.4,85.7,1.59,71.6,9.1,4.83,3.4,90.2,249,165,13642
2022-04-26,App_A,Tizen,Wi-Fi,Akamai,Region,FAST linear,1.69,3.69,2.04,0.73,1.55,1.84,4.41,2.13,4888,29,9448,45535,120574,83.3,68.4,51.4,34.4,55.2,88.5,1.55,73.7,8.3,5.16,3.24,90.5,187,140,13937
2022-04-26,App_B,Apple TV,Verizon,Akamai,Metro,Live Sports/Events,1.63,4.28,1.57,0.88,1.68,2.3,4.53,2.29,5613,29.6,8625,41236,103280,80.2,65.7,48.1,35.6,52.9,88.3,1.91,65.1,8.5,5.51,3.78,89.1,265,152,12815
2022-04-27,App_A,Desktop Web,T-Mobile,Cloudflare,Metro,FAST linear,1.75,3.35,1.63,0.64,1.06,2.47,5.01,1.77,5731,27.4,10624,51128,121142,81.7,68.1,51.6,36.3,53.7,86.5,1.35,68.1,9.3,5.22,3.33,88.8,196,169,15897
2022-04-27,App_B,Android TV,Broadband,AWS CloudFront,Metro,FAST linear,1.5,4.1,2.23,0.77,1.23,2.24,5.24,1.79,4258,27.9,8255,39441,96262,83.9,68,48.5,33.4,57.8,84.3,1.82,65.4,8.4,5.27,3.3,92.2,256,163,14348
2022-04-28,App_A,Desktop Web,Jio,Cloudflare,Country,VOD Movies,1.4,3.57,2.01,0.66,1.41,1.67,5.35,2.15,5122,27.6,10656,50812,112929,80.5,66.9,49.9,34.4,55,82.7,1.38,72.8,9.2,5.01,3.37,89.3,241,135,14280
2022-04-28,App_B,WebOS,Broadband,Cloudflare,Metro,VOD Movies,1.71,4.17,2.16,0.94,1.46,1.89,4.56,1.99,5382,29,8237,39911,106304,80.5,68,50,35.7,51.3,84.2,1.38,69.1,9.5,5.76,3.14,91.7,242,186,12703
2022-04-29,App_A,Tizen,Wi-Fi,Fastly,Metro,VOD Series,1.67,3.17,2.09,0.81,1.25,1.8,5,1.79,5438,28.7,10314,49933,105729,84.8,68.4,50.6,37.1,55,87.8,1.38,73,8.6,4.43,3.82,92.2,215,158,16563
2022-04-29,App_B,Tizen,Airtel,AWS CloudFront,Region,Live Sports/Events,1.44,3.93,2.18,0.82,1.15,2.49,4.2,2.08,5522,24.9,8625,41146,104222,84.3,65.6,47.4,34.3,52,85.1,1.88,65.1,8.7,4.87,3.5,91.7,263,159,12896
2022-04-30,App_A,Desktop Web,Comcast Xfinity,Cloudflare,Country,VOD Movies,1.45,4.21,2.03,0.76,1.07,2.39,5.11,1.61,5386,30.4,10667,50717,112679,81.8,65.1,49.4,33.8,54,86,1.78,72.6,8.9,5.29,3.45,91,192,131,18568
2022-04-30,App_B,Tizen,Airtel,Fastly,Region,VOD Movies,1.52,3.92,1.74,0.89,1.55,2.3,4.6,2.02,4910,25.2,8324,39581,93368,81.3,69.4,50.9,35.4,55.9,84.1,1.38,68.4,8.7,5.32,3.74,90.4,260,183,12836
2022-05-01,App_A,FireTV,T-Mobile,Akamai,Metro,VOD Series,1.39,3.69,1.78,0.79,1.48,1.67,5.22,1.74,5050,30.2,10751,51791,133062,82.9,63.7,50.6,35.6,57.4,88.4,1.22,69.5,8.1,5.25,3.79,88.9,211,139,17458
2022-05-01,App_B,Apple TV,Cellular 4G,Cloudflare,Metro,FAST linear,1.64,3.69,2.11,0.75,1.61,1.89,4.5,1.76,5042,29.2,9021,43574,103981,86.4,64.3,51.7,31.5,51.9,83.2,1.83,65.1,8.3,4.71,3.24,90.3,262,139,12776
2022-05-02,App_A,FireTV,Airtel,Akamai,Country,VOD Series,1.48,3.91,1.93,0.65,1.06,1.68,5.24,2.01,6211,30.2,9382,45015,109594,80,67.9,51.2,36.1,58.2,88.4,1.45,71.5,8.1,4.75,3.43,89.9,225,178,11801
2022-05-02,App_B,iOS,Cellular 4G,Cloudflare,Region,VOD Series,1.42,3.54,2.18,0.85,1.19,1.95,5.28,1.57,5252,28.9,8499,41070,110362,84.9,69,47.3,32.2,52.4,85.9,1.58,71.6,7.9,5.49,3.43,88.7,203,139,13742
2022-05-03,App_A,iOS,Wi-Fi,Akamai,Metro,Live Sports/Events,1.34,3.7,1.79,0.78,1.35,2.26,5.17,1.54,4920,26.2,10379,49499,131106,81.4,66.1,47.8,34.7,58.6,88.7,1.53,70.4,8.7,4.96,3.55,90.1,193,184,16513
2022-05-03,App_B,iOS,Cellular 4G,AWS CloudFront,Metro,VOD Series,1.58,3.36,1.62,0.74,1.14,2.16,5.31,2.21,4834,25.4,8580,40956,98578,85.4,69.6,50.8,32.9,53.1,86.2,1.89,65.2,10.2,5.8,3.44,89.4,261,185,15201
2022-05-04,App_A,Tizen,Comcast Xfinity,Cloudflare,Region,Live Sports/Events,1.33,4.15,1.99,0.65,1.51,2.3,4.81,2.11,5241,26.2,10024,47767,128597,84.3,68.3,50.8,35.7,57.5,87.7,1.54,71.2,9.5,5.13,3.69,89.2,197,156,17205
2022-05-04,App_B,Android TV,Broadband,Cloudflare,Region,Live Sports/Events,1.58,3.88,1.88,0.78,1.25,2.57,5.23,2.09,4922,24.7,8954,43242,107800,86.6,65.7,49.1,32.2,54.7,88.5,1.41,69.4,7.9,5.23,3.37,90.8,249,157,14444
2022-05-05,App_A,FireTV,AT&T,Cloudflare,Region,FAST linear,1.55,4.18,1.91,0.89,1.42,2.41,5.14,1.82,5036,30,9331,44977,98639,84.1,63.8,50.3,33.3,53.7,88.7,1.26,71.6,7.5,5.39,3.68,90.9,240,169,12978
2022-05-05,App_B,Tizen,Comcast Xfinity,AWS CloudFront,Country,VOD Series,1.74,4.26,1.88,0.77,1.17,2.57,4.64,2.26,4670,27,9099,43767,111024,85,64.6,50.3,34.8,53.1,83.8,1.43,67.4,8.6,5.25,3.27,90.5,239,158,11352
2022-05-06,App_A,Android,Wi-Fi,AWS CloudFront,Country,VOD Movies,1.43,3.5,2.08,0.79,1.35,2.37,5.42,1.79,4805,27.6,10525,50439,132593,81.2,63.8,52.2,34.4,54,85.3,1.78,71.9,8,5.37,3.92,89.1,178,180,18802
2022-05-06,App_B,Desktop Web,Wi-Fi,AWS CloudFront,Region,Live Sports/Events,1.82,4.46,2.05,0.82,1.33,1.77,4.6,1.63,4195,26.1,8523,41190,100896,83.4,68.5,47.9,33.3,52.4,82.6,1.71,66,10.3,5.4,3.54,90.8,232,168,13242
2022-05-07,App_A,Tizen,Airtel,Cloudflare,Country,FAST linear,1.52,3.41,1.75,0.62,1.58,2.4,5.05,1.8,6407,30.3,9326,44318,102493,82,63.2,48.2,36.2,56.8,87,1.47,69.6,8.3,4.37,3.28,90,251,129,16579
2022-05-07,App_B,Apple TV,Jio,Cloudflare,Region,FAST linear,1.5,3.69,1.99,0.65,1.64,2.55,4.72,1.83,4256,26.3,8153,39088,102745,81.4,68.6,52.2,33.3,56.4,88.9,1.65,68.5,9.9,5.36,3.74,89.7,212,151,12716
2022-05-08,App_A,Android TV,AT&T,Fastly,Metro,VOD Movies,1.59,4.1,2.08,0.66,1.23,2.13,4.7,1.48,5052,29.2,10513,50964,131733,85.2,64.9,51.1,36.3,56.4,82.8,1.76,70.7,9.7,4.82,3.4,89.9,208,155,17112
2022-05-08,App_B,Android,AT&T,Cloudflare,Country,Live Sports/Events,1.66,3.66,1.63,0.69,1.31,2.57,4.21,2.06,5018,27.2,9103,44019,113058,82,68.6,49.1,31.5,52.3,86.8,1.66,65.9,9.9,5.38,3.48,91.2,219,143,15663
2022-05-09,App_A,Tizen,Cellular 4G,Cloudflare,Region,Live Sports/Events,1.44,4.19,1.51,0.6,1.47,2.14,4.75,1.55,5765,28.5,9804,47527,115285,83,63.7,50.8,33.2,55.8,86,1.23,74.1,8.1,5.42,3.54,91.1,195,141,11906
2022-05-09,App_B,iOS,Broadband,AWS CloudFront,Region,Live Sports/Events,1.77,3.48,1.62,0.93,1.63,2.16,4.62,1.62,5272,24.4,8483,40963,85882,84.9,68.1,51.5,31.7,57,82.6,1.5,71.5,8.3,4.6,3.38,90.5,245,188,10751
2022-05-10,App_A,Android,Verizon,AWS CloudFront,Region,VOD Movies,1.4,4.18,2.12,0.74,1.46,2.26,5.1,1.67,4892,28.5,9740,46506,115897,81.7,68.5,51.7,36.8,56.8,86.3,1.69,72.4,7.8,5.09,3.84,91.7,224,181,12398
2022-05-10,App_B,FireTV,T-Mobile,Cloudflare,Country,VOD Series,1.4,4.13,1.89,0.75,1.48,1.95,4.72,1.7,5081,26.8,8039,38847,98923,83.7,64.1,52.1,31.9,56.6,82.9,1.88,66.8,9.8,4.74,3.47,90.4,253,161,12384
2022-05-11,App_A,Tizen,T-Mobile,Fastly,Region,VOD Movies,1.67,3.64,1.98,0.85,1.45,2.22,5.36,1.73,5438,25.8,9976,47971,117686,86.7,64.2,48.5,35.5,55,83.1,1.25,73.2,9.4,4.66,3.38,89.3,195,139,12424
2022-05-11,App_B,Android,Cellular 4G,Fastly,Region,FAST linear,1.73,3.53,2.11,0.73,1.68,2.2,5.13,1.91,5237,29.1,8542,40992,105715,82.9,66.8,51.2,35.9,53.5,86.1,1.3,65.5,10.2,5.33,3.21,92.3,260,151,13792
2022-05-12,App_A,Apple TV,Jio,Fastly,Country,VOD Series,1.65,3.45,1.78,0.74,1.54,1.71,4.94,2,4756,27.8,9915,47137,117277,81.3,64.7,52.9,36.2,56.8,85.9,1.47,70.1,9.5,5.14,3.59,90.7,235,162,13856
2022-05-12,App_B,Android,Comcast Xfinity,AWS CloudFront,Metro,Live Sports/Events,1.52,4.5,1.99,0.88,1.61,2.01,4.35,2.2,4658,28.3,8286,39922,101179,81.6,64.9,52.6,35,56.4,86.5,1.52,72,8.7,5.42,3.56,89.4,216,159,11101
2022-05-13,App_A,Desktop Web,Jio,Fastly,Metro,VOD Series,1.76,3.59,1.69,0.87,1.51,1.76,4.71,1.74,4753,29.4,9428,45621,110398,83.4,66.3,51,36.1,59.7,87.2,1.22,70.2,9.8,5.28,3.59,90.4,190,182,14384
2022-05-13,App_B,Android,Verizon,Akamai,Metro,VOD Movies,1.65,3.39,1.69,0.82,1.17,2.1,4.44,1.56,5390,25.3,8538,41248,95015,81.9,69.2,51.5,31.9,57.8,85.2,1.38,65.6,9.6,5.06,3.6,89.7,204,146,12819
2022-05-14,App_A,Android TV,T-Mobile,Akamai,Country,Live Sports/Events,1.51,3.54,1.73,0.74,1.5,1.94,4.94,1.95,5287,28.2,9638,45870,105519,80.7,68.1,49,36.2,57.8,84.8,1.77,70.2,9.5,4.86,3.33,92.3,187,168,15949
2022-05-14,App_B,iOS,Cellular 5G,AWS CloudFront,Region,FAST linear,1.64,3.85,2.07,0.76,1.39,2.21,5.18,2.25,4989,28,7756,37486,87160,82.5,67.4,49.9,32.6,54.6,83.5,1.64,66.5,8.6,4.78,3.44,89.2,216,148,11967
2022-05-15,App_A,Apple TV,Cellular 4G,Fastly,Metro,VOD Movies,1.62,3.65,1.73,0.84,1.18,1.82,4.69,1.95,5585,30,10576,51106,108049,83,67.7,47.2,33.7,54.7,87.2,1.64,68.1,7.7,4.71,3.91,88.8,214,141,15970
2022-05-15,App_B,WebOS,AT&T,Akamai,Region,FAST linear,1.49,3.44,1.91,0.81,1.55,2.41,5.1,1.62,4677,25.2,8699,41449,97546,86.1,66.8,50,31.8,56.3,85.6,1.33,66.5,7.8,5.08,3.62,89.1,210,171,12954
2022-05-16,App_A,Android,Airtel,Akamai,Metro,VOD Movies,1.59,4.13,1.59,0.67,1.21,2.32,5.18,1.6,5945,27.2,9758,46631,100217,82.7,63.3,52.2,32.8,57.5,86.6,1.78,70.2,8.4,5.23,3.57,89.9,232,128,15679
2022-05-16,App_B,iOS,Cellular 5G,Fastly,Region,Live Sports/Events,1.75,3.44,2.11,0.87,1.6,2.04,4.46,2.28,4269,25,8879,42251,103661,82.7,65.8,47.4,34.6,53.4,83.6,1.7,69.8,10.4,5.08,3.16,90.1,237,164,12395
2022-05-17,App_A,Apple TV,Wi-Fi,Fastly,Country,VOD Movies,1.47,4.2,1.93,0.76,1.18,1.89,5.33,1.73,5096,30.4,9162,44129,113007,84.1,65.5,50.8,36.7,58.8,89.1,1.5,72.8,9.4,4.44,3.45,92.3,228,161,13704
2022-05-17,App_B,WebOS,Cellular 4G,Fastly,Metro,VOD Movies,1.57,3.63,1.77,0.83,1.34,1.86,4.73,2.05,4374,28.7,7749,36865,100129,85.3,66.5,51.7,34.4,55.4,83.7,1.75,70.3,10.4,5.07,3.58,91.2,210,167,11396
2022-05-18,App_A,iOS,Wi-Fi,Akamai,Region,VOD Movies,1.31,3.37,1.7,0.88,1.26,1.95,4.49,1.48,6229,25.2,9064,43252,114646,82.1,68.7,47.1,35.3,54.9,83.5,1.34,71.2,9.4,5.38,3.3,91.6,239,138,12743
2022-05-18,App_B,Android TV,Wi-Fi,Cloudflare,Country,Live Sports/Events,1.42,3.88,2.24,0.68,1.57,2.27,5.24,2.04,4933,26.3,7973,38016,99523,84.5,65.2,51,32.2,57.5,86.9,1.62,71.2,8.9,4.63,3.15,90.7,246,167,11766
2022-05-19,App_A,Tizen,Airtel,AWS CloudFront,Region,VOD Movies,1.38,3.48,1.86,0.86,1.41,2.16,5.06,1.67,5315,30,9627,45834,120027,85.9,69.4,47.7,36.6,58.8,85.8,1.69,73.5,9.4,4.95,3.44,90.2,176,148,11556
2022-05-19,App_B,WebOS,T-Mobile,Cloudflare,Region,VOD Series,1.58,3.87,1.99,0.78,1.28,2.4,4.58,1.54,4897,26,8953,42761,105450,85.8,67.8,51.8,35.7,53.8,85.3,1.59,71.9,9.9,5.01,3.28,91.3,257,185,12003
2022-05-20,App_A,Android TV,T-Mobile,Akamai,Region,FAST linear,1.54,3.16,1.67,0.87,1.56,1.81,4.81,1.58,5384,30.1,9087,43665,115303,86.3,65.7,48.3,35.7,57.6,89,1.54,70.6,7.7,5.36,3.28,90,208,178,12048
2022-05-20,App_B,Android,Comcast Xfinity,AWS CloudFront,Metro,FAST linear,1.42,4.47,1.68,0.83,1.65,2.37,4.37,1.77,4916,26.8,8049,38830,80892,84.6,67.5,47.1,36,51.5,88.1,1.34,67.5,9.6,5.15,3.74,90.9,268,143,11511
2022-05-21,App_A,Desktop Web,T-Mobile,Fastly,Country,Live Sports/Events,1.75,3.5,1.81,0.63,1.31,2.43,5.39,2.16,5729,27.6,8989,43358,107889,84.1,67.7,50.4,35.5,57.1,83.6,1.35,70.8,9.8,5.3,3.93,91.2,187,155,11016
2022-05-21,App_B,Apple TV,Broadband,Cloudflare,Metro,FAST linear,1.7,3.35,1.62,0.91,1.54,1.79,4.65,1.72,4074,26.1,8087,38416,101079,83.2,65.2,47.2,34.8,52.5,84.9,1.86,68.1,8.3,5.81,3.51,92.4,223,154,12450
2022-05-22,App_A,Desktop Web,AT&T,Akamai,Metro,Live Sports/Events,1.48,3.97,2.07,0.72,1.23,1.81,4.44,2.03,5002,26.1,9145,43917,100643,84.6,66.6,50.5,33.5,56.5,84.9,1.49,69.9,7.9,5.36,3.5,91.4,216,181,12701
2022-05-22,App_B,iOS,Airtel,AWS CloudFront,Metro,FAST linear,1.89,3.94,2.07,0.89,1.26,2.42,4.47,1.98,5401,24.8,8726,42209,107731,85,65.2,52.5,32.8,53.5,88.5,1.63,68.7,8.1,4.97,3.48,90.4,236,153,13940
2022-05-23,App_A,Android,Verizon,AWS CloudFront,Metro,FAST linear,1.71,3.52,1.81,0.64,1.26,2.11,5.42,1.62,5647,29.4,9989,47735,106244,84.3,67,50.6,33,55,85.2,1.56,73.6,9.3,5.16,3.51,88.9,249,136,16823
2022-05-23,App_B,FireTV,Comcast Xfinity,AWS CloudFront,Metro,VOD Movies,1.78,4.06,1.72,0.84,1.54,2.47,4.43,1.88,4453,24.8,8250,39982,84682,86.5,67.4,51.8,32,56.2,82.7,1.86,70.6,9.4,4.87,3.44,89.8,263,190,14117
2022-05-24,App_A,Desktop Web,Cellular 4G,Fastly,Country,FAST linear,1.62,3.31,1.61,0.73,1.1,1.86,4.44,1.49,5084,28.9,9757,46932,110318,84.1,66.9,47.6,36.1,54.4,87.6,1.47,73.5,9,4.74,3.91,90.3,186,133,17198
2022-05-24,App_B,Android,Comcast Xfinity,Akamai,Country,VOD Series,1.74,4.43,1.87,0.75,1.21,2.04,4.38,1.71,4415,25.3,7791,37719,83697,82.1,64.7,52.4,33.8,55,85.4,1.68,67.6,9.5,5.54,3.16,91.2,191,168,11174
2022-05-25,App_A,Apple TV,Cellular 4G,Akamai,Country,Live Sports/Events,1.44,3.26,1.63,0.84,1.49,2.3,5.24,1.54,5316,28,8979,43206,109973,84.6,66.3,49.2,35.4,54,84.9,1.35,71.1,9,5.25,3.44,89.6,249,145,15968
2022-05-25,App_B,FireTV,Airtel,Fastly,Region,Live Sports/Events,1.7,3.75,1.63,0.69,1.28,2.58,4.23,2.01,5340,28.9,7859,37551,89602,80.1,65.5,48.6,31.7,53.5,83.7,1.79,66.1,10,4.58,3.3,91.9,239,176,12592
2022-05-26,App_A,FireTV,Cellular 4G,Cloudflare,Country,VOD Movies,1.58,3.52,2.04,0.83,1.3,2.11,5.38,2.03,5171,28.2,10367,49775,129104,82.4,65.4,52.9,36.5,55.4,89.1,1.66,70.5,8.4,5.37,3.58,90.9,218,136,12487
2022-05-26,App_B,Desktop Web,T-Mobile,AWS CloudFront,Metro,FAST linear,1.88,3.38,1.97,0.66,1.65,2.04,5.07,2.08,4321,24.3,8468,40944,91320,82.2,69.3,51.6,32.3,54.1,82.7,1.48,69.4,8,5.47,3.52,88.9,205,193,12191
2022-05-27,App_A,iOS,Cellular 4G,Fastly,Country,Live Sports/Events,1.38,3.99,1.51,0.71,1.13,2.02,4.89,2.03,6330,30.2,9334,44681,113826,85.6,63.3,49,34.2,57.5,82.8,1.4,73.1,9.5,5.21,3.37,90.1,233,141,15309
2022-05-27,App_B,Android,T-Mobile,Akamai,Country,VOD Series,1.82,3.99,1.64,0.7,1.26,2.6,4.73,1.99,5280,24.5,8249,39851,97770,86.6,65.5,49.7,33,57.7,83.9,1.87,69.3,9.8,5.18,3.21,90.5,257,181,10359
2022-05-28,App_A,WebOS,Wi-Fi,AWS CloudFront,Country,VOD Series,1.7,3.3,2.04,0.74,1.26,2.44,5.44,1.61,5251,27.9,9950,47840,108010,86.6,69.6,52.9,35.1,57.1,86.3,1.3,69.6,7.8,4.68,3.53,88.8,203,136,14445
2022-05-28,App_B,Tizen,Jio,Fastly,Country,FAST linear,1.43,4.01,1.83,0.9,1.16,2.19,4.28,2.18,4340,25.1,7713,37386,86923,86.6,69,48.8,33.6,53.7,89.3,1.8,67,9.4,5.19,3.79,91.2,249,166,9940
2022-05-29,App_A,WebOS,Cellular 4G,AWS CloudFront,Metro,Live Sports/Events,1.54,3.89,1.63,0.78,1.32,1.82,5.1,1.94,5474,27.3,8996,43290,96032,86.7,66.3,48,36.2,60.3,84.6,1.5,73.5,7.5,4.54,3.47,92.1,190,174,13056
2022-05-29,App_B,FireTV,Wi-Fi,AWS CloudFront,Region,VOD Series,1.73,4.3,1.7,0.7,1.44,2.37,5.26,1.69,5269,28.8,8316,40186,99610,81.5,63.3,49.6,33.7,54.1,84.7,1.85,70.1,9,4.99,3.45,90.7,264,143,11420
2022-05-30,App_A,Desktop Web,Cellular 4G,Akamai,Region,FAST linear,1.55,3.19,2.04,0.59,1.47,1.65,4.47,1.94,5793,29.2,8974,43268,111113,84.4,64.6,52.1,35.4,55.9,87.7,1.44,74.3,8.3,5,3.42,89.9,183,160,12638
2022-05-30,App_B,Desktop Web,AT&T,Cloudflare,Country,VOD Series,1.66,4.47,1.53,0.67,1.62,2.49,4.46,1.91,4760,26.3,8753,42273,109083,80.6,69.7,52,33.3,55.6,83.5,1.3,72.1,10.3,4.9,3.67,92.2,194,185,11250
2022-05-31,App_A,Apple TV,Jio,Cloudflare,Country,FAST linear,1.55,4.05,2.01,0.77,1.17,2.01,5.49,1.53,5677,29.3,9834,46975,121410,82.3,63.7,50.6,33.7,60.1,83.2,1.42,69.9,9.2,4.71,3.38,92.1,197,136,13313
2022-05-31,App_B,WebOS,Airtel,Akamai,Region,VOD Movies,1.57,3.86,1.62,0.85,1.35,2.26,4.66,2.25,4192,27.2,8475,40767,99095,81.7,66,50.1,31.7,55.1,86.4,1.4,72,9.7,5.65,3.63,88.9,201,164,10701
2022-06-01,App_A,Apple TV,Cellular 4G,Cloudflare,Region,VOD Movies,1.63,4.08,1.77,0.79,1.49,2.18,4.92,1.47,6134,25.9,9896,47809,124767,83,65.6,49.3,34,57.1,88.3,1.31,73.3,8.9,4.48,3.39,89.3,202,152,11983
2022-06-01,App_B,FireTV,Comcast Xfinity,Akamai,Region,VOD Movies,1.43,4.2,2.09,0.88,1.24,1.86,5.13,1.54,4754,28.2,8043,38828,103330,86.4,67.8,49.3,33,57.5,86.9,1.4,68.3,8.8,4.82,3.76,91.1,191,178,14148
2022-06-02,App_A,FireTV,Broadband,Fastly,Region,Live Sports/Events,1.56,3.18,2.06,0.79,1.11,2.11,5.07,1.82,5182,26.3,9462,45620,98147,80.5,68.9,47.8,35.6,59,87.4,1.56,69.7,8.4,4.51,3.33,91.2,188,162,12491
2022-06-02,App_B,Android,Broadband,Fastly,Region,VOD Movies,1.6,3.91,1.58,0.78,1.42,2.54,5.34,1.68,4648,26.8,8281,39437,83069,81.4,69.6,49.7,34.3,53.4,86.9,1.69,71.7,10.3,5.47,3.21,88.9,253,138,11693
2022-06-03,App_A,Tizen,AT&T,Cloudflare,Metro,FAST linear,1.36,3.14,1.81,0.88,1.06,1.91,4.82,1.88,6112,29.4,9883,47629,113915,81.8,67.2,51,32.9,60.1,88.4,1.5,73.9,7.6,5.17,3.88,91.6,179,169,15336
2022-06-03,App_B,FireTV,Verizon,Akamai,Metro,VOD Movies,1.45,3.89,2.18,0.87,1.23,2.59,5.16,1.61,4024,26.9,8218,39539,93690,82.1,65,50.4,34.6,51.7,84.1,1.36,65.5,9.7,4.58,3.2,91.6,246,167,13747
2022-06-04,App_A,iOS,Wi-Fi,Cloudflare,Metro,VOD Movies,1.39,3.32,1.75,0.84,1.5,2.38,4.82,1.85,5343,25.9,10357,50106,109414,80.2,65.4,53.2,33.3,56.3,84.8,1.7,72.4,8.2,4.71,3.71,90,192,182,17835
2022-06-04,App_B,FireTV,Cellular 5G,Akamai,Region,FAST linear,1.41,3.35,2.14,0.69,1.28,2.37,4.45,1.74,4749,27.4,8833,42299,99148,86.1,65,53,34.2,56,82.8,1.72,68.2,8.2,4.84,3.7,90.2,189,151,12599
2022-06-05,App_A,Android,Broadband,Fastly,Metro,FAST linear,1.65,3.27,1.63,0.71,1.2,1.65,5.54,2.1,5838,27.3,9821,46748,110137,81.1,65.2,49.1,36.1,56.6,89.1,1.64,68.7,7.9,4.86,3.58,92,239,167,15311
2022-06-05,App_B,Desktop Web,AT&T,Fastly,Region,VOD Series,1.4,3.67,1.56,0.67,1.48,2.05,5.02,1.59,4207,27.5,8530,40619,93334,84.7,69.4,49.8,35.5,54.3,83.8,1.77,70.4,9.5,5.4,3.3,89.6,255,154,10344
2022-06-06,App_A,iOS,Airtel,Fastly,Region,VOD Movies,1.65,3.32,1.54,0.83,1.48,1.94,5.36,1.88,6060,26.1,10202,48950,124819,82,68.4,49.9,37.1,56.8,83.5,1.34,72.8,8.5,4.58,3.72,91.3,207,141,17367
2022-06-06,App_B,Android,T-Mobile,Akamai,Metro,Live Sports/Events,1.39,3.41,1.97,0.65,1.58,2.19,5.02,2.27,4664,26.4,8220,39057,95635,85.5,65.1,52.4,34.4,57.7,89.3,1.29,70.7,7.9,4.62,3.76,91.3,193,176,13275
2022-06-07,App_A,FireTV,Wi-Fi,Akamai,Region,VOD Series,1.48,3.43,1.94,0.78,1.3,1.78,4.8,1.71,5871,26.3,9533,45831,103107,82.9,68.2,52.7,36.2,54.2,85.3,1.58,68.6,9,5.24,3.63,89,189,138,13280
2022-06-07,App_B,Android TV,AT&T,Fastly,Country,FAST linear,1.52,4.11,2.17,0.77,1.2,2.6,4.4,1.53,4983,24.9,7851,37559,87274,84.9,63.6,53.1,33.4,56.6,86.4,1.31,69.4,10,5.66,3.62,89.9,198,144,11693
2022-06-08,App_A,Apple TV,T-Mobile,Akamai,Region,Live Sports/Events,1.71,3.83,2.05,0.84,1.46,1.9,5.09,1.48,6092,27.4,10376,50009,104474,81.9,63.9,49.8,35.5,54.7,82.8,1.64,74.7,8.2,5.21,3.39,91.5,230,171,17881
2022-06-08,App_B,iOS,Comcast Xfinity,AWS CloudFront,Region,Live Sports/Events,1.73,4.38,2.06,0.8,1.67,2.34,4.61,2.04,5244,24.4,8368,40353,108684,82.8,66.6,52.7,31.6,52.9,87.1,1.64,72,7.9,4.72,3.77,91,199,179,13381
2022-06-09,App_A,iOS,Cellular 4G,Cloudflare,Region,Live Sports/Events,1.72,3.81,1.76,0.63,1.25,1.73,5.05,2.01,5308,29.8,8994,43002,109733,84.9,66.4,47.9,33.7,60,86.6,1.76,70.7,8.5,5.05,3.42,91.7,236,173,13342
2022-06-09,App_B,iOS,Wi-Fi,Fastly,Region,Live Sports/Events,1.74,3.52,2.1,0.83,1.28,2.05,4.69,2.01,4292,24.5,8276,39622,87564,84.2,68.3,51.1,34.9,52,86.7,1.72,68,9.5,5.59,3.19,90.3,249,163,11286
2022-06-10,App_A,iOS,Broadband,Fastly,Country,VOD Movies,1.74,4.13,2.05,0.63,1.44,2.05,5.2,1.44,4711,26,10359,49238,109497,82.9,64.7,51.6,33.8,58.7,88.5,1.6,72.8,8.8,4.7,3.68,92.3,199,166,17216
2022-06-10,App_B,Tizen,T-Mobile,Cloudflare,Metro,FAST linear,1.8,3.51,1.64,0.64,1.2,2,4.78,1.98,4615,27.8,8353,40102,103406,85.6,66.9,52.1,34.5,52.7,87.4,1.79,69.3,8.2,4.83,3.52,90,260,155,11971
2022-06-11,App_A,Android,Jio,Akamai,Country,Live Sports/Events,1.68,3.89,1.68,0.84,1.12,2.1,5.07,1.74,5015,27.9,10243,48963,109695,81.8,67.2,50.3,37.4,57.7,86.5,1.76,73.5,7.4,5.11,4.02,92.4,210,162,13682
2022-06-11,App_B,Tizen,T-Mobile,AWS CloudFront,Country,VOD Movies,1.87,3.7,1.66,0.84,1.49,2.05,4.81,1.77,4662,27,8840,42405,93355,81.2,67.4,49.8,34,58.1,89,1.5,71.7,10.2,4.97,3.4,91.5,227,180,13230
2022-06-12,App_A,Tizen,Broadband,Akamai,Metro,Live Sports/Events,1.46,3.46,1.79,0.86,1.43,1.73,4.54,1.53,5242,25,9583,46074,122685,81,69.7,49.9,34.3,57.1,88.6,1.64,74.4,9.2,4.54,3.77,90.7,210,158,14798
2022-06-12,App_B,Android TV,Wi-Fi,Fastly,Country,VOD Series,1.65,3.49,1.93,0.76,1.23,1.93,4.84,2.05,4353,25.2,8458,40922,90918,80.8,66.6,49.8,32,58.2,85.7,1.39,71.1,9,5.18,3.86,90.5,207,143,14556
2022-06-13,App_A,Apple TV,Comcast Xfinity,Fastly,Metro,FAST linear,1.43,3.46,1.58,0.88,1.18,1.96,5.61,1.48,4667,28.2,9336,44693,94992,86,67,51.2,33.1,58,86.9,1.48,75.1,7.9,4.51,3.65,89.5,177,153,16544
2022-06-13,App_B,iOS,AT&T,Cloudflare,Country,Live Sports/Events,1.44,3.61,1.63,0.74,1.51,2.27,5.26,1.64,4850,24.9,8267,39801,102268,84.4,68.6,49.9,34.4,52.2,85.1,1.5,71.5,8.7,5.43,3.71,91.2,207,169,10165
2022-06-14,App_A,FireTV,Comcast Xfinity,Akamai,Country,VOD Movies,1.53,3.69,1.64,0.7,1.54,1.66,5.64,1.51,5512,25.7,9658,46044,121330,85.6,65.3,53.1,35,54.7,85.5,1.51,74.8,7.4,5,3.97,91.4,224,142,16784
2022-06-14,App_B,FireTV,Jio,AWS CloudFront,Country,VOD Movies,1.59,4.14,1.72,0.92,1.39,2.21,5,1.73,5072,26,7811,37743,88307,84.8,69.8,53.1,32.8,55.8,88.7,1.83,68.5,9.1,4.93,3.81,92.2,212,152,12928
2022-06-15,App_A,FireTV,Cellular 5G,Fastly,Country,VOD Movies,1.56,4.16,1.72,0.73,1.36,1.95,5.04,1.69,5635,27.5,9601,45982,106073,83.5,69.6,47.8,33.6,59.1,85.1,1.46,70.4,9.5,4.44,3.73,91.4,233,182,11576
2022-06-15,App_B,iOS,Airtel,AWS CloudFront,Country,VOD Series,1.7,4.24,2.08,0.94,1.13,2.32,5,2.07,4154,26.1,8784,42066,102557,81.6,67.7,48.6,34.2,55.3,88.7,1.84,66.5,8.5,5.59,3.3,92,206,162,10873
2022-06-16,App_A,Android TV,AT&T,AWS CloudFront,Metro,VOD Series,1.44,3.18,2.02,0.88,1.15,1.67,4.58,1.8,5353,25.7,9891,46994,128300,81.7,63.8,48.1,36.3,54.9,85.5,1.62,68.5,9.6,4.48,3.73,89.6,203,166,12425
2022-06-16,App_B,FireTV,Verizon,Cloudflare,Metro,Live Sports/Events,1.39,3.4,1.93,0.78,1.63,2.44,4.83,1.54,4045,25.9,8764,42365,108509,82.2,66,47.9,36.1,53,83.8,1.46,69,9.2,4.7,3.19,91,238,165,11027
2022-06-17,App_A,Android TV,T-Mobile,AWS CloudFront,Region,VOD Movies,1.71,4.13,2.13,0.81,1.42,2.44,4.49,1.48,4808,28.4,9759,46445,111220,84.1,63.5,47.6,36.5,60.3,84.4,1.27,68.4,9,4.5,3.92,89.6,241,178,16543
2022-06-17,App_B,Apple TV,Cellular 5G,Cloudflare,Region,VOD Movies,1.56,3.98,1.92,0.65,1.38,1.74,5.39,1.68,4649,24.6,8061,38695,88355,85.5,64.3,53.3,33.2,57.9,84.4,1.26,70.7,10.2,4.56,3.3,90.2,234,157,14489
2022-06-18,App_A,Android,Broadband,Fastly,Metro,VOD Series,1.56,3.68,2.09,0.83,1.45,2.33,5.4,1.88,6294,25.9,9818,46926,118773,81.1,69.7,50.5,33.1,60.7,88.8,1.75,70.9,7.6,4.35,3.73,90.9,244,147,15399
2022-06-18,App_B,Desktop Web,Wi-Fi,Cloudflare,Region,VOD Movies,1.86,4.41,1.57,0.76,1.62,2.43,5.04,1.73,4900,24,7608,36215,77741,83,65,49.1,31.8,56.6,85.6,1.7,66.2,8.8,5.2,3.64,92.5,264,176,11413
2022-06-19,App_A,Android,Wi-Fi,Cloudflare,Country,Live Sports/Events,1.57,3.89,1.79,0.63,1.04,1.75,4.69,1.53,5212,30,9337,45148,110294,80.4,66.6,53.1,36.2,60.5,85.8,1.4,75.5,9.5,5.37,3.88,89.9,187,157,16397
2022-06-19,App_B,Desktop Web,Cellular 4G,Akamai,Metro,VOD Series,1.46,4.46,2.24,0.79,1.49,2.54,5.09,2.09,4651,26.9,7754,36877,82741,84.3,69,51.1,32.6,56.3,86.6,1.42,66.5,10.4,5.48,3.47,92.5,229,162,9632
2022-06-20,App_A,Android,AT&T,Fastly,Region,VOD Series,1.55,4.18,1.97,0.83,1.22,2.06,5.14,1.47,4841,29.1,9502,45933,97798,85.4,66.1,53.3,33.9,57.4,86.9,1.4,70.7,9.3,5.04,3.69,91.4,205,139,13667
2022-06-20,App_B,Android TV,Cellular 4G,AWS CloudFront,Country,VOD Series,1.76,4.33,1.75,0.66,1.38,1.92,4.79,1.76,4917,25.7,8480,40613,86265,85.1,63.9,47.4,35.3,56,88.7,1.4,70.8,10.4,4.63,3.31,90,208,187,11587
2022-06-21,App_A,Desktop Web,Broadband,AWS CloudFront,Country,Live Sports/Events,1.63,3.57,1.91,0.86,1.39,2.24,5.42,1.99,5425,27.1,9046,43865,114127,81.9,67.1,48.2,37.7,55.1,85.9,1.34,72.6,8.4,4.42,3.73,92.2,199,152,12319
2022-06-21,App_B,Android TV,Airtel,Fastly,Region,Live Sports/Events,1.53,3.51,2.04,0.73,1.66,2.33,4.91,1.82,4380,25.2,8223,39238,85038,82.4,67.9,48.8,32.5,53.4,84,1.8,70.4,7.9,5.02,3.58,90.1,252,183,13139
2022-06-22,App_A,Tizen,Airtel,AWS CloudFront,Metro,VOD Series,1.42,3.47,1.56,0.66,1.4,2.29,4.58,1.67,6143,27.4,9328,44573,110189,86.9,69.6,51.7,33.9,55.7,88.2,1.21,75.3,8.2,5.38,3.65,92.3,184,131,16691
2022-06-22,App_B,Tizen,T-Mobile,Fastly,Country,FAST linear,1.39,3.78,1.62,0.69,1.51,2.3,5.41,1.84,4673,24.8,7774,37084,94744,82.9,66,49.8,35.8,52.7,85.6,1.56,71.8,10,5.4,3.84,91.6,221,135,11211
2022-06-23,App_A,Android,AT&T,AWS CloudFront,Metro,FAST linear,1.35,3.87,1.94,0.7,1.1,2.31,5.13,2.08,4903,29.7,9293,45027,113204,84.5,69,47.7,35.2,55.3,87.6,1.6,71.6,9,4.33,4.05,89.4,215,134,12603
2022-06-23,App_B,WebOS,Airtel,Akamai,Country,FAST linear,1.83,3.78,2.16,0.94,1.42,2.1,4.51,1.57,4752,28.2,8740,41925,96549,81.1,68.3,51.3,34.7,52.1,85.8,1.44,65.8,8.8,4.57,3.47,91,245,168,11316
2022-06-24,App_A,iOS,AT&T,Fastly,Metro,VOD Movies,1.36,4.12,1.79,0.7,1.25,2.19,4.48,2.03,6028,26.8,8966,43312,114480,85.8,66.6,52.9,33.2,60,88.3,1.62,70.8,8.5,4.95,3.85,89,175,128,14221
2022-06-24,App_B,Desktop Web,Verizon,Cloudflare,Country,VOD Series,1.55,3.33,1.98,0.69,1.11,2.44,5.37,2.17,4037,23.9,7606,36808,90024,86,65.3,52.9,36,56,86.5,1.43,71.6,8.9,5.24,3.61,91.5,240,144,12689
2022-06-25,App_A,Android TV,T-Mobile,Cloudflare,Country,VOD Movies,1.64,4.06,1.75,0.78,1.2,1.99,4.48,1.57,5986,24.9,9361,44756,104389,86.5,69,51.3,37.2,56.2,84.8,1.27,74.2,7.9,5.27,3.56,89.6,219,130,14626
2022-06-25,App_B,FireTV,Broadband,Cloudflare,Country,FAST linear,1.77,4.24,2.21,0.81,1.53,2.23,4.75,1.96,4994,27.2,8392,40325,107987,80.6,68.2,52.8,32.5,52.8,85.9,1.53,68.5,8.5,5.05,3.89,91.8,221,143,14440
2022-06-26,App_A,FireTV,Verizon,Fastly,Region,VOD Movies,1.61,3.4,1.74,0.82,1.4,2.39,4.98,2.1,5977,25.6,9323,44705,109721,83.6,63.5,50.8,37,55.4,89.1,1.37,72.6,9.1,5.29,3.71,90.2,215,163,16708
2022-06-26,App_B,Apple TV,Comcast Xfinity,AWS CloudFront,Metro,VOD Series,1.5,3.62,1.8,0.69,1.64,1.78,4.45,1.96,4679,26.5,8545,40595,107322,84.3,67.2,50.9,35.9,57.5,87.7,1.26,69.1,7.8,5.65,3.78,90.7,213,152,10697
2022-06-27,App_A,Tizen,Wi-Fi,Akamai,Country,VOD Series,1.41,3.19,1.54,0.76,1.05,1.8,5.65,2.06,5512,28.1,9829,47379,99311,84.5,64.1,47.4,37.2,56,88.6,1.6,72,7.9,4.52,3.37,89.4,209,142,12072
2022-06-27,App_B,Android TV,Jio,Fastly,Country,FAST linear,1.73,3.96,1.81,0.75,1.5,2.43,4.47,2.08,5094,26.1,8761,42125,109814,82.1,69.3,52.1,32.1,52.1,87.4,1.28,65.8,9.3,5.11,3.78,90.1,193,161,15426
2022-06-28,App_A,Tizen,Airtel,AWS CloudFront,Metro,VOD Movies,1.4,4.19,1.66,0.86,1.18,1.92,5.31,1.99,4807,30.1,9096,43925,100475,85.1,64.4,53.4,34.6,57,87.2,1.2,74.5,9.1,5.31,3.8,90.9,212,168,10916
2022-06-28,App_B,FireTV,Wi-Fi,Akamai,Metro,VOD Series,1.79,3.67,1.7,0.83,1.21,2.06,4.99,2.15,4562,25,8784,41836,107867,83.8,68.4,51.5,33.8,56.3,87.2,1.67,68.5,9.7,5.16,3.45,89.8,265,189,10699
2022-06-29,App_A,Tizen,AT&T,AWS CloudFront,Metro,Live Sports/Events,1.34,3.12,2.02,0.71,1.18,2.2,5.66,1.56,5897,27.1,9343,44877,101883,85.7,66.2,48.3,35.8,54.1,88.4,1.56,70.8,7.3,4.31,3.34,91.1,183,169,16057
2022-06-29,App_B,FireTV,Broadband,Fastly,Metro,VOD Movies,1.84,3.98,1.72,0.91,1.18,1.93,4.79,2.21,4126,28.1,7772,37379,86905,83.7,69,52.2,36.2,58.4,88.5,1.8,72.4,7.7,5.01,3.87,90.1,244,139,11129
2022-06-30,App_A,Apple TV,Broadband,Akamai,Region,Live Sports/Events,1.72,3.89,1.76,0.6,1.26,2.39,4.81,1.58,5076,26.1,9710,47086,110718,86.2,66.8,49.5,36.1,60.4,84.9,1.26,69.6,9.1,4.48,3.94,90.8,197,155,12657
2022-06-30,App_B,Desktop Web,T-Mobile,Akamai,Metro,Live Sports/Events,1.41,3.34,1.67,0.91,1.42,2.51,5.36,2.11,4117,25,8809,41872,102278,86,64.2,48.4,34,54.5,84.2,1.69,70.5,9.3,5.53,3.74,91.2,250,166,11691
2022-07-01,App_A,Desktop Web,AT&T,Cloudflare,Region,FAST linear,1.71,3.35,1.66,0.6,1.54,2.01,4.58,1.99,4867,29.8,10457,50515,106606,80.7,64.6,48.2,36.2,58,88.4,1.66,71,9.5,5.39,3.97,92.5,194,141,13107
2022-07-01,App_B,Tizen,Airtel,Akamai,Country,Live Sports/Events,1.56,3.41,1.64,0.84,1.5,2.12,4.96,1.78,4132,28.6,8693,41295,92201,81.3,64.2,49.7,36.1,57.9,86.2,1.84,68.8,9.3,5.49,3.48,90.2,259,188,11845
2022-07-02,App_A,Desktop Web,AT&T,Cloudflare,Region,Live Sports/Events,1.54,4.02,2.09,0.8,1.16,1.99,4.92,1.86,5976,28.7,9448,45261,97513,86,66.5,48.2,35.1,54.4,89,1.17,68.6,8.7,4.93,3.93,89.9,226,147,12453
2022-07-02,App_B,Tizen,AT&T,Fastly,Region,VOD Movies,1.86,3.53,1.75,0.9,1.24,2.11,4.95,1.97,4557,27.6,7788,37459,100277,83.5,68,50.1,36.1,53.9,89.4,1.42,68.9,7.8,5.47,3.22,91.6,221,169,12693
2022-07-03,App_A,iOS,Airtel,AWS CloudFront,Metro,VOD Movies,1.55,4,1.75,0.59,1.37,2.16,5.49,2,6316,27.2,9540,45984,97585,84.2,66.8,49,34.3,57.1,85.5,1.43,70.5,7.4,4.88,3.37,90.7,206,145,16784
2022-07-03,App_B,Android TV,Verizon,Fastly,Region,VOD Movies,1.56,3.95,1.76,0.81,1.25,1.78,4.29,1.66,4859,24.2,8855,42091,93943,81.4,64.8,49.2,32.4,58,84.4,1.48,70,7.9,4.8,3.69,90.6,231,151,11317
2022-07-04,App_A,Apple TV,Comcast Xfinity,Akamai,Region,VOD Movies,1.56,3.77,1.45,0.86,1.44,2.08,4.48,2.01,6049,25.3,9496,45964,122400,83,69.5,48.9,35.9,60.9,85.5,1.55,72.3,8.1,5.4,3.38,90.9,186,171,15490
2022-07-04,App_B,Desktop Web,Comcast Xfinity,Cloudflare,Region,FAST linear,1.53,4.21,2.24,0.84,1.36,2.49,4.56,2.08,4648,24.1,8727,41561,111723,80.5,64,50.7,33,58.4,87.8,1.35,67.1,9.1,5.16,3.8,92.3,210,139,11284
2022-07-05,App_A,iOS,T-Mobile,Cloudflare,Country,FAST linear,1.75,3.93,1.9,0.68,1.48,2.23,5.47,2.03,6112,25.6,9859,47408,114869,84.2,63.7,50.1,33.2,55.9,87.2,1.41,72.3,7.3,4.79,3.61,90.2,228,177,15905
2022-07-05,App_B,Android TV,AT&T,AWS CloudFront,Metro,Live Sports/Events,1.62,4,1.98,0.65,1.24,2.43,4.31,2.26,4092,27,7798,37653,93275,86.6,70,51.3,31.8,55.2,83.4,1.46,66.2,8.3,4.91,3.44,89.6,201,179,12757
2022-07-06,App_A,Tizen,Wi-Fi,Cloudflare,Country,VOD Movies,1.34,3.6,1.8,0.72,1.51,2.39,4.61,1.57,5874,25.4,10300,49645,108904,85,67.2,50.7,37.1,58.1,87.2,1.66,74.3,8.8,5.1,3.7,92.1,234,133,12878
2022-07-06,App_B,Desktop Web,Cellular 4G,Cloudflare,Metro,VOD Movies,1.77,3.96,2.06,0.63,1.23,2.07,4.59,1.66,5235,26.8,8960,42845,99075,85,63.6,49.5,33,56.4,86,1.86,68.1,8.4,5.47,3.54,90.1,195,153,11315
2022-07-07,App_A,Desktop Web,Broadband,Fastly,Region,VOD Series,1.31,3.14,2.01,0.86,1.44,2.18,5.48,1.53,4911,29,9386,45467,110549,80.6,69.2,51.8,37.5,57.7,83.8,1.54,74.4,9,5.3,3.37,91.8,214,181,12366
2022-07-07,App_B,Android,T-Mobile,Akamai,Metro,Live Sports/Events,1.53,3.73,2.04,0.73,1.42,2.43,5.03,1.52,4692,26.6,7767,36939,98725,85,67.8,52.5,36.1,53.4,86.6,1.78,69.9,8,5.31,3.29,90.8,204,165,13213
2022-07-08,App_A,Apple TV,T-Mobile,Cloudflare,Country,VOD Movies,1.7,3.55,1.62,0.66,1.16,2.24,4.48,2.07,6288,28.3,10473,50594,119032,86.7,65.5,49.5,35.2,57.9,83.7,1.72,69.1,7.2,4.96,3.54,92.1,247,166,14883
2022-07-08,App_B,Android,Wi-Fi,Cloudflare,Country,Live Sports/Events,1.62,3.68,2.25,0.7,1.38,2.38,4.93,1.87,4741,24.7,8687,41339,105710,84.9,64.9,52.9,35.5,54.5,84.2,1.36,72.5,8.8,5.63,3.72,89.5,206,148,14306
2022-07-09,App_A,Android TV,Airtel,Fastly,Country,Live Sports/Events,1.48,3.58,1.52,0.87,1.36,2.36,4.6,1.56,5759,28.9,10124,48508,107345,86.3,64.8,52.3,37.2,58.5,84,1.4,70.3,9.2,4.67,4.08,92.2,175,166,15405
2022-07-09,App_B,iOS,Broadband,Akamai,Country,VOD Series,1.65,3.91,1.98,0.87,1.16,1.78,4.98,1.64,4950,23.9,8006,38574,85600,80.9,68.5,49.3,36.4,57.9,83,1.85,69.1,8.2,4.9,3.46,91.4,244,178,11949
2022-07-10,App_A,Android TV,T-Mobile,Akamai,Metro,FAST linear,1.34,3.84,1.94,0.78,1.07,1.79,4.82,2.03,6178,29.1,9820,46670,109204,80.6,68.9,50.3,33.5,54.7,89.7,1.42,73.5,7.9,5.18,3.8,90.6,207,165,15993
2022-07-10,App_B,FireTV,Comcast Xfinity,Fastly,Region,FAST linear,1.59,4.26,2.02,0.63,1.24,2.59,5.4,1.63,4048,28.6,8224,39105,102701,87,64.3,49.8,34,53.3,87.2,1.75,66,9.2,5,3.25,91.9,237,164,9983
2022-07-11,App_A,Android TV,AT&T,Cloudflare,Metro,VOD Movies,1.7,3.26,1.55,0.68,1.34,2.02,4.6,1.47,5649,25,9347,44592,95623,86,67.5,52.3,34.5,55.6,83.9,1.44,72.1,7.7,5.05,3.6,89.2,245,175,11948
2022-07-11,App_B,Android TV,Verizon,Cloudflare,Region,VOD Movies,1.43,4.08,2.16,0.65,1.31,2.53,5.41,1.81,4953,28.4,8765,42482,92057,80.8,67.2,48.3,32.4,56.5,83.3,1.33,66,8.7,4.99,3.29,92.3,188,192,11080
2022-07-12,App_A,Tizen,Comcast Xfinity,AWS CloudFront,Region,FAST linear,1.34,3.54,1.87,0.61,1.1,2.22,5.23,1.74,5332,27.5,10091,48036,109409,83.5,65.5,49.4,34.1,56.9,89.4,1.58,75,8.2,5.02,3.78,90.4,228,137,17208
2022-07-12,App_B,FireTV,Jio,Akamai,Metro,VOD Series,1.8,4.25,1.69,0.81,1.22,1.91,5.23,1.66,4550,27.5,8732,41889,91466,80.7,66.1,49.5,34.3,53.1,83.5,1.74,72.8,10.2,5.56,3.65,92.1,191,153,10853
2022-07-13,App_A,Desktop Web,AT&T,AWS CloudFront,Country,FAST linear,1.43,3.34,1.98,0.85,1.44,1.86,5.11,1.51,4984,26.2,10473,50007,110843,81.1,69.7,52.7,35.6,60.3,88.2,1.36,74.9,7.4,4.75,3.65,89.1,200,125,17246
2022-07-13,App_B,Android,Broadband,Fastly,Metro,Live Sports/Events,1.55,4.32,2.23,0.78,1.39,2.47,5.22,2.19,5435,24.4,7703,37051,78561,86.1,68.1,48.6,32.8,52.2,85.3,1.29,68.3,10,5.42,3.43,89.5,211,168,9358
2022-07-14,App_A,Apple TV,Cellular 4G,AWS CloudFront,Country,VOD Series,1.7,3.92,2.02,0.86,1.54,1.86,5.47,1.85,5953,29.6,10107,48924,110799,86.9,65.8,53,38,59.3,88.8,1.38,71.9,8.7,4.67,3.63,92.3,185,128,14607
2022-07-14,App_B,FireTV,Cellular 5G,AWS CloudFront,Metro,Live Sports/Events,1.82,4.31,2.21,0.68,1.11,2.24,4.46,2.24,5183,25.3,7662,36918,87305,84.8,65.7,53.6,31.9,52.9,88.6,1.84,71.5,10.1,4.74,3.94,92,243,150,13237
2022-07-15,App_A,Apple TV,Airtel,AWS CloudFront,Country,FAST linear,1.59,3.94,1.42,0.69,1.13,1.99,4.53,1.91,5865,27.5,9697,46871,103292,81.7,69,50.1,37,60.3,87.8,1.33,71.6,9.6,5.2,3.45,90.5,204,179,12178
2022-07-15,App_B,FireTV,Broadband,Fastly,Region,Live Sports/Events,1.72,3.8,2.07,0.87,1.25,2.1,5.41,1.52,5185,26.2,7821,37828,96734,81.1,67,48.5,35.1,55.9,84.3,1.79,71.5,9.2,4.91,3.37,89.8,234,185,11765
2022-07-16,App_A,Android,Cellular 5G,AWS CloudFront,Country,VOD Series,1.39,4.06,1.53,0.71,1.53,1.84,5.35,1.5,5971,27.3,9266,44939,107361,83.4,68.1,52.3,37.6,54.3,86.9,1.48,75.7,7.4,5.21,3.52,91.2,221,144,12002
2022-07-16,App_B,FireTV,Verizon,Akamai,Country,Live Sports/Events,1.8,3.93,1.61,0.83,1.37,1.81,4.78,1.77,4494,27.2,8711,41631,95652,82,67.3,50.6,35.4,54,88.9,1.76,67.7,7.7,5.04,3.24,91.8,200,135,11459
2022-07-17,App_A,WebOS,Comcast Xfinity,Cloudflare,Region,VOD Series,1.61,4.01,1.42,0.63,1.11,1.73,4.87,1.82,6151,27.9,10449,49995,123160,85.4,66.9,52.7,33.2,55.9,88.5,1.19,74.6,9.6,4.43,4.04,92.2,236,133,14556
2022-07-17,App_B,Android TV,Wi-Fi,Fastly,Metro,VOD Movies,1.79,3.72,1.87,0.78,1.22,1.74,5.16,2.16,4518,26.3,7747,37398,79241,83.3,67,49.7,33.5,56.6,83.2,1.84,69.4,8.3,4.85,3.62,89.4,236,157,13868
2022-07-18,App_A,Apple TV,Jio,Akamai,Country,Live Sports/Events,1.31,3.92,1.98,0.83,1.08,1.87,5.03,1.62,5476,30.1,10446,49712,121964,83,66.4,53.2,35.4,59.7,88.4,1.42,69.8,8.2,4.49,3.6,90.3,185,165,17906
2022-07-18,App_B,iOS,Jio,Cloudflare,Region,Live Sports/Events,1.5,3.53,1.98,0.9,1.41,2.11,4.88,1.83,4929,27.1,7733,36745,90608,85.9,68.9,51,33.5,53.6,89.7,1.84,67.6,9.6,4.55,3.95,90.9,197,142,10809
2022-07-19,App_A,iOS,Cellular 5G,Akamai,Country,Live Sports/Events,1.47,3.63,1.63,0.64,1.12,2.39,5.16,1.93,6137,28.5,9660,45949,101235,87,65.5,52.5,35.7,57.8,88.4,1.39,74.9,8.9,4.43,3.63,92.3,181,148,15337
2022-07-19,App_B,FireTV,Cellular 4G,Cloudflare,Metro,VOD Series,1.63,3.98,2.22,0.76,1.12,2.46,5.11,1.65,4915,25.9,7735,36812,79311,81.5,65,48.9,32.2,55.9,84.3,1.76,66.6,8.9,4.96,3.25,89.5,250,147,10012
2022-07-20,App_A,Desktop Web,Cellular 5G,Cloudflare,Metro,Live Sports/Events,1.3,3.48,1.66,0.76,1.38,1.7,4.57,2.09,5367,28.6,9496,45140,112051,86.2,66,50.2,33.9,58.7,83.2,1.4,72.4,9.3,4.73,4.07,91.1,235,134,15819
2022-07-20,App_B,Desktop Web,Verizon,AWS CloudFront,Region,FAST linear,1.41,4.42,1.51,0.84,1.23,2.43,5.36,1.85,5396,27.6,8681,41351,106971,85.1,65.3,53,36,57.4,89.6,1.74,67.8,9.3,5.48,3.65,91.2,258,139,10558
2022-07-21,App_A,Apple TV,Wi-Fi,Fastly,Country,VOD Movies,1.37,3.67,1.57,0.74,1.41,2.37,5.05,1.73,5008,25.2,9671,46192,116821,83.6,69.2,48.2,38,59.6,84.4,1.43,69.7,7.7,5.34,3.57,90.1,229,173,11758
2022-07-21,App_B,Apple TV,Jio,Cloudflare,Region,FAST linear,1.79,4.24,1.86,0.81,1.59,1.97,5.05,1.71,4998,27,8512,40466,104320,82,67,51.2,33.1,55.1,86.8,1.8,70.1,9.6,5.31,3.45,90.5,184,157,12682
2022-07-22,App_A,Tizen,Jio,AWS CloudFront,Region,Live Sports/Events,1.38,4.14,1.72,0.77,1.3,2.38,5.01,1.47,5577,26.7,10281,49400,121240,85.3,70.2,51.9,34.3,55.7,86.4,1.23,74.7,7.5,4.76,3.74,90.9,227,170,12821
2022-07-22,App_B,Apple TV,Cellular 5G,Cloudflare,Metro,VOD Series,1.42,4.37,2.12,0.88,1.43,1.89,4.41,1.59,4499,27.2,8884,42617,96440,86.3,65.7,48.4,33.6,54.1,89.7,1.63,69.5,8.3,4.78,3.86,90.6,217,186,12976
2022-07-23,App_A,Desktop Web,Cellular 5G,Cloudflare,Region,Live Sports/Events,1.59,3.76,1.52,0.82,1.2,1.91,5.64,1.84,5097,25.8,9094,43308,93198,86.8,65.5,47.9,36.7,57.4,84.6,1.32,71.7,9.5,4.74,3.97,91,199,141,14175
2022-07-23,App_B,Desktop Web,AT&T,Fastly,Region,VOD Series,1.61,4.07,2.12,0.67,1.34,1.89,4.6,1.9,5149,27.5,8755,41851,91482,80.8,64.1,50.8,34,57,88.6,1.38,71.6,7.7,5.69,3.34,89.7,226,163,12877
2022-07-24,App_A,Desktop Web,Jio,AWS CloudFront,Country,VOD Movies,1.45,3.29,2.01,0.72,1.08,1.89,5.32,2.06,5460,30,9142,43753,103626,82.9,66.8,53.2,33.7,58.8,86.7,1.65,74.2,7.9,4.76,3.98,90.7,195,137,14272
2022-07-24,App_B,Desktop Web,Wi-Fi,Cloudflare,Country,VOD Series,1.75,4.12,2.09,0.74,1.47,2.42,4.66,1.93,4620,24.9,7868,37388,101991,86.9,66.8,49.2,32.7,54.4,85.6,1.67,70.6,9.1,5.3,3.73,90,199,178,11200
2022-07-25,App_A,FireTV,Airtel,Fastly,Metro,Live Sports/Events,1.41,3.68,1.45,0.6,1.09,2.13,4.91,1.45,6063,26.6,9081,43452,107166,86.9,63.9,52.2,35.2,56.5,85.8,1.43,72.9,9.1,4.87,3.65,91.4,175,153,14509
2022-07-25,App_B,WebOS,T-Mobile,AWS CloudFront,Region,VOD Movies,1.58,3.58,1.7,0.68,1.36,2.25,5.09,1.62,4054,28.8,8034,38267,92644,84.3,64.7,50.1,34.5,58.4,85.3,1.6,72,9.6,5.68,3.67,90.4,216,157,13167
2022-07-26,App_A,Android,Airtel,AWS CloudFront,Region,VOD Movies,1.31,4.06,1.67,0.64,1.24,1.79,5.09,1.43,6078,28.8,9383,44783,106191,83.9,67.5,51.7,33.6,57,88.3,1.44,71.9,9.5,4.43,4.01,89.2,234,176,15415
2022-07-26,App_B,Android,Broadband,AWS CloudFront,Metro,VOD Movies,1.63,3.61,2.02,0.87,1.24,1.74,5.35,1.53,4087,26.9,7931,37870,94917,85.8,68.2,53.1,36,56.3,87.1,1.6,70.6,8.3,4.92,3.93,91.9,229,156,12987
2022-07-27,App_A,WebOS,Wi-Fi,Cloudflare,Metro,Live Sports/Events,1.56,4.14,1.84,0.77,1.13,1.95,4.73,2.05,5032,29.7,10184,48740,122003,84,67.9,49.5,38,59,85.2,1.26,73.9,8.1,4.4,4.11,91.8,175,157,15121
2022-07-27,App_B,Desktop Web,Comcast Xfinity,Akamai,Country,VOD Series,1.75,3.53,1.61,0.79,1.54,2.51,5.49,1.66,5276,28.5,7833,37276,94483,85.3,64.4,50.8,32.3,54.5,89,1.39,66.4,9.6,4.82,3.76,90.4,208,139,13396
2022-07-28,App_A,Tizen,T-Mobile,Cloudflare,Country,VOD Series,1.37,3.48,1.77,0.75,1.26,1.97,5.7,1.43,5089,28.1,10574,50719,119931,80.8,67.3,50.9,36.4,57.2,84,1.17,69.8,9.1,4.37,3.42,91.7,227,143,13492
2022-07-28,App_B,Android TV,Broadband,Fastly,Region,VOD Series,1.56,3.77,2.01,0.67,1.41,2.04,5.43,1.73,5387,28.8,8100,38945,87951,81.4,68.5,50.9,35.9,56.5,88.1,1.43,67.8,10,4.88,3.87,90.6,248,183,10068
2022-07-29,App_A,Tizen,Comcast Xfinity,AWS CloudFront,Country,VOD Movies,1.62,3.53,1.68,0.8,1.08,1.91,4.57,1.5,5480,27.4,9915,47867,125312,87.1,69.1,51.8,35.9,60.6,87.3,1.53,71.7,8.8,4.99,3.92,89.8,245,132,12653
2022-07-29,App_B,Android,Cellular 5G,Fastly,Region,FAST linear,1.63,3.46,1.66,0.87,1.6,2.09,4.41,2.21,5204,27.4,8313,40227,89652,83.7,65.2,51.2,33.9,55.1,88.6,1.52,68.8,8.5,5.1,3.98,91.1,234,178,10872
2022-07-30,App_A,iOS,Cellular 4G,Akamai,Country,VOD Movies,1.34,4.07,1.54,0.71,1.23,1.84,5,1.65,4991,25.1,9371,44720,110029,81.6,70.3,51.8,34.4,60.6,85.3,1.32,73.9,9.3,5.31,3.65,90.4,213,135,16212
2022-07-30,App_B,Desktop Web,Wi-Fi,Akamai,Metro,FAST linear,1.75,3.68,1.55,0.84,1.52,1.83,4.81,1.97,4911,25.2,8920,42698,100599,87.1,66,51.8,32,56.1,88.5,1.53,71.8,9.1,5.23,3.93,91.4,228,185,14879
2022-07-31,App_A,Tizen,AT&T,Fastly,Metro,VOD Series,1.29,3.82,1.57,0.76,1.42,2.35,5.18,1.43,6267,28.6,10375,49502,105666,80.6,64.2,48,37.4,58.6,83.3,1.28,75,8.5,5.36,3.7,90.8,172,162,12543
2022-07-31,App_B,Desktop Web,Cellular 4G,Cloudflare,Country,Live Sports/Events,1.74,3.45,1.89,0.84,1.25,2.12,5.07,1.6,4766,27.5,8618,41258,97838,82.6,68.6,50.3,34.6,57,84,1.31,71,8.2,5.18,3.48,92,218,141,10714
2022-08-01,App_A,Desktop Web,Cellular 4G,Fastly,Country,VOD Series,1.6,3.95,1.42,0.75,1.23,2.31,4.95,1.41,5340,29.7,9455,45648,94927,81.8,66,48.6,34.9,57.9,83.1,1.65,73.5,7.7,4.45,3.55,91.8,205,151,13724
2022-08-01,App_B,iOS,Jio,Fastly,Country,VOD Series,1.53,3.6,1.64,0.77,1.29,2.09,4.37,1.58,4598,28.6,8957,43390,98930,84.6,70.1,53.2,32.9,56.4,86.1,1.6,67,9.7,4.67,3.96,92.7,262,162,11524
2022-08-02,App_A,Desktop Web,Airtel,Akamai,Metro,VOD Series,1.53,3.58,1.98,0.65,1.07,2.36,5.37,1.71,5897,25.2,9424,45149,100132,83.2,67.1,52.3,37.5,57.9,88.6,1.63,71.3,9.1,4.65,4.04,90.4,239,168,12048
2022-08-02,App_B,WebOS,T-Mobile,Fastly,Region,FAST linear,1.72,4.16,1.74,0.62,1.21,1.74,4.8,1.77,5103,26.4,7754,37529,98898,84.3,68.7,51.8,32.6,56.3,85.1,1.55,66.5,8,4.97,3.44,92,212,174,11254
2022-08-03,App_A,Android TV,AT&T,AWS CloudFront,Region,FAST linear,1.29,3.9,1.63,0.72,1.14,1.64,5.24,2.03,4990,26.7,10156,48991,105022,83,69.5,48,33.6,56,86.1,1.52,70.1,8.6,5.03,3.88,89.9,199,154,14354
2022-08-03,App_B,Desktop Web,T-Mobile,Cloudflare,Country,FAST linear,1.83,4.32,2,0.73,1.43,1.94,4.49,1.88,5402,24.5,8366,40055,108029,83.2,68.3,48.8,34,57.2,85.8,1.52,71.6,9.6,4.7,3.7,90.1,217,173,10645
2022-08-04,App_A,WebOS,Broadband,Cloudflare,Country,VOD Movies,1.54,3.55,1.67,0.69,1.32,1.92,4.59,1.43,5821,27.3,9770,47348,116104,84.9,66.4,51.4,37.3,55.5,89.5,1.39,73.4,9.5,4.45,3.66,90.3,190,146,12440
2022-08-04,App_B,Android TV,Verizon,AWS CloudFront,Country,VOD Series,1.56,3.49,1.66,0.91,1.53,2.27,4.41,1.73,5013,24.9,7816,37853,94325,81.3,66,49.7,32.5,56.6,84.7,1.56,71.5,8,5.16,3.45,89.5,199,148,10924
2022-08-05,App_A,Apple TV,Broadband,Cloudflare,Region,FAST linear,1.56,3.34,1.43,0.6,1.13,1.98,5.15,1.76,5494,29.4,9532,45689,105681,81.1,68.1,50.9,35.7,60.9,87.2,1.43,73.7,9.6,4.7,3.6,89.2,238,132,14050
2022-08-05,App_B,Tizen,AT&T,Akamai,Country,VOD Movies,1.85,4.39,1.63,0.62,1.45,2.48,4.69,2,4331,25.2,7805,37834,92387,86.6,68.6,52,33.9,57.5,88.2,1.55,72.3,9.5,5.1,3.68,92.5,243,139,9968
2022-08-06,App_A,Android,AT&T,AWS CloudFront,Region,Live Sports/Events,1.46,3.23,1.43,0.79,1.2,1.75,4.69,1.91,5539,28.2,10463,50120,121192,87.1,69,50,37.9,59.3,84.1,1.7,75.6,8.2,4.36,3.66,91.7,237,178,16423
2022-08-06,App_B,Android,Verizon,Akamai,Region,FAST linear,1.37,4.07,1.79,0.85,1.31,2.13,5.23,1.97,4948,24.6,8375,40121,102893,83.3,67.9,52.7,33.7,54.3,88.7,1.6,68.4,9.5,5.65,3.6,91.1,205,166,13677
2022-08-07,App_A,Tizen,Broadband,Cloudflare,Country,Live Sports/Events,1.37,4.01,1.41,0.8,1.22,1.62,4.65,1.6,4934,27.1,10145,48539,115298,83.2,68.8,51.3,33.4,54.5,87.8,1.71,75.4,8.5,5.03,3.72,91.6,208,143,16800
2022-08-07,App_B,Desktop Web,Comcast Xfinity,AWS CloudFront,Region,Live Sports/Events,1.81,3.72,1.59,0.81,1.44,2.35,5.47,1.66,4210,24,8731,42077,108441,84.3,65.1,51.1,32.6,53.6,84.1,1.45,72.2,8.4,4.93,3.78,92.6,207,177,14793
2022-08-08,App_A,WebOS,AT&T,Fastly,Region,VOD Movies,1.5,3.88,1.69,0.59,1.27,1.72,5.54,1.73,6065,25.7,10149,48361,131047,87.1,69.1,51.8,36.2,57.7,84.9,1.71,75.4,8.2,5.27,4.09,89.6,233,166,13893
2022-08-08,App_B,Apple TV,Wi-Fi,Akamai,Country,FAST linear,1.81,4.14,1.79,0.67,1.52,1.97,4.93,1.88,4671,25.4,8807,42504,97125,81.5,68.1,49.4,34.8,58.4,84.7,1.37,68.5,9,5.04,3.98,89.5,182,182,11927
2022-08-09,App_A,WebOS,Wi-Fi,Akamai,Country,VOD Movies,1.31,3.43,1.51,0.64,1.46,1.74,4.8,1.47,6143,28.1,9953,48263,110789,80.7,65.1,50.2,35.3,57.4,83.8,1.21,69.7,7.9,4.22,3.78,91.1,180,173,15576
2022-08-09,App_B,Tizen,Airtel,Akamai,Country,VOD Movies,1.52,3.71,1.74,0.87,1.46,2.56,5.28,1.86,4407,26,8285,39771,99602,81.8,65.2,49,36.4,54.3,86.3,1.84,67.3,9.8,4.75,3.54,90.7,188,155,14829
2022-08-10,App_A,Desktop Web,Wi-Fi,Fastly,Metro,FAST linear,1.47,4.15,1.48,0.62,1.08,2.07,5.61,1.96,5874,28.3,10005,48455,116884,85.4,66.9,53.8,34.1,58.5,85.2,1.44,73.9,8.5,4.45,3.61,89.9,212,145,16156
2022-08-10,App_B,FireTV,Cellular 4G,Fastly,Country,Live Sports/Events,1.82,3.35,1.51,0.87,1.51,2.04,5.21,1.66,4759,25,8439,40193,100485,84.8,65.8,48.9,36.2,52.5,89.9,1.48,73.2,7.8,4.98,3.36,92.3,200,187,11416
2022-08-11,App_A,iOS,Airtel,Fastly,Region,VOD Movies,1.32,3.69,1.94,0.83,1.05,2.03,5.05,1.84,6170,25.9,10046,48077,129067,82.4,67.5,53.2,34.9,55.7,83.9,1.3,73.6,8.8,5.16,3.6,89.9,199,136,17495
2022-08-11,App_B,Apple TV,Broadband,Fastly,Region,Live Sports/Events,1.62,3.89,1.7,0.8,1.15,2.32,4.84,1.69,4582,24.8,8347,40457,102901,82.7,67.7,48.4,33.2,57.8,89.7,1.78,66.3,9.4,4.78,3.73,89.4,230,168,12740
2022-08-12,App_A,Tizen,Comcast Xfinity,Akamai,Metro,FAST linear,1.62,3.71,1.66,0.77,1.09,1.72,5.17,1.58,4833,25.8,9208,44191,92638,85.7,67.3,50.3,36.9,58,87,1.21,74.8,8.6,5.25,3.96,89.9,184,140,15844
2022-08-12,App_B,WebOS,Cellular 5G,Akamai,Metro,FAST linear,1.52,4.09,1.74,0.63,1.43,1.85,5.42,1.52,4590,28,8915,43089,93286,86.8,65.7,50.2,32.7,56,83.4,1.31,69.7,10.2,4.61,3.58,90.6,192,146,14629
2022-08-13,App_A,FireTV,AT&T,Akamai,Region,VOD Movies,1.69,3.59,1.49,0.75,1.25,2.36,5.24,1.93,4957,25.1,9366,44944,119181,85.7,64.1,48.7,38.2,55.6,88.4,1.52,73.6,8,4.88,4.05,89.2,199,176,15880
2022-08-13,App_B,Android TV,Comcast Xfinity,AWS CloudFront,Metro,VOD Series,1.49,3.4,1.97,0.69,1.13,2.19,4.78,2.01,4128,25,8822,41908,99279,84.2,66.9,53.2,32.2,56.3,83.3,1.42,71.8,7.8,5.09,3.8,91,236,174,10896
2022-08-14,App_A,Desktop Web,Cellular 5G,Fastly,Region,VOD Movies,1.3,4.13,1.42,0.76,1.52,2.03,5.72,1.9,5110,27.1,9104,44119,93395,86.1,64.2,49.7,33.9,57.6,86,1.68,71.4,7.2,4.37,4.15,89.9,246,162,14390
2022-08-14,App_B,Tizen,Jio,Cloudflare,Country,VOD Movies,1.42,4.32,1.6,0.85,1.31,1.82,4.72,1.93,5322,28,8852,42217,89337,81,69.6,53.4,32.7,53,87.6,1.76,67.7,9.2,5.44,3.74,89.8,192,155,15069
2022-08-15,App_A,Apple TV,Jio,Fastly,Region,Live Sports/Events,1.7,3.56,1.54,0.69,1.51,1.63,4.88,1.73,6180,24.5,9425,45689,115299,85.2,69.1,49.9,36.3,54.4,83.2,1.28,71.7,8.2,4.54,4.02,89.9,191,136,13765
2022-08-15,App_B,Desktop Web,T-Mobile,Akamai,Metro,Live Sports/Events,1.42,4.24,1.68,0.71,1.52,2.05,5.14,1.5,4264,24.1,8099,38548,104371,86.1,68.5,49,34.7,57.7,86.1,1.51,73,8.4,4.66,3.82,90.4,197,137,10228
2022-08-16,App_A,WebOS,Wi-Fi,Cloudflare,Metro,Live Sports/Events,1.33,3.63,2.09,0.62,1.31,1.92,5.02,1.51,5573,26.4,9295,44996,95404,83.5,65.3,49.7,35.8,58.2,88.1,1.34,75.8,7.3,5.28,3.92,89.8,179,176,14851
2022-08-16,App_B,FireTV,T-Mobile,Cloudflare,Metro,FAST linear,1.58,4.33,1.75,0.67,1.54,2.08,4.54,1.54,5083,28.3,8608,41124,97829,81.1,64.9,52.2,34.3,54.6,89,1.83,69.5,8.3,5.17,3.59,89.9,250,160,14731
2022-08-17,App_A,Tizen,Wi-Fi,AWS CloudFront,Metro,VOD Series,1.53,3.14,1.51,0.67,1.09,2,4.73,1.95,5600,26.7,9783,47215,115143,85.2,66.8,51.1,33.9,56.8,83.9,1.59,72.3,8.8,5.13,4.01,89.3,210,125,13360
2022-08-17,App_B,Android,Jio,Fastly,Country,FAST linear,1.72,3.93,1.82,0.85,1.26,2.14,5.39,1.89,4319,25.6,8363,40237,86199,81.5,70.2,52.8,35.3,55,89.7,1.35,67.7,8.3,5.13,3.6,90,239,183,11937
2022-08-18,App_A,Tizen,Wi-Fi,Akamai,Country,FAST linear,1.6,3.38,1.94,0.62,1.51,1.75,5.34,1.66,5802,26.9,9859,47796,120854,81.9,65.3,49.7,36.5,57,83.6,1.22,70.1,8.8,5.2,4.08,89.6,244,158,14406
2022-08-18,App_B,WebOS,Cellular 4G,AWS CloudFront,Metro,Live Sports/Events,1.81,3.48,1.74,0.7,1.15,2.13,5.48,1.91,4117,25.2,8311,40037,92389,86.7,64,51.8,34.4,52.8,83.1,1.4,66.5,9.4,4.8,3.76,90.1,201,159,14784
2022-08-19,App_A,WebOS,Comcast Xfinity,Fastly,Region,VOD Series,1.45,3.63,1.86,0.68,1.5,1.78,5.62,1.49,5484,28.6,9944,47888,103120,82,64.4,52.7,36.3,56.4,86.2,1.45,75.1,7.2,4.31,3.65,91.4,220,130,14001
2022-08-19,App_B,Android,Verizon,Akamai,Metro,VOD Series,1.44,3.9,2.14,0.66,1.55,2.24,4.5,1.72,4538,28.5,8324,40082,95576,86.8,66.3,52.9,35.7,54.4,84.2,1.44,68.2,9.4,5.37,3.87,92,244,167,10445
2022-08-20,App_A,Desktop Web,Verizon,Akamai,Region,FAST linear,1.71,4.13,1.67,0.75,1.06,1.89,5.29,1.54,5453,27.3,9116,43350,97501,82.8,69.2,48,36.2,61.1,88,1.2,74.3,8.2,5.13,4.1,90.3,178,175,12446
2022-08-20,App_B,iOS,Cellular 4G,Akamai,Country,Live Sports/Events,1.51,4.3,1.5,0.9,1.19,2.5,4.68,1.55,5010,27.4,8033,38721,93408,86.6,68.1,47.9,36.1,58.5,83.7,1.8,66.6,8,5.22,3.99,91.9,258,165,10402
2022-08-21,App_A,Apple TV,Wi-Fi,Akamai,Country,FAST linear,1.34,3.28,1.97,0.85,1.14,1.66,4.66,1.55,5794,29.4,10293,49610,106917,81,67.2,53,34.7,54.7,85.2,1.24,72,8.8,4.54,3.53,92.1,237,125,17567
2022-08-21,App_B,Tizen,Cellular 5G,Fastly,Country,VOD Movies,1.65,3.54,2.17,0.67,1.47,1.85,5.51,1.95,4288,27.2,7549,36113,75681,86.9,70.3,52.6,36.6,52.6,89.8,1.31,73.3,8.9,5.62,3.48,90.4,210,159,10135
2022-08-22,App_A,Tizen,Cellular 5G,Akamai,Metro,VOD Series,1.44,3.28,1.7,0.69,1.1,2.26,5.42,1.76,4756,28.7,9273,44848,119444,83.4,63.9,51,34.9,58.7,88.5,1.58,70,7.6,4.5,3.88,89.3,238,151,14445
2022-08-22,App_B,WebOS,Jio,Akamai,Metro,Live Sports/Events,1.42,3.49,1.75,0.61,1.58,1.92,4.78,1.63,4662,27.2,8172,39439,98675,82.3,68.3,48.9,36.7,52.5,84.8,1.58,67.5,9,5.33,3.59,89.6,234,149,14066
2022-08-23,App_A,iOS,Airtel,Cloudflare,Region,FAST linear,1.33,3.43,1.47,0.62,1.23,2.38,4.75,2.01,5122,25.6,9751,46426,122490,82.9,68.9,49.3,36.7,57,89.6,1.52,72.2,7.8,5.34,3.87,92.5,233,176,12556
2022-08-23,App_B,Tizen,Verizon,Cloudflare,Country,VOD Series,1.44,4.37,1.64,0.65,1.57,2.45,5.18,1.77,4031,25.4,8563,41390,107693,85.4,69.6,53.9,34.1,55.6,87.6,1.62,72.9,9.3,5.57,3.79,92,183,183,10427
2022-08-24,App_A,Desktop Web,Jio,Fastly,Region,FAST linear,1.7,3.8,1.89,0.81,1.08,1.97,5.27,1.72,4660,29.4,8903,42801,97331,86.3,68.1,52.5,34.8,56.6,83.4,1.39,69.8,9.1,5,3.7,92.7,217,132,11105
2022-08-24,App_B,Android,Verizon,Akamai,Region,VOD Series,1.64,3.75,2.08,0.79,1.58,2.11,5.52,2.06,4638,24.2,7684,37235,85192,82.9,67.2,51.2,36.6,55.9,83.5,1.5,70.3,8.3,4.6,4.01,89.6,258,161,10551
2022-08-25,App_A,Tizen,Broadband,AWS CloudFront,Metro,VOD Movies,1.45,3.79,1.73,0.58,1.35,2.37,5.75,1.54,5494,24.5,9154,43530,116503,81.7,70.2,52,35,56.9,89.9,1.21,70,7.6,4.82,4.03,89.6,207,141,13827
2022-08-25,App_B,Android TV,Wi-Fi,Cloudflare,Region,VOD Movies,1.81,3.42,2,0.88,1.12,1.95,4.59,1.59,4051,23.9,7751,37111,83295,82.8,66.7,49.4,35.5,54.8,88.8,1.31,72.6,8.4,5.16,3.31,89.2,226,145,13708
2022-08-26,App_A,Android,Broadband,AWS CloudFront,Country,FAST linear,1.39,3.85,1.65,0.8,1.44,1.67,4.78,1.83,5428,26.6,9623,46178,122487,82.9,68.2,51.3,35.9,57.2,84.9,1.66,72.3,8.1,4.89,4.06,92.8,228,147,14062
2022-08-26,App_B,Android TV,T-Mobile,AWS CloudFront,Country,Live Sports/Events,1.49,3.73,1.77,0.88,1.1,2.49,4.61,1.5,5161,25.9,8062,38902,104316,82.4,69.2,48.2,36.5,52.5,88,1.27,71.6,9.5,4.82,3.82,91.4,246,168,11308
2022-08-27,App_A,Apple TV,Airtel,AWS CloudFront,Country,VOD Series,1.34,3.58,1.45,0.81,1.07,2.3,5.33,2.05,5710,27.5,10036,47861,102146,86.7,70.4,51,37.2,58.5,87.6,1.37,71.2,8.5,5.04,3.77,90.5,189,152,14207
2022-08-27,App_B,Desktop Web,Jio,Akamai,Metro,FAST linear,1.78,4.24,1.82,0.66,1.2,2.19,5.4,2.05,4020,26.3,8597,41182,90006,86.5,64.6,49.4,33.8,54,88.7,1.56,71.5,9.7,4.56,3.9,91.5,233,164,11995
2022-08-28,App_A,Apple TV,Airtel,Fastly,Region,VOD Movies,1.61,3.46,1.47,0.78,1.32,2.13,4.61,1.78,5987,24.9,9903,47199,120691,87.2,68.7,53.9,35.3,60.5,88.2,1.22,73.9,7.2,4.33,3.63,90.1,182,155,12060
2022-08-28,App_B,Tizen,Verizon,Akamai,Metro,VOD Series,1.79,3.58,2.1,0.82,1.37,2.12,5.28,1.9,4167,25.7,8392,39977,104634,83.2,66.2,53.9,37,56.7,83.4,1.55,66.7,7.9,5.36,3.38,92,205,149,10843
2022-08-29,App_A,Apple TV,Jio,Fastly,Country,VOD Movies,1.42,3.88,1.5,0.66,1.15,1.66,4.92,1.44,4795,26.9,9563,46303,101520,82.8,66.9,50.1,36.2,55.6,89,1.53,73.9,8,5.25,3.94,91.9,197,134,16673
2022-08-29,App_B,iOS,Cellular 4G,Cloudflare,Country,Live Sports/Events,1.54,3.28,1.9,0.81,1.45,1.7,5.09,1.56,4430,24.7,7842,37478,85309,86.9,66.9,49.5,35.2,52.6,83.7,1.28,66.8,8.6,4.57,3.57,91.7,190,152,10972
2022-08-30,App_A,Android,Broadband,Akamai,Country,VOD Movies,1.34,3.59,1.72,0.62,1.21,1.68,5.32,1.82,4961,26.4,10100,48326,113549,84.7,64.7,53.5,34.6,58.9,89.1,1.29,74.5,7.7,4.24,3.61,92.8,176,163,14053
2022-08-30,App_B,Tizen,Comcast Xfinity,AWS CloudFront,Region,Live Sports/Events,1.45,3.65,2.08,0.87,1.49,1.91,5.18,1.82,4027,25.2,8349,40207,107234,82.6,68.1,48.5,35.4,56.1,85.5,1.5,67.7,8.3,4.46,3.52,91,184,154,10841
2022-08-31,App_A,Apple TV,Wi-Fi,Akamai,Metro,Live Sports/Events,1.5,3.49,2,0.76,1.49,2.2,5.38,1.78,5517,24.8,9995,47515,110895,82.5,65.3,48.1,34.5,60.8,87,1.57,74.9,8,4.38,3.84,89.2,187,146,17411
2022-08-31,App_B,WebOS,T-Mobile,AWS CloudFront,Country,FAST linear,1.78,3.68,2.12,0.86,1.33,2.37,5.17,1.86,4692,23.1,7717,36953,86679,81.4,70.2,51.6,36.8,53.5,87.6,1.59,67.5,8.7,5.23,3.78,90.9,195,134,13536
2022-09-01,App_A,iOS,Comcast Xfinity,Fastly,Country,FAST linear,1.28,3.17,1.68,0.78,1.34,2.29,5.54,2.02,4816,28.8,9143,43969,101025,86.3,68.3,52.2,34.4,54.8,88,1.19,73.9,8.8,4.23,3.82,91.9,195,174,15912
2022-09-01,App_B,Desktop Web,Verizon,Akamai,Country,VOD Series,1.53,3.5,2.2,0.82,1.34,2.37,5.26,1.65,4335,26.5,8048,38857,97051,81.8,64.2,50.9,36.3,53,85.1,1.4,66.9,8.9,4.71,3.69,90.1,195,134,11503
2022-09-02,App_A,Desktop Web,Cellular 5G,Akamai,Metro,VOD Movies,1.29,3.31,1.68,0.73,1.41,2.32,5.1,1.78,6069,24,9518,46089,106432,87.2,64.6,53.2,34.6,59.5,85.8,1.25,71.5,8.5,4.73,3.56,89.7,185,141,14193
2022-09-02,App_B,iOS,Cellular 5G,Fastly,Region,FAST linear,1.44,3.42,2.19,0.62,1.44,1.79,4.75,1.73,4267,25.9,7873,37582,88873,81.1,66,52.9,35.1,58.5,88.2,1.34,68.3,8.2,5.06,3.93,90.5,240,149,9874
2022-09-03,App_A,iOS,Wi-Fi,Cloudflare,Region,Live Sports/Events,1.33,3.49,1.4,0.8,1.34,2.24,5.59,1.76,4655,24.8,9175,44376,92199,87.3,67.3,49.6,36.7,55.5,85.1,1.51,75.3,8.7,4.62,4.08,92.7,199,137,13888
2022-09-03,App_B,Tizen,Verizon,Cloudflare,Country,Live Sports/Events,1.56,3.63,1.58,0.65,1.44,1.94,4.77,1.99,4220,24.3,8276,40029,99593,85.8,69.6,48.8,33.5,57.4,87.1,1.45,67.9,7.9,4.91,3.94,90,196,164,13202
2022-09-04,App_A,Android TV,AT&T,Fastly,Metro,VOD Series,1.56,3.47,1.57,0.65,1.37,1.89,5.67,1.45,5019,25.2,9107,43469,100982,83.4,67.9,49.4,35.9,57.3,84.1,1.4,71.3,9.2,5.3,3.77,91.6,235,156,14832
2022-09-04,App_B,FireTV,Wi-Fi,AWS CloudFront,Region,Live Sports/Events,1.76,4.1,1.94,0.88,1.29,2.36,4.44,2.06,5183,27.8,8029,38181,93294,81.7,68.3,52.8,34.4,53.4,86.9,1.53,69.6,8.3,5.04,3.95,89.6,251,184,10258
2022-09-05,App_A,iOS,Jio,AWS CloudFront,Country,VOD Series,1.46,3.69,1.53,0.85,1.5,1.77,5.53,1.99,5731,27.5,8763,42380,101947,85.1,66.7,50.7,35.6,56.4,85.9,1.39,70.7,8.2,4.5,3.69,91.4,174,158,12736
2022-09-05,App_B,iOS,Airtel,Fastly,Region,FAST linear,1.43,3.48,2.06,0.71,1.23,2.47,5.56,1.75,3936,25.9,8226,39282,82703,83.6,64.3,52.6,36.8,52.7,86.4,1.48,72.8,9.3,5.04,3.35,90.9,222,175,13912
2022-09-06,App_A,Android,T-Mobile,Fastly,Country,Live Sports/Events,1.4,3.8,1.54,0.73,1.05,1.97,5.24,1.85,5961,27.3,9150,44284,114792,81.7,67.6,48.8,33.7,55.6,87.1,1.61,71.6,7.9,5.3,4.19,89.3,242,148,12878
2022-09-06,App_B,FireTV,Wi-Fi,Akamai,Country,VOD Series,1.74,4.38,1.85,0.87,1.18,2.47,4.88,1.67,3922,27.7,8320,39854,94265,83.6,68.9,53.8,36.7,57.7,84.9,1.4,72,8.3,5.48,3.67,92.1,226,179,11286
2022-09-07,App_A,Android TV,Airtel,Fastly,Region,VOD Movies,1.63,3.55,2.06,0.63,1.06,1.8,5.04,1.54,4896,26.3,9850,47132,112928,81.1,66.9,48.5,38.3,61.1,85.7,1.41,72.8,9.2,5.16,4.17,91.1,179,131,14959
2022-09-07,App_B,WebOS,Jio,Cloudflare,Metro,VOD Series,1.58,4.12,1.63,0.77,1.19,2.47,4.76,1.56,4165,22.8,7977,38027,87380,85.2,64.1,48.1,32.7,55.8,90.1,1.45,70.4,8.4,5.52,3.64,90.5,194,175,12547
2022-09-08,App_A,Apple TV,T-Mobile,Akamai,Region,VOD Series,1.31,3.83,1.5,0.74,1.14,2.2,5.26,1.44,5512,24.2,9109,43446,117823,83.1,67.3,51.7,34.3,55.6,89,1.58,76,8.5,4.39,3.98,89.8,181,147,12064
2022-09-08,App_B,Android,Comcast Xfinity,AWS CloudFront,Metro,VOD Movies,1.46,3.74,1.52,0.63,1.23,2.28,5.46,2.06,4610,25.7,7748,36854,80541,83.1,68.7,53.8,35.7,58.3,87.7,1.36,66.6,8.8,4.45,3.97,91,249,160,11661
2022-09-09,App_A,Tizen,Cellular 5G,Cloudflare,Region,Live Sports/Events,1.53,3.27,1.5,0.69,1.32,1.93,5.21,1.42,5780,23.8,9212,44480,100333,83.3,65.8,52.6,33.8,60.1,88.8,1.26,74.6,8.8,4.88,3.69,92.8,235,154,14085
2022-09-09,App_B,Android,Cellular 4G,Akamai,Metro,FAST linear,1.52,4.11,1.68,0.87,1.38,2.44,5.4,2.18,4142,24.1,8475,40503,91563,86.2,68.4,52.7,32.7,58.6,86.5,1.47,68.9,8.6,4.61,3.76,90,225,183,13641
2022-09-10,App_A,Desktop Web,Airtel,Fastly,Country,VOD Movies,1.36,3.93,1.68,0.67,1.1,2.32,5.69,1.51,5818,24,9156,44251,97251,85.2,68.3,51,37.5,59.3,85.6,1.38,75.9,7.9,4.6,4.07,90.7,195,124,15165
2022-09-10,App_B,FireTV,Verizon,Cloudflare,Metro,VOD Movies,1.41,3.95,1.57,0.84,1.1,2.34,5.42,1.79,4804,27.2,7810,37723,88808,86.2,64.4,49.4,34.4,55,87.8,1.6,71.6,8.5,4.87,4.03,90,181,185,12440
2022-09-11,App_A,Android,Cellular 5G,Cloudflare,Metro,Live Sports/Events,1.58,3.47,1.99,0.68,1.06,1.85,5.19,1.78,5500,28,8732,41999,91013,85.5,67.1,51.8,35.8,61.1,86.2,1.44,72.2,7.1,4.9,3.78,91.5,202,166,13353
2022-09-11,App_B,Desktop Web,Airtel,Cloudflare,Country,VOD Series,1.47,4.08,2.06,0.74,1.32,2.15,4.75,1.85,4333,26.6,8086,38804,86519,85.1,69.3,48.2,33.5,57.8,88,1.6,70.4,9.1,4.72,4.04,91.3,195,131,14236
2022-09-12,App_A,Desktop Web,Broadband,AWS CloudFront,Metro,VOD Series,1.43,3.45,1.73,0.7,1.39,2.28,5.8,2.06,5924,26,9300,44603,104473,83.4,70.5,51.9,36.8,54.9,90,1.45,69.6,7.9,4.86,3.61,91.9,178,167,14610
2022-09-12,App_B,Desktop Web,Broadband,Akamai,Country,Live Sports/Events,1.53,3.73,1.91,0.84,1.37,2.53,5.07,1.58,4215,26,7964,38433,99071,85.5,70.7,48.9,35.3,55.6,84.8,1.29,71.7,9.7,5.62,3.73,89.3,250,184,13641
2022-09-13,App_A,Android,Cellular 4G,Fastly,Country,VOD Series,1.67,3.23,2.04,0.64,1.27,1.85,5.79,1.69,4721,24,9342,44794,114471,85.2,69.6,53.8,36.4,58.7,85.3,1.38,74.8,8.6,4.96,3.5,90.8,212,133,16436
2022-09-13,App_B,iOS,AT&T,Fastly,Region,Live Sports/Events,1.45,3.84,1.53,0.81,1.44,1.9,4.7,1.66,4714,22.5,8369,40244,89705,83.8,70.4,52.8,33.4,57.6,87.9,1.41,68.6,8.6,5.46,3.7,91.9,229,161,14997
2022-09-14,App_A,WebOS,Jio,Cloudflare,Country,VOD Series,1.45,3.11,1.44,0.78,1.21,2.04,5.54,1.93,5449,26.9,9748,47062,106907,83.5,64.2,52.6,34.1,55.9,87.9,1.42,74.8,8.5,4.75,3.6,92.8,231,176,13640
2022-09-14,App_B,Android TV,AT&T,AWS CloudFront,Country,Live Sports/Events,1.7,3.69,2.15,0.82,1.35,2.3,4.79,1.79,4195,23.5,8230,39882,88371,86.6,67.5,52,35.2,53.8,88.5,1.27,72.2,9.6,4.76,3.68,90.5,238,145,13975
2022-09-15,App_A,WebOS,AT&T,AWS CloudFront,Region,VOD Series,1.35,4.01,1.56,0.59,1.19,1.98,4.63,1.43,5354,25.5,9650,46607,103681,87.1,69.3,49.7,38.4,54.6,85.3,1.52,76.3,8.3,5.17,3.52,90.5,234,168,13574
2022-09-15,App_B,WebOS,Cellular 4G,AWS CloudFront,Region,VOD Series,1.66,4.19,1.98,0.87,1.56,1.94,4.89,1.93,3806,25.6,7806,37239,83081,82.8,68.2,53,33.3,58.1,84.7,1.28,69.2,8.3,4.7,3.57,90.4,241,161,12726
2022-09-16,App_A,Apple TV,Cellular 4G,Akamai,Metro,FAST linear,1.3,3.72,1.88,0.61,1.39,2.11,5.59,2.04,4855,23.3,8885,42612,96550,86.5,70.7,51.8,37.6,57.9,88.4,1.28,73.2,9.3,4.78,4.18,89.4,234,168,13844
2022-09-16,App_B,Tizen,Verizon,Akamai,Metro,Live Sports/Events,1.81,3.66,1.5,0.7,1.17,2.16,4.87,1.5,4671,26.8,8401,40558,94091,85.3,69.4,52.5,34.7,58.5,89.7,1.33,72.9,8.3,5.11,3.48,91.8,203,167,13886
2022-09-17,App_A,Android,Airtel,AWS CloudFront,Metro,FAST linear,1.37,3.29,1.59,0.7,1.26,1.74,4.68,1.56,4549,23.3,9242,44751,108755,87.4,69.6,53,35.2,57,87.9,1.52,72.1,8.1,4.64,3.71,90.9,173,150,15909
2022-09-17,App_B,Android,Airtel,AWS CloudFront,Region,VOD Movies,1.78,3.29,2.12,0.82,1.07,2.02,5.06,1.62,3922,22.5,7491,36241,93300,81.6,67.5,48.2,37,57.9,87.5,1.49,66.9,9.3,5.32,3.41,90.2,225,140,11133
2022-09-18,App_A,Apple TV,Wi-Fi,AWS CloudFront,Metro,FAST linear,1.42,3.26,1.4,0.57,1.51,2.16,5.31,1.67,5015,24,8870,43001,104191,84,66.2,48.5,37.4,54.9,87.4,1.35,70.4,7.5,4.23,4.06,89.3,190,163,13624
2022-09-18,App_B,iOS,Cellular 4G,AWS CloudFront,Region,VOD Series,1.45,3.54,1.46,0.79,1.17,2.39,4.65,1.49,4748,25.6,7649,36957,82866,84.5,69.9,50.9,36.8,53,85.9,1.49,71.9,7.5,4.88,3.99,90,190,182,13627
2022-09-19,App_A,Desktop Web,Wi-Fi,Cloudflare,Region,Live Sports/Events,1.38,3.55,1.66,0.71,1.46,2.28,5.78,1.99,5935,26,9322,44295,108232,81.4,64.8,51.9,36.2,55.9,86.6,1.23,70.6,7.3,4.89,3.52,92.5,241,154,11862
2022-09-19,App_B,FireTV,Airtel,AWS CloudFront,Region,Live Sports/Events,1.59,4.05,2.14,0.78,1.5,1.78,5.09,1.99,4827,24.4,8057,38876,96031,86.7,66.7,49.2,34.6,58.2,86.2,1.75,67,8.6,5.05,3.47,89.9,257,131,13998
2022-09-20,App_A,Android TV,Jio,Fastly,Region,FAST linear,1.29,3.1,1.53,0.77,1.24,2.11,5.1,1.62,4604,23.5,9065,43331,117373,82.4,66.6,52.8,35.4,57.2,89.2,1.49,75,9.2,4.97,3.51,92.3,216,147,11325
2022-09-20,App_B,WebOS,Jio,AWS CloudFront,Metro,Live Sports/Events,1.51,4.24,2.05,0.67,1.57,2.3,5.57,1.61,4632,24.6,7852,37636,96487,81.7,69.9,52.3,34.7,56.6,87.8,1.48,68.8,7.7,5.44,3.76,90.6,228,179,10659
2022-09-21,App_A,WebOS,Broadband,Fastly,Region,VOD Movies,1.46,3.12,1.9,0.71,1.05,1.87,5.14,2.05,4664,25.8,9575,45813,105220,87.3,67.9,51.8,36.8,58.2,84.5,1.33,76,9.3,4.61,3.89,90.9,210,163,14406
2022-09-21,App_B,FireTV,Broadband,Fastly,Region,FAST linear,1.46,3.56,2.18,0.69,1.46,2.09,4.92,1.82,4256,24.6,7437,36053,74890,87,68.7,49.2,34.2,59,89.4,1.72,68.6,9.4,4.43,3.9,91,180,147,12382
2022-09-22,App_A,Android,T-Mobile,Akamai,Country,FAST linear,1.38,4.03,1.77,0.64,1.37,1.64,4.72,1.77,4570,26.1,9022,43530,96209,81.9,64.2,53.6,38,58.8,90.2,1.32,73.7,9.2,4.99,3.73,91.1,227,140,12804
2022-09-22,App_B,Tizen,Verizon,Akamai,Metro,FAST linear,1.4,3.39,2.17,0.69,1.36,2,4.82,1.81,3829,25.2,7968,38090,90453,87.3,68.5,49.2,35.2,58.3,84.9,1.63,70.8,8.9,5.19,3.53,92.5,220,166,11285
2022-09-23,App_A,WebOS,Comcast Xfinity,Fastly,Region,VOD Series,1.63,3.24,1.64,0.68,1.04,1.92,5.81,1.75,5406,26.6,8450,40526,95959,81.9,70.2,53.2,38.6,57.5,84.2,1.18,72.2,7.6,4.69,4.25,91.2,172,132,13363
2022-09-23,App_B,iOS,Wi-Fi,AWS CloudFront,Metro,VOD Movies,1.66,3.39,1.57,0.61,1.14,2.43,5.33,1.48,4289,23.1,7548,36367,92979,86,64.2,52.8,35.6,55.4,88.5,1.53,70.9,8.1,5.55,3.38,89.3,234,178,13302
2022-09-24,App_A,WebOS,T-Mobile,Fastly,Region,VOD Series,1.44,3.95,1.76,0.81,1.04,2.25,4.91,2.06,5587,25,9463,45430,98277,83.3,66.6,49,37.1,61.4,88.3,1.69,76.4,8.5,4.99,3.66,89.8,204,147,13873
2022-09-24,App_B,Android,Airtel,Fastly,Country,VOD Series,1.35,3.38,1.99,0.9,1.1,2.51,5.61,1.81,4502,26.3,7490,36105,79507,82.5,68.5,51.4,36.7,52.9,84.5,1.49,71.8,9.9,5.43,3.77,91.8,182,185,9965
2022-09-25,App_A,Apple TV,Broadband,Akamai,Metro,VOD Series,1.67,3.49,1.38,0.65,1.37,1.8,5.62,1.38,4447,26.2,8309,39569,83448,87.3,65.1,50,37.5,60.3,88.4,1.16,76.2,7.7,4.53,3.66,90,230,131,14052
2022-09-25,App_B,Android,Wi-Fi,Fastly,Metro,VOD Movies,1.5,3.66,1.57,0.64,1.56,2.34,4.64,1.51,4807,22.4,7232,34757,74105,83.3,67.4,50.3,34.4,55,86.3,1.44,70.2,8.8,4.81,3.97,90.4,244,180,10671
2022-09-26,App_A,iOS,Cellular 4G,Cloudflare,Metro,VOD Movies,1.71,3.89,1.47,0.83,1.47,2.04,5.32,1.66,5114,24.9,8849,42254,89399,82.9,66.6,52.3,35.7,60.8,89.1,1.49,72.9,8.4,4.9,4.21,92.3,240,125,12900
2022-09-26,App_B,Android TV,AT&T,AWS CloudFront,Region,FAST linear,1.39,4.2,1.62,0.63,1.34,1.7,4.75,2.08,4212,22.3,8203,39516,93549,80.8,70.7,49.4,34.3,54.3,89.2,1.77,68.9,8.7,5.25,3.5,91.4,179,161,10072
2022-09-27,App_A,FireTV,Wi-Fi,AWS CloudFront,Region,Live Sports/Events,1.62,4.06,1.46,0.77,1.18,1.88,4.83,1.44,4679,23.4,8948,42600,90229,83.7,66,54.2,36.2,57.7,89.8,1.33,76.1,8.3,4.84,3.97,89.8,172,144,11061
2022-09-27,App_B,FireTV,Cellular 4G,AWS CloudFront,Metro,VOD Movies,1.69,3.99,2.1,0.62,1.53,1.72,5.28,1.58,4021,22.5,7970,38470,83831,87,65.9,49,36.9,58.1,86.3,1.23,67.6,8.2,5.06,3.9,90,204,143,13565
2022-09-28,App_A,iOS,Broadband,Fastly,Country,FAST linear,1.4,3.39,1.57,0.81,1.28,1.76,4.78,1.65,4390,27,9301,44812,110111,81.1,69.3,48.3,35.9,60.4,83.5,1.6,72.8,7.7,4.68,3.51,92,230,149,11526
2022-09-28,App_B,Android TV,Jio,Fastly,Country,VOD Movies,1.35,3.92,1.98,0.72,1.46,2.02,5.49,1.96,4702,22.4,8194,39040,106327,84.5,64.2,50,34.5,54.7,84.2,1.57,66.9,9.4,4.9,3.85,91.4,189,169,10468
2022-09-29,App_A,WebOS,AT&T,AWS CloudFront,Region,Live Sports/Events,1.43,3.24,2.02,0.7,1.2,2.37,5.45,2,5259,25.8,8254,39574,98644,83.5,70,53.8,34.4,55.7,89.6,1.69,71.5,7.9,4.3,3.65,91.5,196,149,11587
2022-09-29,App_B,FireTV,Verizon,Cloudflare,Country,Live Sports/Events,1.55,3.27,1.89,0.6,1.12,2.15,5.25,2.12,4926,23.3,7340,34884,94042,84.5,68.4,52.5,33.2,55,85.3,1.42,73.8,9,5.6,3.96,92.8,200,169,12987
2022-09-30,App_A,iOS,Cellular 4G,Akamai,Region,Live Sports/Events,1.34,3.62,2.05,0.62,1.36,1.92,4.86,1.9,5413,23.4,9278,44309,102607,86.8,64.7,51,37.4,61,89.3,1.35,70.6,7.2,4.59,3.82,92.8,192,157,13611
2022-09-30,App_B,FireTV,Comcast Xfinity,AWS CloudFront,Metro,Live Sports/Events,1.55,4.21,2.1,0.75,1.2,2.22,5.35,1.69,4482,25.8,7701,36762,83838,81.9,70.4,53.9,33,55.8,88.6,1.34,73,8.8,4.6,3.64,91.6,196,169,13323
2022-10-01,App_A,Apple TV,Jio,Fastly,Region,VOD Series,1.27,3.63,1.61,0.78,1.41,2.27,4.98,1.63,4827,23.1,9346,44510,101539,83.7,66.9,50.6,35.3,58,83.9,1.36,69.4,8.6,4.37,3.87,91,239,146,12217
2022-10-01,App_B,iOS,Airtel,Akamai,Country,VOD Movies,1.56,3.54,2.02,0.75,1.12,2.27,5.53,2.04,4231,26,7751,36994,91490,82.3,64.4,53.9,32.6,56.6,86.9,1.69,72,8.5,4.72,4.04,91.4,241,151,12682
2022-10-02,App_A,WebOS,Cellular 5G,AWS CloudFront,Country,VOD Movies,1.62,3.07,1.67,0.79,1.27,1.83,5.41,1.39,5402,27.1,8261,39700,104128,84.8,66.3,54,38.7,61,83.7,1.37,70.7,9.4,4.46,4.16,92.9,169,135,13517
2022-10-02,App_B,Android,Wi-Fi,Akamai,Metro,VOD Movies,1.56,4.03,2.12,0.65,1.52,2.21,4.99,1.63,3801,21.5,6995,33697,72987,87.4,67.8,50.8,35,54.7,85.2,1.66,72.3,9.5,4.45,3.82,90.2,179,172,11642
2022-10-03,App_A,Android TV,T-Mobile,AWS CloudFront,Region,FAST linear,1.58,4.01,1.5,0.74,1.14,1.81,5.28,1.97,4874,23.1,8810,42653,111478,84.4,70.5,50.1,34.1,58.9,87.5,1.56,71.2,8.2,5.3,3.72,92.4,172,133,13410
2022-10-03,App_B,Android,Cellular 5G,AWS CloudFront,Country,Live Sports/Events,1.48,3.6,1.57,0.71,1.53,1.83,4.67,2.01,3878,24.6,7883,38154,101761,80.9,69.8,54.1,33.3,55,84,1.54,70.3,8.4,4.66,3.41,90.4,231,169,12278
2022-10-04,App_A,iOS,AT&T,Fastly,Metro,VOD Series,1.57,3.49,1.79,0.76,1.14,2.34,5.8,1.91,5676,25.1,8655,41257,95197,81.7,66.4,51.7,38,60.3,84,1.56,73.1,9.4,4.18,3.71,89.9,211,154,15202
2022-10-04,App_B,Tizen,T-Mobile,Cloudflare,Region,VOD Series,1.81,3.56,1.99,0.61,1.42,2.45,4.53,2.09,4533,23.1,7347,35555,80584,82,67.8,51,34.3,56.5,88.4,1.68,71.1,9.9,4.66,3.96,90.4,232,157,9291
2022-10-05,App_A,FireTV,AT&T,AWS CloudFront,Region,VOD Movies,1.65,3.12,1.42,0.7,1.28,1.75,5.46,1.92,5103,22.3,9150,44178,109896,86.3,64.3,52.4,38.5,55.2,87.9,1.35,69.8,8.7,4.3,3.8,92.7,169,139,12192
2022-10-05,App_B,Android TV,Comcast Xfinity,Akamai,Country,FAST linear,1.73,3.82,1.66,0.89,1.55,1.72,4.66,2.03,4298,21.5,8083,38910,82515,86.8,68.4,49.5,34.1,58.5,85.2,1.38,69.7,8.1,4.5,3.77,92.9,229,162,13751
2022-10-06,App_A,WebOS,Jio,AWS CloudFront,Metro,VOD Series,1.55,3.75,1.52,0.7,1.18,1.63,5.1,1.54,5433,25.8,8712,41401,97338,84.9,66.6,51.9,36.4,55.7,84.8,1.67,74.1,9.3,4.98,3.7,89.9,203,139,13486
2022-10-06,App_B,Tizen,Wi-Fi,Cloudflare,Country,VOD Series,1.71,3.82,1.56,0.75,1.58,2.24,5.39,1.78,4417,25.1,7767,37293,86388,80.9,69,50.6,33.2,58.3,86.5,1.26,71.2,9.1,5.09,4.03,89.4,195,145,13067
2022-10-07,App_A,Android,Jio,AWS CloudFront,Country,VOD Movies,1.52,4.07,1.69,0.65,1.44,2.22,5.23,1.87,4772,26.3,8350,40449,98566,81.7,66.1,49.9,36.9,60.8,90.1,1.24,75.1,7.2,4.27,3.59,92.5,168,131,10500
2022-10-07,App_B,Android TV,Broadband,Fastly,Metro,Live Sports/Events,1.52,3.54,1.71,0.8,1.13,2.08,5.11,1.93,3845,21.3,7304,35307,90246,81,69.2,52.9,36.6,58.4,83.4,1.63,71.8,9.4,5.23,4.03,90.9,216,146,10428
2022-10-08,App_A,Apple TV,Wi-Fi,Akamai,Country,VOD Series,1.53,3.67,1.38,0.61,1.25,2.24,5.84,1.93,5218,22.5,8085,38497,97156,82.2,70.7,48.4,37.7,60.6,88.5,1.63,69.7,7.6,4.36,3.9,91,237,123,13161
2022-10-08,App_B,Apple TV,Jio,Akamai,Metro,VOD Series,1.39,3.54,1.49,0.75,1.46,1.84,5.49,1.79,4366,23.9,7439,35785,87881,85.7,68.7,48.9,32.9,53.7,84.9,1.47,67.8,8.6,5.29,4.07,91.3,203,158,11413
2022-10-09,App_A,Apple TV,Cellular 4G,AWS CloudFront,Metro,FAST linear,1.3,3.12,1.61,0.57,1.28,1.77,5.22,1.43,4695,22.1,8294,40126,87669,83.9,70.9,53.5,36.3,56.1,89,1.69,74,7.9,4.48,3.93,92.9,168,168,14747
2022-10-09,App_B,FireTV,Cellular 5G,Cloudflare,Region,FAST linear,1.36,3.46,1.47,0.87,1.35,1.8,5.58,1.99,3809,25.3,7800,37588,90014,86.1,66.7,53.8,33.9,53.8,87.9,1.66,71.3,9.1,5.1,3.96,91.4,212,175,12654
2022-10-10,App_A,Apple TV,Airtel,Fastly,Country,VOD Series,1.61,3.69,1.61,0.69,1.43,2.21,5.45,1.66,4891,23,8463,40733,89175,87,70.4,52.6,36.6,55.2,90.3,1.35,71.9,7.5,4.75,4.19,90.1,213,124,12739
2022-10-10,App_B,FireTV,Comcast Xfinity,AWS CloudFront,Metro,VOD Movies,1.49,3.59,1.81,0.88,1.12,2.26,4.67,1.91,4833,24.4,7286,34890,76584,87,68.6,51.4,33.3,58.4,87.7,1.26,70.8,7.8,4.42,4.07,89.7,217,132,12779
2022-10-11,App_A,Android,Airtel,Fastly,Region,Live Sports/Events,1.52,3.95,1.83,0.78,1.48,2.06,5.52,1.66,4831,22.3,8570,41120,109259,87,66.9,53.9,35.8,58.3,88.6,1.26,73.4,8.9,4.47,3.66,90.2,192,138,13016
2022-10-11,App_B,WebOS,Cellular 5G,Akamai,Metro,FAST linear,1.72,3.91,1.63,0.69,1.53,2.03,5.49,2.08,4413,23.8,7822,37216,91824,86.7,70.1,51.1,32.7,55.5,84.7,1.26,73,8.4,4.47,3.7,92.9,219,143,13679
2022-10-12,App_A,FireTV,Airtel,Fastly,Region,VOD Series,1.35,3.06,1.95,0.83,1.27,2.24,5.37,1.82,5048,23.6,9315,44409,105187,80.9,66.6,48.9,34.1,57.2,87,1.59,70.4,8.1,4.34,3.53,91.8,177,170,14825
2022-10-12,App_B,iOS,Broadband,AWS CloudFront,Country,FAST linear,1.65,3.23,1.76,0.67,1.13,1.69,4.84,1.75,3692,25.8,7879,37938,84438,87,68,51.2,37.3,58.8,85.5,1.2,68.4,9.4,4.97,3.89,91,195,151,9721
2022-10-13,App_A,WebOS,Cellular 4G,Cloudflare,Country,VOD Series,1.63,3.63,1.5,0.64,1.14,1.93,5.69,1.76,4247,26.3,8548,40862,104946,86.9,67.4,50.5,34.4,57.5,84.9,1.59,75.7,8.1,5.03,4.25,91.5,203,161,13408
2022-10-13,App_B,Android,Broadband,Cloudflare,Region,VOD Series,1.57,3.72,1.88,0.86,1.53,2.49,5.46,2.07,3863,22.7,7190,34505,93015,84.7,66.1,48.5,33.4,57.6,88.8,1.36,71.7,9.4,4.88,3.43,92.8,206,180,10550
2022-10-14,App_A,FireTV,Comcast Xfinity,Cloudflare,Country,FAST linear,1.39,3.94,1.72,0.64,1.5,2.26,5.62,1.44,4433,23.4,8919,43193,101434,87.1,64.3,52.4,37.1,58.7,85.5,1.6,71.9,7.1,4.33,4,91.5,176,161,14089
2022-10-14,App_B,Apple TV,Comcast Xfinity,Akamai,Country,Live Sports/Events,1.4,4.22,1.64,0.88,1.3,2.49,5.15,1.51,3604,24.8,7190,34300,75867,84.9,66.4,49.2,35.5,56.8,86.6,1.24,71.4,7.7,4.78,3.78,89.6,243,146,12770
2022-10-15,App_A,Apple TV,Jio,Fastly,Metro,Live Sports/Events,1.64,3.26,1.88,0.6,1.27,2.21,4.66,1.44,5546,26.1,8621,41454,88316,83.9,66.7,48.9,38,55.1,88.6,1.55,74.8,7.3,5.13,3.53,90.7,235,131,10395
2022-10-15,App_B,Tizen,AT&T,Fastly,Metro,Live Sports/Events,1.37,3.64,1.57,0.88,1.28,1.88,5.21,2.12,4154,24.6,7681,36847,79488,85.8,68.3,50.1,33,56.9,85.2,1.67,72.5,9.7,4.96,3.81,92.4,224,138,12333
2022-10-16,App_A,FireTV,Jio,AWS CloudFront,Region,VOD Series,1.36,3.86,1.37,0.75,1.11,2.23,5.57,1.67,4690,24.9,9197,43998,100552,82.3,67.3,49.5,37.4,58.3,87.3,1.21,75.5,7.4,5.07,3.57,92.8,184,159,11712
2022-10-16,App_B,Android,Cellular 5G,Akamai,Country,Live Sports/Events,1.59,4.23,2,0.73,1.36,2.16,5.17,1.98,4613,24.5,7326,35017,84281,85.5,69.8,50.7,34.6,53.7,90.4,1.29,68.7,9,4.63,3.47,89.7,232,174,10147
2022-10-17,App_A,iOS,T-Mobile,AWS CloudFront,Country,VOD Series,1.63,4.04,1.82,0.61,1.3,1.97,5.6,1.86,4606,26.5,8930,42954,98791,84.2,69.7,51.2,38,61.4,86.5,1.44,74.5,9.5,4.52,3.94,89.5,171,167,13942
2022-10-17,App_B,Apple TV,Airtel,AWS CloudFront,Region,VOD Movies,1.43,3.44,1.97,0.68,1.35,1.71,5.19,1.77,4150,25.3,7447,35648,95661,81.4,67.4,53,32.7,56.2,84.8,1.33,73.8,9.3,4.95,3.77,91,199,177,12143
2022-10-18,App_A,FireTV,Cellular 5G,Cloudflare,Region,Live Sports/Events,1.47,3.54,1.53,0.84,1.21,2.12,5.53,1.76,5313,25.9,8696,41436,104118,82.8,65.2,53.6,36,60.4,85.1,1.28,76.1,9,5.03,3.98,90.8,240,138,13957
2022-10-18,App_B,Apple TV,Jio,Akamai,Metro,VOD Series,1.42,3.98,2.13,0.72,1.18,2.41,5.14,1.69,4731,25,7752,37426,81854,81.7,66.1,50.8,32.7,58.1,86.9,1.48,71.7,9.3,5.46,3.92,89.5,200,182,13201
2022-10-19,App_A,Desktop Web,Cellular 4G,Akamai,Country,VOD Series,1.58,3.48,1.7,0.58,1.31,2.22,5.08,1.49,5015,22.1,8755,42241,102806,83.5,65.7,48.4,38.6,56.4,85.4,1.64,74.8,7.4,5.26,3.83,90,171,156,12526
2022-10-19,App_B,iOS,T-Mobile,Akamai,Metro,FAST linear,1.4,4.03,1.74,0.7,1.26,1.75,4.83,1.73,4180,24.9,7032,33878,75726,83.3,67.4,52.6,34.3,56.8,84.2,1.63,69.3,9.3,5.13,3.66,92.9,200,177,10484
2022-10-20,App_A,Apple TV,Cellular 5G,Cloudflare,Country,VOD Series,1.4,4.01,1.69,0.69,1.02,2.24,5.13,1.83,4730,24,8152,38970,84790,84.3,70.1,54,37.2,60.1,86.1,1.49,72.9,7.7,4.71,3.64,91.5,180,136,10564
2022-10-20,App_B,WebOS,Wi-Fi,Cloudflare,Country,VOD Series,1.35,3.39,1.91,0.73,1.58,2.36,4.54,1.73,4589,22.1,7913,37899,100375,82.3,66,52.6,35.2,59,86.6,1.6,67.2,8,4.57,3.92,92.1,176,136,11184
2022-10-21,App_A,Desktop Web,Wi-Fi,Cloudflare,Region,VOD Movies,1.43,3.27,1.49,0.59,1.37,1.7,5.12,1.69,4976,25.3,8874,42868,98601,85.9,69.6,49,36.1,56.5,89.8,1.43,73,7.2,5,3.88,89.7,180,121,12800
2022-10-21,App_B,Apple TV,Broadband,Fastly,Country,VOD Series,1.75,4.13,1.87,0.86,1.3,1.91,4.56,1.59,3856,22.3,6891,33018,86268,86.3,68.8,49.7,36.3,55.6,86.2,1.2,73.1,7.5,5.05,3.85,93,199,152,11590
2022-10-22,App_A,iOS,Broadband,Fastly,Region,VOD Movies,1.34,3.57,1.85,0.59,1.44,1.65,5.32,1.87,5237,25.8,8165,39515,88039,83.1,65.8,54.2,34.7,56.2,86.2,1.35,69.9,8.7,4.49,3.65,91.8,216,172,11755
2022-10-22,App_B,Android,T-Mobile,Fastly,Region,VOD Movies,1.36,3.37,1.69,0.88,1.11,2.22,5.4,1.93,4242,22,7514,36074,78369,82.9,69.6,50.7,33.8,59.6,87.7,1.4,71.4,9.6,5.29,4.14,91.3,227,174,9584
2022-10-23,App_A,Desktop Web,Comcast Xfinity,Cloudflare,Region,VOD Movies,1.48,3.1,1.59,0.63,1.02,1.64,5.84,1.56,5055,23.5,8859,42287,99565,81.7,67.4,52.4,35.1,61.2,89,1.41,75.1,8.6,4.83,3.67,92.1,221,171,12726
2022-10-23,App_B,iOS,Verizon,AWS CloudFront,Country,VOD Movies,1.78,3.51,1.44,0.66,1.08,1.85,5.53,1.7,4749,22.7,7480,36193,82643,83.4,64.9,48.6,37.2,53.3,85.6,1.68,67.1,8.8,4.61,3.51,90.3,210,173,13158
2022-10-24,App_A,iOS,Airtel,Fastly,Region,VOD Movies,1.26,3.05,1.39,0.69,1.11,1.72,5.66,1.98,4356,25.5,8043,38585,91637,84.9,70.4,52.3,37.1,58,88.2,1.29,74.2,7.5,5.19,4.03,91.4,229,142,9864
2022-10-24,App_B,Android,Broadband,Akamai,Region,Live Sports/Events,1.48,3.28,1.54,0.69,1.27,1.76,5.46,1.86,4655,24.1,7303,34897,75675,85.1,68,50.3,34.5,59.2,89.5,1.74,67.8,9.5,5.27,3.77,92.5,234,174,11238
2022-10-25,App_A,Android,Verizon,AWS CloudFront,Metro,Live Sports/Events,1.6,3.66,1.61,0.69,1.48,1.78,5.36,1.76,4832,23,9140,43734,104574,85.9,66.5,48.3,37,57.6,89.5,1.51,75.2,9.3,4.55,3.85,91.3,237,161,12903
2022-10-25,App_B,iOS,Broadband,Cloudflare,Metro,Live Sports/Events,1.78,4.26,1.8,0.6,1.09,2.13,5.55,1.66,4689,25.4,7103,34026,82644,82.2,66.6,49.5,34.7,59.3,90,1.42,68.5,9,5.08,4.12,91.5,202,138,12426
2022-10-26,App_A,Tizen,Airtel,AWS CloudFront,Country,VOD Movies,1.39,4.06,1.39,0.83,1.14,2.16,4.64,1.48,5049,26.2,8199,39366,103930,85.6,65.3,50.2,37.1,58.8,88.2,1.49,69.5,9.4,4.15,4.17,89.8,189,156,12112
2022-10-26,App_B,WebOS,Comcast Xfinity,Akamai,Region,Live Sports/Events,1.41,3.92,2.11,0.69,1.06,2.28,5.27,1.8,3701,23.2,7869,37987,100269,87.3,70,54.5,35.8,56.4,87.7,1.59,71,8.9,4.97,3.53,90.4,205,182,13543
2022-10-27,App_A,FireTV,T-Mobile,Cloudflare,Country,VOD Series,1.56,4.08,1.77,0.56,1.16,1.58,5.67,1.43,5439,25.2,8690,41546,88314,81.2,66.9,49.8,34.1,57.9,86.8,1.29,69.6,8.8,4.33,3.8,92.8,196,130,15632
2022-10-27,App_B,Android TV,Verizon,Fastly,Metro,VOD Movies,1.51,3.64,1.7,0.82,1.11,2.1,4.87,2.06,4069,22.4,7248,34973,90469,82.2,64.6,53.4,33.6,54.6,88.2,1.49,71.1,7.8,4.88,3.67,91.3,194,141,12679
2022-10-28,App_A,Apple TV,Jio,Fastly,Country,VOD Series,1.56,3.94,2.03,0.71,1.4,2.26,5.61,1.83,5363,22.8,7984,38556,84945,86.1,65.8,51.9,38.9,56.3,88.6,1.29,76,7.8,4.49,4.22,91.5,202,127,11133
2022-10-28,App_B,Android TV,Wi-Fi,AWS CloudFront,Country,FAST linear,1.35,3.78,2.05,0.7,1.4,1.91,4.72,1.81,3730,22.7,7633,36933,97349,84.7,70.1,49.9,35.6,58.7,87.9,1.53,71.1,7.5,4.6,3.7,91.7,234,171,12563
2022-10-29,App_A,Apple TV,Cellular 4G,AWS CloudFront,Metro,FAST linear,1.37,3.79,1.89,0.74,1.22,2.34,4.74,1.52,5123,25.2,9088,43984,117259,86.4,65.6,51.2,35.5,56.2,90.2,1.48,75.2,7.3,4.95,3.56,92.8,222,152,12236
2022-10-29,App_B,Tizen,Jio,Akamai,Country,FAST linear,1.59,3.9,1.92,0.64,1.32,2.17,5,1.61,4116,21.3,7828,37730,89213,82.7,64.5,48.8,33.9,58,87.7,1.51,67.7,9.2,4.5,3.97,91.1,234,164,11208
2022-10-30,App_A,iOS,Comcast Xfinity,Akamai,Region,VOD Movies,1.53,3.24,1.83,0.82,1.05,2.3,4.94,1.66,4693,22.4,8652,41305,107124,83.1,65.3,49.8,35.4,56.9,85.6,1.24,75.9,8.3,4.75,3.87,91.8,190,155,14442
2022-10-30,App_B,Android,Cellular 4G,AWS CloudFront,Country,FAST linear,1.43,3.96,1.64,0.63,1.06,2.18,5.38,1.63,4565,24.8,7002,33305,83560,86.3,69.1,49.2,34.6,57,88.2,1.46,69.6,8.8,4.43,3.68,90.4,208,165,11869
2022-10-31,App_A,Android,AT&T,Fastly,Region,VOD Series,1.48,3.27,1.78,0.66,1.08,1.8,5.22,1.44,4435,23,8208,39066,85590,87.3,64.4,52.2,38.7,61.8,83.6,1.32,71.2,7.2,4.48,3.67,92.4,174,165,9909
2022-10-31,App_B,Apple TV,Airtel,Fastly,Country,Live Sports/Events,1.6,3.77,1.85,0.7,1.53,2.09,5.47,2.04,4529,23.1,7366,35361,74303,84.8,69.8,53.5,34.2,57.3,85.9,1.38,73.9,9.4,4.66,4.14,92.3,201,151,12961
2022-11-01,App_A,FireTV,Wi-Fi,Akamai,Metro,VOD Movies,1.48,3.29,2.02,0.57,1.31,2.25,4.96,1.75,4301,26.2,8432,40171,96568,83.1,69.4,52.8,35.1,55.7,85.7,1.63,74.9,7.5,4.59,3.55,90.7,209,124,13812
2022-11-01,App_B,iOS,Broadband,AWS CloudFront,Country,VOD Series,1.66,4.29,1.55,0.82,1.18,1.97,5.36,1.51,4050,21.6,7779,37689,97756,84,67.1,53.5,37.7,59.8,89.3,1.19,69.4,8.1,5.03,3.45,90.7,228,176,13023
2022-11-02,App_A,iOS,Jio,AWS CloudFront,Metro,Live Sports/Events,1.31,3.32,1.93,0.72,1.23,2.21,5.41,1.45,4480,22.9,8752,41785,92238,87.5,67.4,52.1,38.6,56,90.3,1.31,72.6,7.8,5.2,3.7,92.9,207,160,13096
2022-11-02,App_B,Android TV,Wi-Fi,Cloudflare,Country,VOD Movies,1.4,4.29,2.03,0.64,1.39,2.15,4.82,2.04,4165,22.8,7030,33400,84453,87.5,70.2,49.9,34.5,56.9,90.3,1.75,74,8.6,4.95,3.84,90.1,190,139,9861
2022-11-03,App_A,WebOS,Comcast Xfinity,AWS CloudFront,Region,Live Sports/Events,1.67,3.07,1.41,0.72,1.03,2.34,5.17,1.62,5427,22,9266,44227,109363,84.3,64.7,53.7,35.2,56.8,90.3,1.61,71.5,8.2,4.52,4.32,92.5,183,151,13909
2022-11-03,App_B,Android TV,T-Mobile,Akamai,Metro,VOD Movies,1.73,3.68,1.79,0.8,1.07,2.18,4.75,1.63,4353,23.4,7484,35677,92398,82.4,68.3,52.7,35.2,56.3,90.4,1.45,68.2,9.2,5.52,3.64,91.4,232,133,9960
2022-11-04,App_A,Apple TV,Airtel,AWS CloudFront,Country,VOD Movies,1.68,3.33,1.81,0.79,1.26,2.22,5.47,1.51,4470,24.4,9175,44437,91870,85.7,70.4,49.7,38.5,61.8,85,1.12,72.6,8.2,4.57,3.79,92.8,215,144,12894
2022-11-04,App_B,Android,Broadband,Akamai,Region,VOD Movies,1.57,3.25,1.81,0.61,1.07,2.26,5.44,2.04,3554,24.7,7744,37162,89589,81.1,64.7,52.7,36.1,58.6,88.1,1.3,72.9,8.8,4.74,4,91,240,149,12162
2022-11-05,App_A,Desktop Web,T-Mobile,Akamai,Metro,Live Sports/Events,1.56,3.24,1.73,0.83,1.42,2.2,5.67,1.36,4356,26,8078,38691,99426,86.6,65.7,51.5,36.7,58.4,84.1,1.66,75.4,8,4.83,3.66,89.7,236,169,11003
2022-11-05,App_B,iOS,T-Mobile,Cloudflare,Country,VOD Movies,1.65,4.14,1.81,0.84,1.36,1.88,5.43,2.01,4290,22,7143,34158,83415,84,70.5,49.3,35.8,58.8,85.8,1.23,71.2,7.8,5.47,3.5,90.9,194,170,10162
2022-11-06,App_A,Desktop Web,Wi-Fi,Akamai,Region,Live Sports/Events,1.45,3.49,1.59,0.69,1.32,2.05,5.35,1.43,5187,23.7,8534,40820,110633,84.9,66.9,54.2,34.7,59.7,85.2,1.35,73.1,7.1,4.75,3.99,90.3,235,158,14719
2022-11-06,App_B,Android,Cellular 5G,Cloudflare,Region,Live Sports/Events,1.78,3.83,1.93,0.85,1.38,2.34,5.54,1.76,4402,24.9,7008,33566,79289,85.4,67.3,48.8,37.2,54.6,86.6,1.39,69.7,8,4.95,4.06,90.2,229,163,9151
2022-11-07,App_A,Tizen,Comcast Xfinity,Akamai,Metro,FAST linear,1.43,3.3,1.41,0.77,1.16,2.18,5.84,1.85,5349,22.8,8430,40487,94965,81.9,69.7,48.6,36.7,61,90.1,1.5,72.1,7.8,5.15,4.05,90.2,196,140,11188
2022-11-07,App_B,iOS,Comcast Xfinity,Akamai,Region,Live Sports/Events,1.59,3.9,1.82,0.61,1.23,2.25,4.63,2.05,4396,21.5,6810,32649,76663,84.8,68.1,51.8,34.4,55.2,83.9,1.68,67.9,8.8,5.28,3.97,91.8,191,150,8979
2022-11-08,App_A,iOS,Wi-Fi,AWS CloudFront,Country,VOD Movies,1.5,3.4,1.64,0.7,1.25,1.67,4.65,1.4,4874,24.4,8757,41906,93341,87.1,70.9,49.7,36.4,59.2,85,1.65,72.6,8.4,4.44,4.05,91.9,232,170,14391
2022-11-08,App_B,Tizen,Verizon,Akamai,Metro,VOD Series,1.42,3.56,1.51,0.6,1.37,2.24,5.1,1.8,4770,21.1,7647,36777,83981,83.2,66.7,52.3,37.2,59,85.3,1.53,71.7,7.4,5.46,4.08,91.4,235,135,12703
2022-11-09,App_A,iOS,Verizon,Fastly,Region,FAST linear,1.63,3.94,1.44,0.69,1.23,2.05,5.23,1.93,5309,22.8,8416,40581,105078,87.5,69.8,49.1,34.1,59.3,85.7,1.26,73.5,8.6,4.15,3.72,90,166,159,10215
2022-11-09,App_B,FireTV,Broadband,Akamai,Metro,FAST linear,1.59,4.01,1.56,0.64,1.53,2.39,4.71,1.75,4623,25.1,7068,34251,80966,87.1,66.7,52.1,34.9,54.7,83.7,1.37,74.3,7.6,4.8,3.68,92.6,219,147,10072
2022-11-10,App_A,Tizen,Broadband,Akamai,Country,VOD Movies,1.29,3.11,1.38,0.56,1.46,1.87,5.16,1.9,4492,23.2,8389,40489,94690,85.8,65.7,50.2,36.8,60.1,89.8,1.26,76.6,8.4,4.89,3.58,92.1,194,130,11236
2022-11-10,App_B,Apple TV,AT&T,AWS CloudFront,Metro,VOD Series,1.61,3.37,1.97,0.63,1.35,1.74,4.98,1.62,4089,22.4,7011,33738,88018,81.1,70.7,54.2,36.4,56.5,84.5,1.35,69.4,9.1,4.84,4.16,92.3,179,141,10517
2022-11-11,App_A,Android,Cellular 4G,AWS CloudFront,Country,Live Sports/Events,1.36,3.37,1.36,0.64,1.34,1.66,5.04,1.38,4384,25,8749,42341,110646,83.3,69,49,34.8,60.2,88.3,1.62,72.7,9,4.6,3.7,92.4,218,153,14072
2022-11-11,App_B,FireTV,Comcast Xfinity,Cloudflare,Country,FAST linear,1.66,4.16,1.96,0.64,1.48,2.06,5.4,1.54,4597,25,7470,35748,90792,83.5,69.7,52.4,37.1,55,85.5,1.63,70.4,9.6,4.88,3.54,90.4,223,153,10141
2022-11-12,App_A,Tizen,Comcast Xfinity,Akamai,Metro,VOD Series,1.26,3.63,1.35,0.58,1.23,1.58,5.33,1.75,4327,25.9,8788,42189,95993,84.4,69,54.5,36.5,58.7,89.2,1.26,75.9,8.5,5.17,4.32,89.7,221,123,10823
2022-11-12,App_B,Apple TV,Wi-Fi,Akamai,Country,VOD Movies,1.4,4.26,1.69,0.67,1.26,2.14,4.82,1.93,4384,23.5,7028,33866,72793,82.2,66.6,50.9,36.5,55.2,86.5,1.62,73.7,9.1,4.43,3.73,91.9,179,165,11928
2022-11-13,App_A,Desktop Web,Cellular 4G,Akamai,Country,VOD Movies,1.52,3.02,1.53,0.75,1.09,1.84,5.12,1.92,4892,22.6,8292,39890,99698,87.6,65.4,48.5,37.6,56.8,88.6,1.14,76.7,7.9,4.98,4,89.8,206,164,14395
2022-11-13,App_B,iOS,Verizon,Fastly,Metro,FAST linear,1.48,4.1,2.06,0.78,1.54,2.23,4.52,2.05,4674,24.9,7563,36056,94123,83.2,68.2,48.9,37.2,56.7,85.4,1.23,70.3,8.8,4.51,3.46,92.3,243,146,12712
2022-11-14,App_A,Tizen,Comcast Xfinity,Akamai,Metro,VOD Series,1.47,4.05,1.81,0.81,1.28,2.14,5.91,1.82,5029,26.8,8167,39083,85291,85.6,66.6,52.7,38.6,56.1,86.3,1.39,76.3,7,4.35,4.08,91.7,233,122,10489
2022-11-14,App_B,Android,Verizon,AWS CloudFront,Metro,VOD Movies,1.36,3.96,2.06,0.78,1.07,1.91,5.39,1.75,3756,23.1,7782,37354,80295,81.7,68,53.5,34.8,59.6,88.6,1.45,68.1,7.8,5.44,3.89,93,201,153,12449
2022-11-15,App_A,iOS,Broadband,AWS CloudFront,Region,VOD Movies,1.28,3.24,1.83,0.61,1.25,1.86,4.89,1.86,5205,23.5,8538,41027,86360,83.4,67.1,52.4,35.1,56.2,87.9,1.53,74.3,8.7,4.19,4.03,92.1,191,153,14533
2022-11-15,App_B,FireTV,T-Mobile,Cloudflare,Metro,FAST linear,1.35,3.24,2.09,0.86,1.53,1.68,4.73,2.05,3757,24.8,7666,36705,77769,84.4,68.8,48.6,33,54.9,86.4,1.3,72.4,7.8,5.21,4.09,92.1,223,160,10910
2022-11-16,App_A,Apple TV,Broadband,AWS CloudFront,Region,VOD Movies,1.27,3.41,1.91,0.6,1.28,1.97,5.66,1.45,4293,22.8,9029,43145,103431,83,67.6,52.2,36.3,60.7,89.3,1.42,75.5,8.5,4.31,4.11,92.6,205,130,12050
2022-11-16,App_B,WebOS,T-Mobile,Cloudflare,Region,Live Sports/Events,1.69,4.29,2,0.8,1.49,1.91,4.78,1.67,4690,21.9,7428,35993,94454,84.8,68.1,51.2,34,57.3,85.3,1.52,70.8,9.7,5.03,3.87,93,230,129,12115
2022-11-17,App_A,Android TV,Verizon,Fastly,Metro,VOD Movies,1.34,3.53,2.01,0.65,1.46,1.94,4.89,1.47,5258,25.4,8151,38805,85435,83.4,67.8,50.5,36.5,59.6,84.7,1.45,72.8,8.3,5.22,4.3,90.9,230,168,11453
2022-11-17,App_B,Desktop Web,Airtel,Cloudflare,Region,VOD Series,1.68,4.22,1.67,0.68,1.27,2.13,5.64,1.78,4776,24.8,7919,37867,85843,81.8,65.1,49.4,34.7,53.7,84.5,1.74,70.4,8.1,4.93,4.11,92.3,239,169,10596
2022-11-18,App_A,WebOS,Jio,Cloudflare,Country,FAST linear,1.62,3.42,1.71,0.6,1.31,2.26,4.97,1.71,4916,23.2,8211,39737,83627,82.5,68,52.8,35.4,57.2,84.3,1.38,72.8,7.2,5.23,3.92,90.3,223,145,12367
2022-11-18,App_B,Apple TV,Cellular 5G,Akamai,Region,FAST linear,1.45,3.18,1.62,0.68,1.19,1.96,4.57,1.57,4910,22.7,7672,36613,91956,83.7,71.1,48.9,32.9,57.7,89.7,1.5,72,7.5,5.07,3.92,91.3,246,140,10157
2022-11-19,App_A,Desktop Web,Comcast Xfinity,Cloudflare,Region,Live Sports/Events,1.46,3.73,1.42,0.63,1.24,2.07,5.66,1.44,4829,25.7,9105,43926,111896,85.1,70.4,49.5,37.2,56.8,88,1.55,72.8,8.4,4.22,3.85,90.9,228,139,14855
2022-11-19,App_B,WebOS,Verizon,Fastly,Country,FAST linear,1.33,4.15,1.77,0.74,1.29,1.8,5.55,1.63,4131,26,7466,35682,75183,81.2,71.3,49.2,35.5,54.5,89.3,1.34,74.2,8.5,4.49,3.77,91.5,243,130,11781
2022-11-20,App_A,WebOS,T-Mobile,Cloudflare,Country,FAST linear,1.52,3.73,1.63,0.75,1.07,2.21,5.21,1.53,5710,24.8,8436,40336,91464,84.7,68.9,50.2,38,58.3,88.4,1.65,76.7,7.6,4.83,4.27,92.8,196,145,11702
2022-11-20,App_B,FireTV,Comcast Xfinity,AWS CloudFront,Metro,Live Sports/Events,1.59,3.62,1.82,0.87,1.27,1.98,4.93,1.72,4274,24.4,7895,37745,86683,83.7,67.9,50.8,35.9,56.9,87.1,1.72,68,7.7,5.25,3.72,91.3,196,175,10178
2022-11-21,App_A,Android,AT&T,Cloudflare,Region,Live Sports/Events,1.52,3.21,1.78,0.78,1.43,1.87,5.37,1.85,5797,22.4,9079,43398,104338,85.6,68.9,53.1,34.7,58.4,85.1,1.48,71.2,8.3,4.74,4.27,92.9,175,134,15521
2022-11-21,App_B,FireTV,Cellular 4G,Cloudflare,Metro,Live Sports/Events,1.37,3.8,1.64,0.61,1.37,1.66,5.72,2.01,4929,22.5,8101,38545,94462,81.3,65.3,51.8,35,54.6,85.2,1.21,68.3,9.1,4.52,3.77,92.2,176,176,10636
2022-11-22,App_A,iOS,Comcast Xfinity,Fastly,Region,Live Sports/Events,1.4,3.93,1.36,0.58,1.42,2.22,5.67,1.71,5066,27,9444,45687,108768,86.5,67.9,48.7,34.3,58.2,85.8,1.33,70.4,9.3,4.33,3.71,90.7,201,148,12086
2022-11-22,App_B,Tizen,Cellular 4G,AWS CloudFront,Metro,FAST linear,1.55,4.02,2.06,0.86,1.32,1.73,5.08,2.12,4640,25.1,7542,36358,78097,87.7,64.8,49,33.4,57.9,87.7,1.18,67.7,9.2,5.47,3.65,90.1,174,164,9970
2022-11-23,App_A,Android,Broadband,Fastly,Region,FAST linear,1.37,4.05,1.58,0.71,1.16,1.96,5.07,1.7,4411,24.8,9424,45175,107508,81.1,71.1,49.9,36.5,56.5,89.2,1.19,77,7.8,5.17,3.78,89.5,218,168,11398
2022-11-23,App_B,FireTV,Airtel,AWS CloudFront,Region,VOD Series,1.51,3.36,1.82,0.74,1.34,1.9,5.36,2.08,4721,25.5,7472,35789,85164,86.8,69.9,52.5,37.9,54.8,84.6,1.73,71.1,7.4,5.53,4.14,93,201,133,9282
2022-11-24,App_A,Desktop Web,T-Mobile,AWS CloudFront,Metro,VOD Series,1.35,3.43,1.99,0.82,0.99,1.64,4.75,1.39,4987,27.1,9168,44347,107631,86.4,69.1,50.3,37.4,55.7,86.6,1.25,71.9,7.1,4.95,3.92,92.1,171,140,13927
2022-11-24,App_B,Tizen,Cellular 4G,Akamai,Region,FAST linear,1.61,3.18,1.84,0.8,1.18,2.36,5.25,1.78,3864,21.7,7384,35421,83709,82,65.9,49.4,34.6,60,83.8,1.46,74.2,9,5.48,3.8,90.9,250,176,13076
2022-11-25,App_A,Apple TV,T-Mobile,Fastly,Region,Live Sports/Events,1.35,3.02,1.44,0.83,1.04,1.61,4.95,1.99,5146,26,8726,41629,90622,87.3,69.4,53.2,36.5,59.5,87.9,1.58,74.3,7.4,4.9,4.03,90.5,173,171,14465
2022-11-25,App_B,Apple TV,Comcast Xfinity,Cloudflare,Country,VOD Movies,1.65,3.45,1.8,0.87,1.23,2.34,4.63,1.96,4768,23.4,7158,34680,82399,84.6,68.5,48.9,33.5,58.9,89.1,1.41,74.4,7.8,4.94,3.93,90.9,198,170,11479
2022-11-26,App_A,Android,Broadband,Cloudflare,Metro,VOD Movies,1.34,3.86,1.86,0.8,1.31,1.87,4.74,1.55,4530,25.1,9225,44315,108754,82.5,67.6,50.5,37.5,57.8,88.8,1.16,69.8,8.8,4.84,4.27,90.4,219,171,11507
2022-11-26,App_B,FireTV,T-Mobile,Cloudflare,Region,VOD Movies,1.49,3.5,1.92,0.71,1.08,2.47,5.58,1.91,4912,25.2,8202,39003,97566,86.1,70.1,53.5,35.3,56.4,85.4,1.49,68.5,9.8,4.56,3.82,90.5,218,152,10531
2022-11-27,App_A,FireTV,Broadband,AWS CloudFront,Metro,VOD Series,1.53,3.4,1.55,0.6,1.22,1.73,4.81,1.81,4889,27.7,9496,45321,95859,85.7,68.3,51.1,35.5,57.2,85.9,1.49,71.5,7.4,4.4,3.73,92.7,214,123,13621
2022-11-27,App_B,Apple TV,T-Mobile,Akamai,Country,FAST linear,1.47,3.8,1.61,0.68,1.17,1.88,5.26,1.55,4062,25.3,7829,37550,82416,86.5,65.3,50.7,37.4,56.8,90.6,1.71,72.6,7.8,4.65,4.08,89.7,247,146,13907
2022-11-28,App_A,WebOS,Verizon,Cloudflare,Country,VOD Movies,1.6,3.59,1.36,0.67,1.05,1.72,5.59,1.43,4715,26.4,9639,46586,117771,85.5,71.2,51.3,36.6,56.6,86.5,1.33,72.7,9.1,4.28,3.92,91.3,229,163,15615
2022-11-28,App_B,WebOS,Cellular 5G,Fastly,Country,VOD Movies,1.67,4.27,1.5,0.79,1.16,2.44,5.41,1.93,4251,22.5,7751,36895,99803,86.7,68.4,54.3,33.7,59.6,88.1,1.66,67.8,8.5,4.57,4.02,92.1,208,164,9574
2022-11-29,App_A,Apple TV,Airtel,Fastly,Region,Live Sports/Events,1.33,3.86,1.95,0.67,1.41,1.93,5.11,1.91,5953,25.7,9742,47167,120888,83.9,66,49.1,36.9,61.2,84.6,1.51,74.6,8.5,4.17,3.95,90.6,166,141,11873
2022-11-29,App_B,Desktop Web,Wi-Fi,Akamai,Country,VOD Series,1.76,3.78,1.52,0.86,1.05,2.31,5.65,1.79,4260,24,7423,35427,94731,85.7,64.8,53.9,37.1,56,89.5,1.45,74,7.5,5.38,4.09,92.3,199,153,11561
2022-11-30,App_A,FireTV,Verizon,Fastly,Country,FAST linear,1.27,3.87,1.56,0.56,0.98,2.26,5.45,1.75,4755,23,9191,44282,101302,86.6,71,54,34.3,55.5,89.7,1.27,76.5,9.2,4.84,4.02,90.6,226,143,14193
2022-11-30,App_B,Android TV,Cellular 4G,Fastly,Country,VOD Series,1.64,3.99,1.94,0.84,1.18,1.9,4.99,1.74,4620,23.6,7673,36694,88883,84.1,64.7,49.9,37,53.6,90.2,1.66,72.1,9.5,4.73,3.71,90.1,235,141,13214
2022-12-01,App_A,WebOS,Verizon,Cloudflare,Country,FAST linear,1.39,4.03,1.87,0.78,1.27,1.99,5.89,1.95,5382,26.9,9185,43676,104880,85,67.4,52.3,37.8,59.9,84.1,1.51,76.4,7.4,4.29,3.96,91.1,193,134,13342
2022-12-01,App_B,FireTV,Broadband,Fastly,Metro,FAST linear,1.59,3.61,1.89,0.66,1.16,2.02,5.24,1.73,4836,25.7,7737,36858,96884,87.4,67.6,54.5,36.9,54.5,87.2,1.18,71.5,9.4,4.59,4.18,90.7,217,165,13400
2022-12-02,App_A,Tizen,Jio,Cloudflare,Country,Live Sports/Events,1.48,3.81,1.5,0.63,1.33,1.57,5.76,1.6,4765,28.1,9334,44927,106349,81.5,65.6,52.3,36.6,58.9,87.9,1.42,74,9.1,5.07,4.17,89.6,199,122,16276
2022-12-02,App_B,iOS,Cellular 5G,Cloudflare,Country,Live Sports/Events,1.52,3.89,1.58,0.61,1.33,2.23,4.56,1.53,4582,22.4,8330,40297,100794,82.5,71.3,54.2,35.5,57.6,88.1,1.23,67.6,9.5,4.7,4.13,92.2,211,141,11118
2022-12-03,App_A,Tizen,Broadband,Akamai,Region,FAST linear,1.61,3.08,1.82,0.71,1.41,2.02,5.75,1.6,5117,26.8,8726,41611,106888,86.5,65.7,53.3,38.1,58.4,85.7,1.6,75.6,7.1,4.15,4.14,89.7,165,150,12940
2022-12-03,App_B,Desktop Web,Airtel,Fastly,Metro,Live Sports/Events,1.45,3.68,1.57,0.88,1.09,2.3,4.95,1.65,5031,23.8,8066,38477,100827,83.5,69.4,53.6,33.4,60.1,88.8,1.25,74.6,8.1,4.86,3.98,89.7,237,167,14101
2022-12-04,App_A,Android TV,Cellular 4G,AWS CloudFront,Metro,Live Sports/Events,1.59,3.62,1.91,0.64,1.41,1.66,5.64,1.5,5534,24.2,9764,47195,111440,83.6,68.8,53.9,36.2,56.9,87.4,1.51,74.7,8,4.87,4.12,92,193,158,14722
2022-12-04,App_B,iOS,Comcast Xfinity,Akamai,Metro,FAST linear,1.59,3.18,1.47,0.59,1.17,2.08,4.89,2.01,4391,23.9,7319,35355,89203,85.8,71.3,49.9,36.7,56.4,89.4,1.4,68.5,8.7,4.35,4.12,92,198,127,8979
2022-12-05,App_A,WebOS,Broadband,Fastly,Country,VOD Movies,1.59,3.87,1.97,0.71,1.04,2.02,5.18,1.53,5968,24,9877,47773,100829,82.6,67.6,54.4,34.6,61.1,87.3,1.56,75.7,9.2,5.22,4.26,92.8,233,120,14202
2022-12-05,App_B,Tizen,Airtel,Cloudflare,Region,Live Sports/Events,1.57,3.59,2.07,0.79,1.29,2.46,5.1,1.76,3876,24.7,8137,39377,92697,87.4,66.6,50,34.2,55.1,89.9,1.46,70,8.9,5.44,3.72,90.1,185,167,10715
2022-12-06,App_A,Desktop Web,Comcast Xfinity,AWS CloudFront,Region,Live Sports/Events,1.43,3.35,1.38,0.56,1.42,1.58,5.36,1.48,5967,26.4,8653,41599,87281,87.2,70.9,53.6,34.6,56.9,89.8,1.16,71.1,8.1,4.57,3.77,92.2,213,150,14626
2022-12-06,App_B,Tizen,T-Mobile,Cloudflare,Country,Live Sports/Events,1.63,4.27,2.05,0.65,1.53,2.31,4.61,1.65,3895,27.5,7546,36357,80034,84.3,65.3,53.7,33.6,59.7,84.2,1.26,68.5,9,5.03,4.11,92.6,200,175,13507
2022-12-07,App_A,Android TV,Broadband,AWS CloudFront,Metro,VOD Movies,1.53,3.91,1.59,0.58,1.37,1.56,4.94,1.45,5671,27.3,9337,44851,116290,84.2,68.6,50.9,34.7,61.8,84.8,1.17,72.6,9.1,5.13,4,93,195,150,15592
2022-12-07,App_B,Tizen,Cellular 4G,Fastly,Region,Live Sports/Events,1.69,3.82,1.79,0.83,1.2,1.98,4.66,2.08,4866,23.9,7522,35785,79254,84.1,67.2,52.5,37,58.4,89.7,1.43,68.5,8.3,4.4,4.18,89.6,175,157,11672
2022-12-08,App_A,iOS,Verizon,Cloudflare,Region,VOD Series,1.57,3.87,2,0.61,1.04,2.02,5.9,1.55,6008,24.9,9373,45040,94308,84.1,68.5,52.4,36.2,60.4,87.2,1.48,73.1,9.1,4.45,4.37,90.6,196,121,15594
2022-12-08,App_B,iOS,Jio,Cloudflare,Region,FAST linear,1.66,4.11,1.8,0.82,1.22,2.22,4.62,1.74,3900,26.1,8217,39414,94155,85.6,70.4,53.8,38,56.5,87.8,1.45,69.4,8,4.87,3.79,91.2,194,129,12535
2022-12-09,App_A,Desktop Web,Jio,Fastly,Country,Live Sports/Events,1.27,3.58,1.58,0.71,1.43,1.58,4.94,1.56,5543,25.1,9935,48032,113463,81.5,64.7,50,37.3,55.9,84.9,1.21,72,7.2,5.15,3.8,90.9,207,124,13270
2022-12-09,App_B,iOS,Airtel,Akamai,Metro,VOD Series,1.48,4.04,1.82,0.76,1.21,2.39,5.72,1.44,5167,26.9,8288,39779,90990,84.9,64.8,53.9,37.2,54.2,86.6,1.69,69.3,8.8,5.51,3.79,91.9,213,144,14866
2022-12-10,App_A,Tizen,T-Mobile,Cloudflare,Country,Live Sports/Events,1.42,3.7,1.54,0.77,1.38,1.65,5.88,1.98,5719,26.3,8853,42611,100391,87.1,66.3,53.4,36.5,55.7,84,1.15,73.8,7.6,5.21,4.19,90.2,177,146,13406
2022-12-10,App_B,Android TV,Broadband,Fastly,Metro,VOD Series,1.62,3.85,2.11,0.8,1.33,2.12,5.21,1.89,4369,27.4,7932,38192,97246,86.1,70.3,54.1,37.4,54.5,87.8,1.18,70.7,7.4,4.65,3.99,91.1,213,126,11762
2022-12-11,App_A,Android TV,Cellular 5G,Akamai,Metro,VOD Series,1.29,3.98,1.66,0.72,1.04,2.17,5.52,1.76,4764,25.2,9560,45485,119154,86.6,64.8,54.9,34.5,59.6,90.4,1.64,74.5,6.9,4.67,3.67,90.8,168,131,13301
2022-12-11,App_B,Apple TV,AT&T,AWS CloudFront,Country,Live Sports/Events,1.46,4.12,1.48,0.72,1.47,2.22,4.77,1.79,4547,27.9,8617,41538,92231,87.5,65.5,50,36.7,54.3,88.7,1.48,71.4,9.4,5.02,3.99,92.6,233,160,14125
2022-12-12,App_A,Apple TV,Broadband,Akamai,Country,Live Sports/Events,1.58,3.08,1.88,0.71,1.46,1.8,5.14,1.83,4673,25.3,9295,44301,106764,83.8,66.4,50,38.7,59.3,88.6,1.11,72.4,7.6,4.86,3.98,93.2,187,132,15469
2022-12-12,App_B,iOS,Verizon,Fastly,Metro,Live Sports/Events,1.6,3.45,1.43,0.59,1.17,2.41,5.27,2,5240,27.2,7973,38465,89412,85.8,70.4,49.7,33.8,58.8,84.1,1.66,72.8,9.6,4.96,3.61,91.9,234,164,13925
2022-12-13,App_A,iOS,Airtel,Cloudflare,Region,FAST linear,1.56,3.34,1.54,0.66,1.02,1.6,5.84,1.81,5204,27.1,10034,48246,118156,86.7,69,48.8,36.7,59,88.7,1.46,76,9.1,4.36,4.05,92.7,205,126,15930
2022-12-13,App_B,Android,AT&T,AWS CloudFront,Metro,VOD Movies,1.37,4.26,2.04,0.7,1.52,2.31,5.1,1.61,4296,24.6,7746,37420,82978,86.3,64.8,54.5,37.9,57.8,90.4,1.34,70,8.4,4.98,3.6,93,179,125,12157
2022-12-14,App_A,Desktop Web,Cellular 5G,Cloudflare,Country,VOD Series,1.44,3.95,1.67,0.64,1.36,1.62,5.61,1.99,5064,26.9,9546,45661,109730,86.3,68.4,51.8,36.9,56.5,88.6,1.22,76.5,8.8,4.54,3.78,90.3,232,141,16658
2022-12-14,App_B,WebOS,T-Mobile,Akamai,Metro,VOD Series,1.42,3.23,1.7,0.71,1.41,1.98,4.79,1.51,5358,26.7,8144,38772,83948,87.3,65.4,49.9,36.3,58.7,90,1.28,73.3,9.4,5.08,3.63,91,191,169,11549
2022-12-15,App_A,Android TV,Comcast Xfinity,Fastly,Metro,VOD Movies,1.35,3.62,1.71,0.7,1.11,2.09,4.99,1.75,6010,24.9,9985,47661,104273,81.6,68.7,49.9,37.6,55.4,84.4,1.52,72.1,9.3,5.11,3.63,93.2,197,129,13846
2022-12-15,App_B,FireTV,Jio,Cloudflare,Metro,VOD Series,1.33,3.57,1.48,0.78,1.3,1.66,5,1.93,4931,23.9,7622,36412,90209,82.6,66.6,54.2,37.6,58.9,84,1.63,70.9,7.5,4.43,4.27,91.2,224,141,12832
2022-12-16,App_A,iOS,Verizon,Fastly,Region,Live Sports/Events,1.39,4.03,1.63,0.78,1.19,1.59,5.75,1.79,4736,25.8,9214,44614,115102,87.9,71.1,49.8,34.4,61.7,90.8,1.16,72.8,8,4.32,4.13,92.6,165,149,13239
2022-12-16,App_B,Android TV,Wi-Fi,AWS CloudFront,Metro,Live Sports/Events,1.57,3.86,2.03,0.62,1.15,1.81,4.64,1.54,4488,26.7,8376,40182,103062,84.5,65.4,49.2,36,53.8,89.7,1.5,73.3,8,4.59,3.62,91.3,209,137,13574
2022-12-17,App_A,iOS,T-Mobile,Akamai,Metro,Live Sports/Events,1.36,3.92,1.41,0.74,1.38,2.31,4.91,1.92,4865,26.6,9692,46886,105906,87.5,71.2,51.2,37.7,61.4,84.3,1.4,70.8,7.2,4.86,3.67,90.1,165,139,13894
2022-12-17,App_B,FireTV,Broadband,Fastly,Country,FAST linear,1.45,3.94,1.48,0.7,1.39,1.72,4.89,1.86,4166,24.4,8171,39170,91460,86.2,68.9,51.6,35.1,56.9,87.1,1.33,69.9,7.8,4.8,4.25,92.2,240,146,13106
2022-12-18,App_A,FireTV,AT&T,Akamai,Region,Live Sports/Events,1.59,3.65,1.91,0.78,1.37,1.92,4.9,1.5,5798,25.9,10403,50008,128520,82.7,70.1,50.1,36.2,60.2,84.2,1.31,72.3,8.2,4.28,3.7,92.6,235,167,17804
2022-12-18,App_B,Apple TV,Wi-Fi,Cloudflare,Country,VOD Series,1.56,3.69,1.62,0.65,1.51,1.84,4.79,1.97,5333,28,8044,38795,93319,83.2,68.2,49.6,34,55.4,84.7,1.69,73.8,8.5,5.39,4.11,90.8,238,129,11779
2022-12-19,App_A,Android TV,Cellular 5G,Cloudflare,Region,Live Sports/Events,1.54,3.87,1.57,0.8,0.99,2.02,4.78,1.98,5620,27.6,10344,49294,127995,87,70.1,54.5,39.4,56.1,89.8,1.48,71.2,7.4,4.14,3.9,89.9,188,163,17004
2022-12-19,App_B,Android TV,T-Mobile,Akamai,Country,VOD Movies,1.38,3.5,2.03,0.8,1.39,2.38,4.94,2.01,5439,29.2,8441,40910,86349,83.2,70.3,52.6,36.9,59.5,90.7,1.35,74.2,9.8,5.21,4.18,90.9,207,157,11990
2022-12-20,App_A,WebOS,AT&T,Fastly,Country,FAST linear,1.44,3.3,1.95,0.79,0.98,2.08,5.29,1.96,5142,24.9,10591,50587,126551,85.3,65.7,54.9,38.5,57.3,88.5,1.28,77.3,6.9,4.24,4.3,93.2,221,166,13899
2022-12-20,App_B,iOS,Jio,Cloudflare,Metro,Live Sports/Events,1.54,3.33,1.85,0.81,1.26,2.32,4.82,1.41,4596,25,8955,43171,90862,84.3,65,53.2,36.7,57,85.3,1.63,70.7,9.3,5.37,4.06,90.6,203,177,15214
2022-12-21,App_A,Android,Cellular 4G,Fastly,Metro,VOD Series,1.41,3.56,1.81,0.67,1.03,2.23,5.71,1.83,6193,26.5,10564,50308,136124,84.1,71.1,49,38.5,58.6,84.6,1.38,71.1,8.5,4.75,3.79,92.9,220,149,14758
2022-12-21,App_B,Android,Comcast Xfinity,Fastly,Country,Live Sports/Events,1.54,3.58,1.56,0.84,1.11,2.45,5.21,1.52,4745,29.3,8752,41953,91815,83,69.6,49.5,37,56.7,87,1.55,73.3,9.5,4.35,3.96,91.6,246,130,14911
2022-12-22,App_A,iOS,Verizon,Akamai,Country,Live Sports/Events,1.32,3.14,1.92,0.7,1.36,1.78,5.12,1.43,5995,27.9,10468,49823,123967,81.9,67.5,51,36,59.8,85.6,1.41,73.7,8.7,4.43,4.33,92.7,181,120,15312
2022-12-22,App_B,WebOS,AT&T,AWS CloudFront,Country,VOD Movies,1.59,4.02,1.89,0.82,1.5,1.92,5.29,1.41,4343,25.1,7891,37580,80699,82.1,66.9,52.4,37.5,57.5,89.1,1.45,73.8,7.3,4.61,4.15,89.7,235,176,10239
2022-12-23,App_A,FireTV,Cellular 5G,Fastly,Region,FAST linear,1.67,3.68,1.91,0.65,1,2.15,4.8,1.66,5768,26.5,9749,46734,112171,81.4,69.7,54.3,36.1,58.6,86.9,1.38,72.6,7.7,4.87,3.66,93.2,198,131,13328
2022-12-23,App_B,Android TV,Broadband,Akamai,Metro,FAST linear,1.44,3.24,1.43,0.8,1.5,1.71,5.25,1.97,5392,24.9,8753,42405,100068,83.3,67.8,50.7,35.5,60.1,86.6,1.4,74.4,8.4,5.26,4.14,91.2,184,146,11654
2022-12-24,App_A,WebOS,Airtel,Akamai,Country,VOD Movies,1.43,3.47,1.5,0.61,1,1.56,5.44,1.75,6462,28.5,9499,45394,101289,84.3,68.1,51.5,37.6,59.8,89.6,1.53,74.2,7.7,4.35,4.42,93.2,180,156,11600
2022-12-24,App_B,Android TV,T-Mobile,Akamai,Region,VOD Series,1.34,3.59,1.67,0.72,1.24,1.69,4.75,1.62,4454,25.4,8537,41089,85851,87.7,68.5,53.4,37.5,58.3,90.8,1.32,73.6,8.6,4.93,4.14,91,238,162,11092
2022-12-25,App_A,iOS,Cellular 5G,AWS CloudFront,Country,Live Sports/Events,1.28,3.17,1.68,0.72,1,1.62,4.81,1.97,5689,25.7,9708,46395,104147,87.1,69.4,50.1,37.6,58.2,85.1,1.21,71.6,7.1,4.74,3.8,92.7,170,142,13840
2022-12-25,App_B,WebOS,Airtel,AWS CloudFront,Country,FAST linear,1.56,3.45,1.42,0.68,1.18,1.66,5.3,1.65,5079,28.3,8634,41866,101142,81.9,65.2,54.8,35.2,58.3,89.9,1.36,70.9,7.6,5.09,3.55,91.1,211,171,12582
2022-12-26,App_A,FireTV,Comcast Xfinity,AWS CloudFront,Country,Live Sports/Events,1.52,3.11,1.38,0.82,1.34,1.65,5.7,1.34,6158,26.9,9862,47618,99137,86.8,70.8,51.7,39.3,60.4,88.8,1.24,76.6,9,4.99,4.42,92.6,182,150,16569
2022-12-26,App_B,Android TV,Cellular 4G,AWS CloudFront,Metro,Live Sports/Events,1.6,3.98,1.53,0.73,1.24,1.85,5.42,1.56,5001,28.7,9279,44674,120235,87.5,67.9,51.6,34.1,54.1,87.2,1.64,68.5,9.7,5.24,3.69,91.3,182,135,16449
2022-12-27,App_A,Android TV,Jio,Akamai,Region,VOD Movies,1.41,3.05,1.9,0.78,1.28,1.58,5.67,1.65,6055,30.8,10669,50749,120916,83.2,69.1,50.6,37.9,59.6,85.5,1.38,74.4,7.5,4.6,4.09,92.9,205,156,17044
2022-12-27,App_B,Apple TV,Airtel,Fastly,Metro,Live Sports/Events,1.48,3.62,1.54,0.86,1.44,2.08,5.3,1.71,5174,27.7,8446,40411,103597,87.6,67.7,49.3,35.9,56,89,1.72,72.8,7.8,4.57,3.92,90.1,235,130,12427
2022-12-28,App_A,Tizen,Jio,Cloudflare,Metro,VOD Movies,1.61,3.42,1.4,0.81,1.41,1.91,5.07,1.88,6474,29.2,11101,53229,114336,82.6,65.3,49.6,36.1,59.9,90.1,1.27,71,7.8,4.42,4.43,92,198,131,14875
2022-12-28,App_B,Tizen,Airtel,Cloudflare,Country,VOD Series,1.5,3.3,1.86,0.76,1.05,1.73,4.66,1.51,5464,26.8,8654,41714,102494,83.7,71.2,52.6,34.4,54.9,90.6,1.32,68.2,9,4.86,3.71,90.7,203,174,12670
2022-12-29,App_A,iOS,Cellular 4G,Fastly,Region,VOD Movies,1.54,3.13,1.66,0.74,1.37,1.78,4.9,1.88,5298,28.5,10117,48699,107743,82.6,66.4,52.2,38.4,60.3,84.3,1.14,73.9,7.9,4.92,4.31,90.5,220,120,18029
2022-12-29,App_B,Tizen,Jio,Cloudflare,Country,VOD Series,1.64,4.07,1.65,0.63,1.07,1.93,5.12,2,4955,25.6,8851,42513,102227,83.5,69.4,54.6,35.5,60.1,86.5,1.43,74.4,7.5,5.1,3.95,92.7,229,141,13053
2022-12-30,App_A,Desktop Web,Cellular 4G,Akamai,Metro,VOD Movies,1.54,3.45,1.84,0.75,1.04,1.56,5.98,1.85,5741,29.9,11000,52387,122152,86.8,66.8,52.4,36.5,56.9,90.6,1.36,72,7.3,4.47,3.95,92.2,210,146,17526
2022-12-30,App_B,Android TV,Comcast Xfinity,Akamai,Region,VOD Series,1.6,3.2,1.58,0.74,1.05,1.92,5.31,1.44,4350,25.8,8799,41895,101913,85.5,67.1,49.2,37.3,55.9,90.7,1.18,73.3,8.3,4.7,3.85,91.3,215,165,13490
2022-12-31,App_A,FireTV,Broadband,Cloudflare,Region,VOD Series,1.5,3.53,1.62,0.62,1.1,1.65,5.37,1.51,5424,28.9,10542,50858,108982,85.5,69.3,49.9,34.5,62.1,88,1.18,73.1,8.2,5.15,3.91,91.8,224,156,18786
2022-12-31,App_B,Tizen,Wi-Fi,AWS CloudFront,Metro,VOD Series,1.76,4.17,1.43,0.84,1.14,1.82,5.11,1.66,4571,27.5,9454,45401,103592,82.7,68.1,49,37.4,58.7,87.5,1.48,72.6,7.4,4.79,4.13,91.4,205,174,12326
2023-01-01,App_A,WebOS,AT&T,Fastly,Region,VOD Series,1.31,3.59,1.69,0.63,1.07,1.74,5.56,1.79,6553,27.8,11121,53200,125576,81.4,70.8,49.2,34.6,59.6,89.6,1.47,76.7,8.9,4.8,4.13,91.8,209,131,15659
2023-01-01,App_B,WebOS,Verizon,Akamai,Region,VOD Movies,1.37,3.47,1.81,0.86,1.4,1.92,5.39,1.83,5302,26.5,9512,46097,102570,84.1,66.1,54.6,34.3,59.8,87.7,1.52,70.1,9.7,5.12,3.79,90.3,225,145,12275
2023-01-02,App_A,Desktop Web,Broadband,Cloudflare,Country,FAST linear,1.66,2.99,1.85,0.61,1.03,1.62,5.6,1.42,6110,31.1,10162,49218,103819,87.5,71.6,50.2,38.9,61.7,89,1.16,73.9,7.1,4.48,4.35,90.6,166,155,13816
2023-01-02,App_B,iOS,Verizon,Fastly,Country,Live Sports/Events,1.6,3.84,1.52,0.68,1.53,2.01,5.13,1.76,5236,28.1,8273,39451,98771,84.3,71.5,49.1,34.4,57.9,84.3,1.46,71.7,8.9,4.81,3.65,89.7,182,167,10548
2023-01-03,App_A,Tizen,Jio,AWS CloudFront,Metro,Live Sports/Events,1.57,4.02,1.58,0.66,1.13,2,5.08,1.79,5443,29.8,10265,48886,123231,83.8,71.2,50.9,39.4,62.1,85,1.49,74,8.8,4.82,4.25,90.8,179,164,14272
2023-01-03,App_B,Desktop Web,Cellular 5G,AWS CloudFront,Country,Live Sports/Events,1.45,3.5,1.9,0.7,1.32,2.26,5.67,1.67,5516,26.2,9223,44164,111313,83.7,65.2,49.8,35.6,57,90.9,1.62,72.7,8.6,5.38,4.03,92,202,160,14748
2023-01-04,App_A,WebOS,Airtel,Fastly,Metro,Live Sports/Events,1.61,3.7,1.69,0.59,1.21,2.24,5.05,1.47,6601,32,11325,53886,130200,84.2,65.3,54.9,38.7,60.3,87.4,1.22,74.5,7.8,4.58,4.31,91.4,190,134,16970
2023-01-04,App_B,Android TV,Broadband,Fastly,Country,FAST linear,1.39,3.25,1.48,0.84,1.14,1.81,5.3,1.53,5046,28,9081,43502,111568,83.1,67.6,51.1,34.2,54.1,85.2,1.73,72.8,7.8,5.38,3.8,90.7,224,170,16009
2023-01-05,App_A,WebOS,Comcast Xfinity,Fastly,Metro,FAST linear,1.25,3.28,1.84,0.65,1.43,1.83,5.27,1.37,6464,31.3,10181,48427,113777,82.2,67.7,52.9,37.6,57.3,90.9,1.28,75.1,6.9,4.74,4.3,91.4,220,147,15931
2023-01-05,App_B,Apple TV,Jio,Akamai,Metro,Live Sports/Events,1.59,3.22,1.4,0.77,1.47,1.8,4.65,1.56,5328,30.3,8687,42121,108433,87.5,68.6,49.2,38,58.5,84.1,1.2,68.3,9.4,5.03,3.58,90.4,235,153,15572
2023-01-06,App_A,Android TV,AT&T,Cloudflare,Country,Live Sports/Events,1.59,3.87,1.83,0.59,1.32,1.83,5.3,1.67,6528,28.5,10878,52720,125753,84.5,69.2,49.8,37.1,60.4,86.2,1.5,73.3,8.2,4.89,3.78,90.1,212,129,16755
2023-01-06,App_B,Android,Verizon,Cloudflare,Region,VOD Movies,1.61,3.45,1.87,0.81,1.17,2.26,4.59,1.41,5337,28.3,8826,41978,89454,87.1,67.3,48.9,35.3,60,85.4,1.35,69,8,4.92,3.55,92.7,220,135,11632
2023-01-07,App_A,WebOS,T-Mobile,AWS CloudFront,Region,Live Sports/Events,1.53,3.26,1.55,0.62,1.44,2.27,5.17,1.46,6147,29.1,10844,51836,130212,84.3,65.1,49.7,36.5,61.9,88.3,1.62,76.8,7.3,4.79,4.02,91.9,171,158,13986
2023-01-07,App_B,Tizen,Broadband,AWS CloudFront,Metro,Live Sports/Events,1.32,3.67,1.76,0.71,1.16,1.96,4.84,1.97,4823,26.5,9179,43738,106086,87.6,69.7,51.7,37,54.4,86.8,1.45,73.4,9.4,4.92,4.18,92.7,197,166,13046
2023-01-08,App_A,Android,AT&T,Cloudflare,Metro,VOD Movies,1.53,3.59,1.81,0.76,1,2.24,5.91,1.55,5266,28.3,10342,50071,124456,81.5,67.6,51.2,38.4,59,87.9,1.5,75.1,7.2,4.77,3.91,91.6,165,125,14871
2023-01-08,App_B,Desktop Web,Cellular 4G,Cloudflare,Region,VOD Movies,1.72,4.15,1.4,0.79,1.4,2.23,4.72,1.62,5185,27.5,9340,44933,115689,81.5,68.9,54.5,34.2,56.2,86.6,1.65,68.3,7.4,4.59,3.9,92,185,155,15130
2023-01-09,App_A,FireTV,Cellular 4G,Cloudflare,Metro,Live Sports/Events,1.35,3.88,1.96,0.8,1.23,1.84,5.98,1.77,5926,30.9,11495,55335,142207,83.1,65.8,52.2,39.5,56.5,86.8,1.47,71.5,7.9,4.92,3.98,91.4,218,156,15019
2023-01-09,App_B,Android TV,Broadband,Cloudflare,Region,Live Sports/Events,1.64,4.23,1.77,0.7,1.27,2.41,5.36,1.65,5048,29.7,9196,43916,112981,83.9,65.3,49.2,36.8,57,88.6,1.38,72.3,9.3,4.5,4.29,91.1,219,175,12110
2023-01-10,App_A,Android TV,Cellular 5G,Akamai,Country,VOD Movies,1.63,3.37,1.58,0.6,1.03,2.26,5.62,1.47,7036,32.1,10602,50533,117560,85.7,65.3,50.9,38.1,57.1,84.9,1.28,72.6,7.1,4.82,3.86,91.6,216,125,16251
2023-01-10,App_B,Android TV,Wi-Fi,AWS CloudFront,Country,VOD Movies,1.44,3.96,1.81,0.65,1.2,1.98,5.03,1.42,4571,27.5,9866,47019,114996,84.4,68.4,52.1,35.8,59.7,84.6,1.52,71.7,8.4,5.41,4.02,91.4,221,176,14279
2023-01-11,App_A,FireTV,T-Mobile,AWS CloudFront,Country,Live Sports/Events,1.4,3.28,1.98,0.81,1.03,2.3,5.52,1.45,5309,31.3,10584,50785,136818,87.4,66.9,53.2,35.6,57.4,90.4,1.49,75.4,7.8,4.95,4.27,91.6,224,154,15926
2023-01-11,App_B,Android TV,Verizon,AWS CloudFront,Metro,VOD Series,1.69,4.07,1.66,0.62,1.5,1.95,5.24,1.42,5680,28.5,8661,41415,98694,82.5,65.9,53.5,35.9,58.2,90.8,1.6,70.6,9.5,5.14,3.67,93.1,240,146,11030
2023-01-12,App_A,Apple TV,Airtel,Cloudflare,Region,VOD Series,1.29,3.88,1.33,0.74,1.23,1.86,5.71,1.59,6756,30,11866,56761,123412,84.6,70,53,37.9,56.7,86.9,1.43,76.2,7.7,4.43,4.33,91.9,185,153,21060
2023-01-12,App_B,Apple TV,Comcast Xfinity,Cloudflare,Region,FAST linear,1.37,3.97,1.52,0.82,1.4,1.91,5.15,1.4,5731,28.9,8625,41353,108681,81.4,65.7,50.7,34.1,56.8,86.8,1.58,72.3,7.3,4.32,4.09,93.2,238,152,14008
2023-01-13,App_A,Desktop Web,T-Mobile,Cloudflare,Metro,FAST linear,1.59,3.3,1.94,0.65,1.37,2.08,5.77,1.41,6540,31.5,11023,52517,111266,86.4,71.4,50.4,35.2,56,88,1.2,74.3,7.1,4.3,3.79,91,223,132,15668
2023-01-13,App_B,WebOS,Cellular 5G,AWS CloudFront,Metro,VOD Movies,1.63,3.83,1.71,0.79,1.4,1.75,5.8,1.67,4585,29.6,10152,48567,108807,82.2,70.6,51.9,37.6,55.1,90.8,1.61,72.8,8.7,4.86,3.76,93.2,238,145,17733
2023-01-14,App_A,WebOS,Cellular 5G,Akamai,Metro,VOD Movies,1.65,3.85,1.93,0.75,1.39,2.13,5.17,1.59,5691,32.6,11361,54567,124688,83.4,68.3,52.3,36.9,57.8,85.1,1.45,72.2,8.2,5.1,3.87,90.6,186,144,16790
2023-01-14,App_B,Apple TV,Airtel,Akamai,Metro,VOD Series,1.5,3.23,1.43,0.67,1.34,2.43,5.06,1.5,4880,31.9,9007,43028,115663,82.4,66.5,49.6,37.8,58.2,84.3,1.26,71,8.2,4.81,3.64,90.1,179,139,10808
2023-01-15,App_A,Android TV,Jio,Akamai,Region,FAST linear,1.62,3,1.53,0.65,1.21,1.93,5.6,1.54,6967,32,10494,49915,115740,88,70.3,52.1,36,58.7,85.3,1.21,71.7,9,4.41,4.05,93.3,172,160,14019
2023-01-15,App_B,Android TV,Cellular 4G,Fastly,Region,VOD Series,1.65,3.77,1.67,0.86,1.36,2.38,5.29,1.47,4820,27.6,9043,43063,98218,85.2,71,54,37,58.4,89.1,1.42,75.2,7.6,5,3.8,91.5,222,153,11958
2023-01-16,App_A,iOS,AT&T,Akamai,Metro,VOD Movies,1.53,3.01,1.95,0.57,1.26,1.64,5.56,1.34,7021,32.8,11298,54553,140812,84,69.9,50.4,37.3,57.4,88.5,1.25,71.6,8.9,4.12,4.47,91.2,232,122,16338
2023-01-16,App_B,Android TV,Cellular 4G,Cloudflare,Country,FAST linear,1.55,3.44,1.45,0.74,1.37,1.91,5.78,1.92,6018,27.4,9769,46458,98238,84.9,67.9,53,38,55.6,86,1.47,74.5,8,4.52,3.66,90.7,219,160,16542
2023-01-17,App_A,FireTV,Wi-Fi,Fastly,Region,VOD Series,1.24,3.57,1.68,0.7,1.23,2.29,5.74,1.51,6614,28.7,11428,55033,129956,86.2,67.8,50.7,36.7,57.1,86.3,1.41,70.9,7.4,4.99,4.45,93,162,151,15450
2023-01-17,App_B,Desktop Web,Cellular 4G,Akamai,Country,FAST linear,1.5,3.49,1.9,0.74,1.1,2.02,4.62,1.65,5680,27.9,9778,46833,101987,82.3,68.6,50.6,33.9,55.5,89.5,1.45,71.1,9,4.91,4.01,90,232,154,17032
2023-01-18,App_A,Apple TV,Jio,Akamai,Country,VOD Series,1.57,3.65,1.54,0.74,1.44,2.18,4.94,1.55,5537,32,10631,51547,137173,82.5,71.1,49.3,36.7,61.4,90.6,1.24,73.1,7.2,4.69,3.72,90.2,196,167,13457
2023-01-18,App_B,Tizen,Wi-Fi,Cloudflare,Metro,FAST linear,1.71,3.26,2.01,0.71,1.16,2.02,5.73,1.48,5574,29.9,8986,43473,113608,87.7,68.9,53.8,34.3,54.6,89.4,1.17,69.2,9.6,4.5,4.17,92.1,218,142,13893
2023-01-19,App_A,Desktop Web,Airtel,Fastly,Metro,Live Sports/Events,1.49,3.86,1.49,0.58,1.41,1.54,5.28,1.74,5965,28.7,10529,50675,120672,85.2,67.4,53.4,35,57.5,87.9,1.35,76.8,6.9,4.74,3.71,90.9,218,122,15854
2023-01-19,App_B,WebOS,Cellular 4G,AWS CloudFront,Metro,VOD Series,1.43,3.87,1.42,0.85,1.07,2.4,4.7,1.41,5675,33.3,10063,48691,121906,84.9,71.6,53.5,34.8,57.1,89.8,1.19,70.4,7.5,4.84,3.9,93.1,196,124,12921
2023-01-20,App_A,FireTV,Cellular 5G,Akamai,Region,FAST linear,1.52,3.08,1.39,0.8,1.42,1.69,4.78,1.42,6956,30.9,11432,54880,129916,82.3,67.1,52.8,39.5,61.6,84.5,1.56,77,7.1,4.19,4.21,92.9,176,149,19155
2023-01-20,App_B,Tizen,Cellular 4G,Cloudflare,Country,VOD Movies,1.65,3.6,2.02,0.7,1.18,2.41,5.53,1.53,5282,33.2,9639,45940,109633,81.6,66.9,52,38.1,54,88.9,1.6,70.6,8.7,4.3,3.57,90.5,199,147,13193
2023-01-21,App_A,Desktop Web,Broadband,Akamai,Country,Live Sports/Events,1.41,3.46,1.4,0.78,1.15,1.61,5.99,1.49,6150,33.4,11460,54971,120147,84.1,69.5,49.2,35.6,56.3,89.9,1.47,71.7,8.1,4.96,4.04,91.5,230,132,14838
2023-01-21,App_B,Desktop Web,Cellular 5G,Akamai,Metro,VOD Series,1.61,4.14,1.46,0.72,1.14,2.36,4.71,2.07,4908,31,9167,44207,96447,84,67.7,50.1,36.3,56.4,87.2,1.27,70.3,8.4,4.92,4.14,90.9,241,126,16121
2023-01-22,App_A,Apple TV,Cellular 4G,AWS CloudFront,Region,FAST linear,1.62,2.99,1.61,0.8,1.34,1.75,5.33,1.55,5897,33.8,11063,53456,116231,84.3,66,49.5,38.6,62.1,84.6,1.18,75.6,7.9,4.44,4.37,93.4,194,131,17116
2023-01-22,App_B,Tizen,Wi-Fi,Fastly,Country,VOD Movies,1.52,4.12,1.76,0.59,1.3,2.24,5.34,1.5,5240,28.5,9678,46728,122623,84.7,66.1,54,36.4,56.9,89,1.4,72,7.5,4.69,3.66,92.5,204,158,16241
2023-01-23,App_A,Apple TV,Cellular 4G,Fastly,Metro,VOD Movies,1.57,3.01,1.81,0.7,1.25,2.01,4.88,1.61,7045,30.6,12178,58782,143691,84.9,70.9,52.5,35.8,58.4,85.1,1.6,76.3,8.4,4.51,4.46,90.5,175,131,18574
2023-01-23,App_B,Tizen,Cellular 5G,AWS CloudFront,Region,VOD Movies,1.37,3.64,1.87,0.65,1.33,2.41,5.55,1.93,4983,33.7,9873,46979,123090,82.6,69.5,51.4,37,57.1,85.5,1.27,70.4,8.7,4.72,3.63,90.2,182,159,16946
2023-01-24,App_A,Desktop Web,Cellular 4G,Akamai,Region,FAST linear,1.58,3.01,1.93,0.6,1.24,2.06,5.23,1.54,6114,29.5,10703,51158,136411,84.7,71.4,52.6,35.1,57.9,90.5,1.1,75.1,8,4.15,3.68,90.8,163,152,14591
2023-01-24,App_B,Android TV,Comcast Xfinity,Fastly,Country,VOD Movies,1.71,3.39,1.64,0.72,1.36,2.15,4.76,1.84,5313,33.7,10437,50343,111864,82.9,71,49.9,36.1,59.4,85.6,1.2,73.9,8.6,4.61,3.93,91.6,233,125,13097
2023-01-25,App_A,Tizen,Verizon,AWS CloudFront,Region,Live Sports/Events,1.63,3.66,1.42,0.7,1.25,2.04,5.39,1.9,5870,34.3,11709,56349,140699,85.6,65.8,51.1,36.7,62.5,90.6,1.29,76.5,8.6,4.41,3.81,91.1,180,151,19257
2023-01-25,App_B,WebOS,Broadband,Akamai,Metro,VOD Movies,1.36,3.95,2.04,0.85,1.09,1.66,4.9,1.65,5747,28.3,9166,44192,109204,83.8,69.2,50.3,36,57.7,86.4,1.6,68.4,8.6,5.4,4.14,90.1,225,146,15411
2023-01-26,App_A,WebOS,Verizon,AWS CloudFront,Region,Live Sports/Events,1.5,3.75,1.51,0.79,1.14,2.08,5.45,1.33,7443,30.1,10946,52523,138354,87.7,66.8,49.6,38.5,61.1,90.4,1.43,70.3,8.8,5.08,3.75,93.2,164,126,17195
2023-01-26,App_B,Android,AT&T,AWS CloudFront,Country,FAST linear,1.29,3.36,1.47,0.63,1.48,2.18,4.77,1.96,6330,29.5,9229,43896,98755,81.9,65.7,50.4,37.1,60.5,84.5,1.43,74.2,7.8,4.32,3.82,90.3,201,160,12701
2023-01-27,App_A,Android,Broadband,Cloudflare,Region,Live Sports/Events,1.43,2.99,1.72,0.61,0.97,1.8,4.76,1.93,6001,33.6,11131,53188,140531,82.6,71.6,53.1,35.8,60.8,90.7,1.61,76.1,9,4.11,4.48,90.3,231,143,19726
2023-01-27,App_B,FireTV,Wi-Fi,AWS CloudFront,Region,VOD Series,1.65,3.29,1.62,0.63,1.15,2.31,5.81,1.69,5459,29.1,10074,48073,111139,86.9,69.9,52.4,33.9,59.7,87,1.15,71.9,7.9,4.99,4.19,92.5,180,133,13636
2023-01-28,App_A,Apple TV,Cellular 5G,Fastly,Country,FAST linear,1.6,3.08,1.39,0.6,1.2,2.12,5.65,1.55,5653,35.1,10797,52103,130415,83.1,67.4,50.3,37.3,60.9,85.9,1.45,71.6,9,4.08,3.89,91.9,172,144,17597
2023-01-28,App_B,FireTV,T-Mobile,AWS CloudFront,Metro,Live Sports/Events,1.72,3.61,1.46,0.67,1.31,1.71,5.68,1.45,5027,30.8,9482,45882,95251,88,66.2,54.6,35.1,55.7,86.5,1.57,69.9,8.8,4.71,4.32,92.1,202,137,16998
2023-01-29,App_A,Desktop Web,Verizon,Akamai,Metro,Live Sports/Events,1.25,3.53,1.42,0.81,1.35,2.18,5.87,1.45,5888,35,11427,54783,140828,87.3,69.7,51.6,34.9,58.6,89.1,1.55,77.7,7.8,4.59,4.23,92.2,226,151,19945
2023-01-29,App_B,Android TV,T-Mobile,Fastly,Country,Live Sports/Events,1.65,3.89,2.03,0.77,1.04,2.08,5,1.87,6202,29,9872,47037,114960,84.5,69.1,52,33.7,60.7,90,1.5,73.7,7.8,4.64,3.62,91.3,178,164,15940
2023-01-30,App_A,WebOS,Cellular 5G,AWS CloudFront,Region,VOD Movies,1.53,3.46,1.7,0.66,1.03,2.27,5.22,1.85,6858,35.2,12038,57613,149698,84.7,71.6,54.1,37.2,56.9,86.6,1.35,74.4,9,4.64,3.73,91.5,200,131,15276
2023-01-30,App_B,Tizen,Cellular 5G,Fastly,Country,VOD Series,1.38,3.89,1.64,0.76,1.13,1.66,5.76,1.71,4853,32.4,9403,45084,115097,87.9,71.7,50.4,36.3,54.4,85.2,1.68,73.1,7.9,4.69,4.36,90.2,179,132,14295
2023-01-31,App_A,iOS,Wi-Fi,Fastly,Country,FAST linear,1.56,3.29,1.94,0.58,1.06,1.83,5.08,1.78,7460,29.7,12463,60232,137238,83.4,66.3,50,35.1,56.5,86.4,1.32,72.1,8.4,4.45,4.36,90.3,223,133,19244
2023-01-31,App_B,Tizen,T-Mobile,AWS CloudFront,Region,VOD Movies,1.46,3.2,1.55,0.78,1.28,2.01,5.76,1.63,6171,33.6,9935,47554,107196,82,66.3,53.1,36.2,57.2,86.6,1.51,72.2,8.4,4.74,3.79,93,203,144,15513
2023-02-01,App_A,Desktop Web,Comcast Xfinity,AWS CloudFront,Region,VOD Movies,1.32,3.3,1.49,0.66,1.18,2.11,6.03,1.57,7487,29.7,12682,60558,162191,87.7,66.4,49.3,39.3,59.4,86,1.51,70.7,8.9,4.08,4.27,90.1,213,155,17505
2023-02-01,App_B,Apple TV,Broadband,Akamai,Region,VOD Movies,1.4,4.15,1.48,0.71,1.43,1.77,4.69,1.44,6228,29.1,10639,50832,113176,87.3,69.4,55,37.1,58.5,90.5,1.7,71.9,9,4.95,4.09,91.2,192,152,17431
2023-02-02,App_A,Tizen,Comcast Xfinity,Fastly,Region,VOD Movies,1.43,3.54,1.89,0.78,1.38,1.84,4.96,1.61,6081,30.9,12479,59632,148875,85.3,71,54,35,60.1,90.3,1.14,72.1,7.6,4.32,4.36,91.9,211,157,15641
2023-02-02,App_B,Android,Cellular 4G,Akamai,Region,Live Sports/Events,1.62,3.63,1.89,0.68,1.39,1.74,5.54,1.46,6056,32.4,9656,46672,125206,85.9,65.4,52.6,38,55.2,91,1.55,75.3,8.1,5.29,4.17,90.3,219,124,12215
2023-02-03,App_A,iOS,Verizon,Cloudflare,Country,Live Sports/Events,1.41,3.54,1.9,0.62,1.31,1.64,5.83,1.86,7136,33.1,12344,59072,140400,84.8,70.2,52.8,35.6,59.2,86.9,1.27,77.7,9.1,4.76,3.73,91.8,163,123,20354
2023-02-03,App_B,Desktop Web,Verizon,Cloudflare,Country,FAST linear,1.67,3.9,1.59,0.79,1.28,2.35,4.88,1.49,5412,30.3,9404,45579,109251,81.9,67.1,49.6,34.3,57.9,86.4,1.4,70.8,8.5,4.47,4.26,92.2,219,142,16474
2023-02-04,App_A,Android TV,Verizon,Akamai,Region,VOD Movies,1.42,3.45,1.57,0.55,1.11,1.76,5.14,1.69,7062,34.1,12395,59127,142031,81.4,69.1,49.9,36.6,57.9,90.7,1.33,72.3,8.3,4.08,3.76,90.1,164,137,15558
2023-02-04,App_B,Android,T-Mobile,Akamai,Metro,VOD Movies,1.33,3.38,1.48,0.71,1.46,1.89,5.14,1.7,5135,31.1,9998,47519,103654,82.1,69.4,53,34.8,57.3,88.5,1.21,74.9,7.7,5,4.27,90.7,224,136,12223
2023-02-05,App_A,Android TV,Jio,Akamai,Region,Live Sports/Events,1.32,3.27,1.44,0.64,1.3,2.04,5.99,1.85,7508,34.7,11193,53427,126705,83.1,69.7,52.1,35.1,58.8,86.2,1.42,71.1,8.4,4.66,3.98,91.5,173,131,13498
2023-02-05,App_B,FireTV,Wi-Fi,Akamai,Region,FAST linear,1.67,3.8,1.71,0.68,1.43,1.64,5.08,1.98,5995,34.8,10659,51329,108342,86.5,69.7,52.7,36.6,55.3,86.1,1.26,68.5,7.7,5.32,4.03,92.5,228,141,13814
2023-02-06,App_A,Desktop Web,Jio,Akamai,Country,FAST linear,1.38,2.99,1.89,0.64,1.07,1.83,5.3,1.89,7478,32.9,11299,54664,120501,86.8,69.6,52.4,37.7,55.9,85,1.59,74.8,9,4.22,4.23,92,170,139,17928
2023-02-06,App_B,Apple TV,Verizon,Cloudflare,Metro,FAST linear,1.72,4.17,1.38,0.6,1.15,2.09,5.06,1.67,6130,33,10730,51043,134023,87.3,70.6,54.9,34.5,60.6,90.1,1.51,73.3,7.6,4.32,4.15,90.1,219,158,13061
2023-02-07,App_A,FireTV,Cellular 4G,Akamai,Country,VOD Movies,1.26,3.59,1.55,0.6,1.2,2.13,5.66,1.95,7211,33.1,12049,57236,150180,86.9,70.2,50.6,36.4,60.7,85.4,1.1,74,8.8,4.14,3.93,90.9,164,142,15982
2023-02-07,App_B,Android,Cellular 5G,Akamai,Country,VOD Movies,1.59,3.89,1.4,0.64,1.28,2.35,5.12,1.66,5846,33.9,9633,46019,111345,87.6,68.1,52.7,38.5,54.4,91,1.19,74.5,7.7,5.11,3.9,90.5,194,153,14266
2023-02-08,App_A,Tizen,Broadband,AWS CloudFront,Country,Live Sports/Events,1.5,3.09,1.42,0.58,1.14,1.71,5.33,1.95,5899,34.4,11524,55558,132158,82.2,67.2,51.4,36.2,59.9,84.7,1.25,76.5,8.2,5.05,4.31,90.6,179,129,17335
2023-02-08,App_B,Tizen,T-Mobile,Cloudflare,Country,VOD Series,1.29,3.31,1.46,0.68,1.17,2.31,4.65,1.39,6316,33.1,10279,49257,127236,86.9,70.8,52.6,34,55.4,91.1,1.42,70.2,8.7,4.43,3.82,92.1,232,156,14617
2023-02-09,App_A,Tizen,Cellular 4G,Akamai,Region,VOD Series,1.22,3.02,1.59,0.63,1.29,2.19,5.65,1.4,6093,34.5,11899,57091,123471,83.4,67.3,53.6,36,57.8,89.5,1.54,71.5,7.4,4.87,4.17,91.2,174,123,17022
2023-02-09,App_B,Apple TV,Comcast Xfinity,AWS CloudFront,Region,VOD Series,1.64,3.96,1.81,0.68,1.16,1.8,5.09,1.56,5413,33.6,10019,47626,101308,84,71.3,49.7,35.2,56.1,87.1,1.47,70,8.4,4.73,3.7,91.5,191,166,17815
2023-02-10,App_A,Tizen,Cellular 5G,AWS CloudFront,Metro,Live Sports/Events,1.36,3.8,1.86,0.74,1.21,1.57,5.47,1.72,7661,32.7,12267,59198,145559,86.8,65.4,54.2,39.8,62.8,85.3,1.43,76.3,7.8,4.21,4.15,91.7,191,132,18326
2023-02-10,App_B,Android TV,Comcast Xfinity,Akamai,Region,VOD Movies,1.56,3.14,1.66,0.73,1.05,2.3,5.32,1.52,6615,35.3,11010,52981,114025,82.9,70.5,54.6,37.5,59.1,88.9,1.37,71.6,8.2,4.58,3.91,91.4,185,146,14967
2023-02-11,App_A,iOS,Jio,Fastly,Metro,FAST linear,1.24,3.41,1.42,0.6,1.29,1.72,4.8,1.83,6528,32,12712,60514,148226,87.7,71.8,51.5,35,60.1,87.3,1.11,76.1,9,4.08,4.1,91.4,223,150,19012
2023-02-11,App_B,WebOS,Wi-Fi,AWS CloudFront,Region,VOD Movies,1.29,3.71,1.56,0.76,1.18,2.33,5.7,1.52,5893,29.7,10282,49291,127101,84.6,68.9,53.4,38.3,59,85.2,1.44,69.3,7.2,4.44,4.05,92.8,194,140,18290
2023-02-12,App_A,Apple TV,AT&T,Fastly,Metro,VOD Movies,1.27,3.91,1.84,0.81,1.33,1.84,5.35,1.65,7615,31.5,12395,59209,127529,87.7,67.9,50.9,35,62.7,87.3,1.47,77.6,9,4.91,3.92,90.9,215,130,21221
2023-02-12,App_B,WebOS,Airtel,Akamai,Country,VOD Series,1.53,3.12,1.91,0.7,1.42,1.89,5.25,2.04,5341,29.9,9816,46745,116638,83.2,67.8,50.6,34.9,57.8,84.7,1.38,69,9.5,5.35,3.89,91.5,206,167,16745
2023-02-13,App_A,Apple TV,Broadband,Akamai,Metro,VOD Series,1.35,3.48,1.62,0.75,1.2,1.66,5.19,1.45,6982,31.7,12295,58906,134933,87.7,67.3,49.9,36,56,89,1.09,70.6,7,4.58,4.53,91.3,198,133,21320
2023-02-13,App_B,Desktop Web,Cellular 5G,Akamai,Region,Live Sports/Events,1.72,3.57,1.42,0.77,1.18,1.76,5.87,1.49,6008,31,9970,48080,115321,86.6,69,49.7,37,55.1,86.7,1.41,72.8,7.5,4.43,4.27,92.6,238,152,13012
2023-02-14,App_A,Tizen,Airtel,AWS CloudFront,Region,VOD Series,1.4,3.89,1.46,0.66,1.12,1.58,4.95,1.35,6001,32.2,11604,55784,136153,86.2,71.2,54.3,37.7,60,86.7,1.46,77.5,8.4,5,4.26,90.7,160,141,13958
2023-02-14,App_B,Android TV,T-Mobile,AWS CloudFront,Region,VOD Series,1.37,3.83,1.77,0.62,1.22,2.24,5.01,1.48,5700,33.3,11041,53341,120950,84.3,68.7,49.6,37.9,54.6,86.9,1.29,73.9,7.3,5.18,4.26,90.6,223,159,17221
2023-02-15,App_A,FireTV,Cellular 4G,Fastly,Metro,VOD Series,1.56,3.15,1.54,0.75,1.4,1.75,5.13,1.49,7672,34.1,12096,58142,121435,87.5,70.9,55.3,36,57.9,89.9,1.44,76.2,7,5.04,4.11,91.4,183,137,15555
2023-02-15,App_B,Tizen,Jio,Cloudflare,Country,FAST linear,1.38,3.34,1.51,0.8,1.21,2.27,4.9,1.66,5577,30.5,9903,47853,127752,87.7,71.4,50.4,38,55,88.9,1.5,71.9,9.1,5.05,3.89,91.4,237,140,14000
2023-02-16,App_A,WebOS,Cellular 4G,Akamai,Metro,VOD Series,1.52,3.54,1.38,0.71,1.16,2.14,5.37,1.4,7500,30.7,12536,59825,142200,86.7,71,51.9,38.6,62.4,90,1.11,72.2,7.8,4.44,4.27,92.2,210,134,17739
2023-02-16,App_B,Apple TV,Comcast Xfinity,Cloudflare,Metro,VOD Series,1.51,3.94,1.84,0.68,1.07,2.09,4.82,1.97,5678,30.1,10193,49231,113665,83.7,68.6,52.8,37.1,60.4,89.2,1.4,72.9,8.2,5.34,3.95,91.8,199,122,16051
2023-02-17,App_A,WebOS,Airtel,Akamai,Country,FAST linear,1.28,3.12,1.47,0.74,1.27,1.9,5.08,1.83,6808,33.5,12237,59057,129731,85.2,67.1,52.5,36.8,61.7,88.9,1.5,70.8,7.3,4.91,4.29,92.2,198,146,16414
2023-02-17,App_B,Android,Verizon,Akamai,Metro,VOD Series,1.6,3.64,1.61,0.67,1.27,1.97,5.16,1.72,5815,34.3,10281,49110,123196,87.3,72,55.4,38.5,57.7,87,1.68,73,8.7,4.31,4.39,91.8,173,139,15947
2023-02-18,App_A,FireTV,Wi-Fi,AWS CloudFront,Metro,FAST linear,1.52,3.27,1.55,0.66,1.23,2.11,5.84,1.7,7551,34.2,13151,63724,157703,88.3,69,50.2,36.4,60.9,89.2,1.61,71.6,8.2,4.54,3.9,90.3,210,158,23520
2023-02-18,App_B,iOS,Jio,Fastly,Country,FAST linear,1.6,3.48,1.97,0.61,1.29,1.96,5.59,2.02,5431,32.9,9636,45800,97828,83.7,71.9,52,34.6,55.2,89,1.61,75.3,8.5,4.93,3.86,91.4,225,155,15495
2023-02-19,App_A,Apple TV,Verizon,Fastly,Region,FAST linear,1.31,3.23,1.44,0.68,1.39,1.97,5.1,1.36,7340,35.1,12465,59377,152594,83.2,66.9,50.9,38.4,56,87.5,1.59,76.3,7.3,4.87,4.28,91.1,179,137,21320
2023-02-19,App_B,Android,T-Mobile,AWS CloudFront,Metro,VOD Movies,1.28,3.99,1.63,0.58,1.43,2.23,5.05,1.43,6344,32.1,10811,51923,109016,85.3,70.5,54.2,37,59.2,87.2,1.14,73.8,7.4,4.48,4.16,91.6,225,152,16152
2023-02-20,App_A,Apple TV,Broadband,AWS CloudFront,Country,FAST linear,1.63,3.43,1.79,0.65,1.34,2.26,5.11,1.91,7408,34,12209,58207,146886,86.4,67.4,52,36.4,57.4,90.4,1.36,75.3,8.2,4.23,4.36,90.2,215,155,16645
2023-02-20,App_B,iOS,Broadband,AWS CloudFront,Metro,VOD Movies,1.41,3.98,1.48,0.82,1.4,2.24,4.96,1.54,5148,32,11241,53731,118070,84.8,65.5,49.7,36.8,57.4,90.9,1.58,70.4,9.5,4.25,3.86,92.3,240,147,19328
2023-02-21,App_A,Android TV,Broadband,AWS CloudFront,Region,VOD Series,1.63,3.86,1.73,0.77,1.19,1.68,5.07,1.75,7728,36.7,13230,63300,152858,83.6,68,53.3,34.9,60.6,86.4,1.41,76.6,7.2,4.94,3.9,90.3,185,132,17632
2023-02-21,App_B,WebOS,Wi-Fi,AWS CloudFront,Metro,VOD Series,1.72,3.39,1.41,0.74,1.15,1.97,5.01,1.86,5305,34.6,10929,52545,129421,85.9,70.8,55.3,35.2,54.6,90.3,1.7,72.9,9.1,4.79,4.22,90.8,209,170,16519
2023-02-22,App_A,Android,Verizon,Cloudflare,Region,FAST linear,1.39,3.24,1.93,0.64,1.42,2.12,5.31,1.33,6590,31.8,11736,56745,145944,85.3,67.8,49.6,38.3,62.4,89,1.51,75.9,7.9,5,4.49,90.6,222,132,18037
2023-02-22,App_B,Android TV,Jio,Akamai,Region,FAST linear,1.63,3.86,1.52,0.63,1.28,2.34,5.4,1.57,5866,32.9,9963,48207,107025,82.8,65.8,50.9,34.2,54.6,91.3,1.6,74.3,7.9,4.64,4.16,92.3,198,144,14349
2023-02-23,App_A,iOS,Cellular 4G,Fastly,Country,VOD Movies,1.3,3.47,1.89,0.55,1.08,2.19,5.86,1.89,7451,30.6,13297,64085,170700,84.2,68.9,50.6,35.4,56.3,85.2,1.35,70.8,9,4.91,4.23,91.6,162,151,21825
2023-02-23,App_B,Tizen,Wi-Fi,Cloudflare,Metro,VOD Series,1.37,3.65,1.59,0.62,1.16,2.39,5.39,1.39,5069,36.2,11244,53951,125219,86.4,69.3,51.9,35.8,55.7,87.7,1.31,69,9,4.3,4.1,91.2,179,131,13770
2023-02-24,App_A,Tizen,Cellular 4G,Akamai,Metro,FAST linear,1.4,3.04,1.45,0.61,1.14,2.15,5.15,1.3,7208,31.9,13204,63735,169757,87.2,66.6,49.5,38.7,60.9,88.2,1.55,74,8.9,4.1,4.05,91.6,211,116,18802
2023-02-24,App_B,iOS,AT&T,AWS CloudFront,Region,Live Sports/Events,1.31,3.38,1.53,0.7,1.32,1.61,5.33,1.64,5941,35.6,10934,52557,127845,87.4,71.9,54.9,38.9,58.4,85,1.19,73,8.4,4.46,4.01,90.4,182,127,17170
2023-02-25,App_A,Android,Cellular 5G,AWS CloudFront,Country,FAST linear,1.5,2.94,1.63,0.73,1.31,2.1,5.63,1.9,7173,36.1,12220,58826,124443,82.3,69.1,53.9,39.1,59.2,90.5,1.29,71.9,7.8,4.95,4.08,93.2,162,137,18417
2023-02-25,App_B,iOS,AT&T,Fastly,Region,Live Sports/Events,1.5,3.7,1.4,0.58,1.24,1.84,5.9,1.51,6296,32.8,10917,52242,114310,86,68.1,51.5,34.5,55.1,86,1.34,74.1,8,4.67,4.31,92.1,226,167,17661
2023-02-26,App_A,FireTV,Broadband,Fastly,Metro,VOD Movies,1.36,3.45,1.52,0.78,1.23,1.85,5.79,1.82,6402,37,12759,61424,163637,86.5,71.8,50.6,38.4,59.6,85.3,1.54,75.7,7.9,4.69,4.28,91.6,180,120,21725
2023-02-26,App_B,FireTV,Jio,Fastly,Metro,VOD Series,1.69,3.61,1.65,0.58,1.42,1.88,5.07,1.88,5950,30.3,11292,54648,117481,83.9,68.3,55.5,34.8,58.3,91.2,1.45,72.9,8.7,4.83,3.77,91.1,236,169,16105
2023-02-27,App_A,Desktop Web,Jio,Akamai,Country,FAST linear,1.61,3.27,1.45,0.62,1.08,2.27,4.82,1.93,6537,35.7,12428,59656,138228,84.8,68.1,52.4,36.9,59.7,90.8,1.45,71.9,7.6,5.07,4.47,93,178,152,14932
2023-02-27,App_B,Android TV,Airtel,AWS CloudFront,Country,VOD Movies,1.51,3.44,1.52,0.82,1.23,2.2,4.94,1.75,5510,34.5,10624,50983,135174,82,66,52.9,34.5,58.8,85.5,1.14,75,9.2,4.93,4.44,91.1,212,168,17302
2023-02-28,App_A,Android,AT&T,Fastly,Region,VOD Movies,1.29,3.95,1.38,0.58,1.29,1.75,5.39,1.93,6540,34.4,11627,55510,142538,84.1,67.5,52.3,35.3,60.6,91.2,1.43,71.9,8.1,4.96,3.93,92.4,200,142,18399
2023-02-28,App_B,WebOS,Airtel,Akamai,Country,VOD Series,1.63,3.91,1.92,0.62,1.04,1.97,5.23,1.62,5733,30.2,9876,47675,121248,84.3,72,52.7,37.3,59.6,85.5,1.64,74.6,9.5,4.71,3.74,90.1,197,133,14513
2023-03-01,App_A,iOS,Wi-Fi,Fastly,Metro,FAST linear,1.59,3.64,1.73,0.58,1.13,2.04,5.81,1.39,6049,31.6,12814,61320,151910,87.6,70.4,49.5,37.2,57.6,89.8,1.09,76.3,8.3,4.47,4.36,91.9,200,127,22580
2023-03-01,App_B,Android,Cellular 5G,Cloudflare,Region,VOD Movies,1.32,3.12,1.62,0.8,1.4,2,4.82,1.74,6582,30.3,11138,53879,122845,87.2,67,55.5,38,57.5,86.9,1.34,69.7,8.8,5.35,4.22,93.5,239,152,18140
2023-03-02,App_A,FireTV,Comcast Xfinity,Akamai,Metro,Live Sports/Events,1.61,3.97,1.31,0.57,1.12,2.06,5.07,1.77,8046,31.1,12786,61210,151048,88.2,72.1,52.3,38.1,62.4,86.1,1.42,74.6,8.8,4.06,3.89,91.6,209,163,21752
2023-03-02,App_B,Android,Cellular 4G,AWS CloudFront,Country,FAST linear,1.34,3.73,1.97,0.68,1.01,1.7,4.68,1.37,5578,34.6,10699,50834,125369,83.3,71,49.3,34.2,59.3,91.2,1.21,70.8,9,5.16,4.23,90,237,134,14827
2023-03-03,App_A,Tizen,Broadband,AWS CloudFront,Metro,VOD Movies,1.42,3.25,1.51,0.64,1.02,1.95,4.91,1.39,6222,37,11480,55342,138822,86.9,66.5,49.8,39.3,56.8,86.9,1.34,73.3,7.7,4.4,4.1,91.3,193,140,15977
2023-03-03,App_B,WebOS,AT&T,AWS CloudFront,Country,VOD Movies,1.38,3.09,2.04,0.79,1.2,1.8,4.71,1.45,6730,35.9,10644,51550,114445,85.4,69.3,51.9,36.5,57.6,86.6,1.34,73.5,8.1,5.24,4.31,92.1,203,150,16856
2023-03-04,App_A,Android,Airtel,Akamai,Region,Live Sports/Events,1.26,3.18,1.36,0.77,1.41,2.03,5.41,1.44,6132,34.2,11934,57636,131958,81.8,67.1,54.7,37,56.7,84.4,1.6,72.2,7.6,4.29,4.45,93.4,180,138,19235
2023-03-04,App_B,Desktop Web,Cellular 5G,Akamai,Region,Live Sports/Events,1.42,4.04,1.9,0.83,1.24,1.68,4.7,1.44,6325,32.1,10993,52776,140975,84,66.6,49.9,35.1,55.5,87.4,1.28,75.7,8.3,4.73,4.39,91.2,236,148,17035
2023-03-05,App_A,Desktop Web,Cellular 5G,Cloudflare,Country,FAST linear,1.46,2.93,1.78,0.72,1.32,2.1,5.03,1.86,6070,36.7,13359,64020,141934,81.9,70.2,50.5,36.2,57,90.8,1.21,71.7,8.9,4.9,4.11,90.1,167,129,20304
2023-03-05,App_B,iOS,Verizon,AWS CloudFront,Region,Live Sports/Events,1.55,3.41,1.57,0.65,1.37,2.14,5.45,1.55,6599,33.4,11172,53963,125810,83,66.3,51.8,34.2,60.6,84.6,1.56,68.8,8.2,5.17,3.66,92.9,202,134,16392
2023-03-06,App_A,Desktop Web,Airtel,Akamai,Metro,Live Sports/Events,1.22,3.34,1.31,0.7,1.41,1.63,6.1,1.76,6832,35.7,12711,60529,158037,84.3,71.3,53.7,39,57,88.2,1.08,72.8,7.7,4.34,3.85,92.1,160,151,18295
2023-03-06,App_B,Android,Comcast Xfinity,Cloudflare,Region,VOD Movies,1.39,3.6,1.6,0.61,1.01,1.95,5.5,2,5908,32.4,10609,50443,114059,88.3,70,55.1,37.1,59,87.2,1.62,75.3,7.4,4.39,4.37,93.5,189,139,13424
2023-03-07,App_A,Tizen,T-Mobile,Cloudflare,Metro,FAST linear,1.62,3.79,1.58,0.55,1.09,1.54,6.03,1.68,5976,31.4,12965,62020,138906,85.4,70,55.1,40,58.4,88.2,1.41,75.9,7.1,4.4,3.98,91.3,227,144,23170
2023-03-07,App_B,Apple TV,T-Mobile,Cloudflare,Region,VOD Movies,1.5,3.86,1.48,0.71,1.37,1.8,5.12,2.03,5432,34.5,10205,48599,106299,84.5,66.8,54.2,37.7,55.8,90.6,1.18,72,8.9,5.26,4.34,91.3,180,125,14479
2023-03-08,App_A,Android TV,Comcast Xfinity,Akamai,Metro,FAST linear,1.26,3.15,1.58,0.77,1.23,1.7,5.19,1.86,7031,32.4,11769,56432,124197,85.9,70.6,51.4,38.3,62.2,85.5,1.57,77.7,7,4.53,4.39,90.8,220,141,15225
2023-03-08,App_B,Apple TV,Jio,AWS CloudFront,Region,Live Sports/Events,1.51,3.79,1.36,0.72,1.4,1.69,5.04,1.59,6410,35.1,11177,54070,118805,87.5,67.4,51.7,35.7,55.4,87.4,1.36,71.5,7.8,4.77,3.72,91.4,167,154,14598
2023-03-09,App_A,WebOS,Airtel,AWS CloudFront,Region,VOD Series,1.4,3.37,1.6,0.61,1.26,1.69,5.6,1.8,6986,31.4,12862,61677,148699,86.4,71.6,54.4,37.3,62.6,85.9,1.09,77.6,6.8,4.66,4.18,92.9,210,134,17359
2023-03-09,App_B,Tizen,T-Mobile,Akamai,Country,VOD Series,1.28,3.62,1.89,0.57,1.03,2.04,5.78,1.65,6451,33.3,9873,47083,112310,83.7,69.8,49.5,37.7,61.1,88.6,1.3,75.5,9.5,5.27,3.68,91.4,181,171,13346
2023-03-10,App_A,FireTV,Cellular 4G,Akamai,Metro,FAST linear,1.63,3.05,1.59,0.73,0.97,2.03,5,1.89,6341,36.5,13222,63116,151111,85.9,68.5,50.9,35.6,56,91.3,1.36,73.9,7.9,4.35,3.98,92.7,212,154,16114
2023-03-10,App_B,Android TV,AT&T,Akamai,Country,VOD Series,1.33,3.11,1.83,0.82,1.22,2.32,5.8,1.48,6180,31.6,10072,48563,115645,83.5,69.1,54.9,36,55.6,88.1,1.65,70.9,7.2,4.91,4.14,92.7,185,146,18123
2023-03-11,App_A,iOS,Broadband,Fastly,Metro,VOD Series,1.34,3.93,1.48,0.63,1.32,2.2,6.08,1.39,6757,36.7,13020,62395,165226,82.9,66.6,54.3,35.9,60.7,84.5,1.51,77.8,7.1,4.39,3.83,92,192,134,17260
2023-03-11,App_B,Android TV,Cellular 5G,Fastly,Region,FAST linear,1.35,3.28,1.81,0.68,1.17,1.73,5.1,1.77,6291,31.5,11044,52582,118175,88.1,71.9,54.3,38.8,58.4,85.3,1.31,72.8,9.2,5.15,3.72,92.7,204,172,13345
2023-03-12,App_A,Tizen,Cellular 4G,Fastly,Region,Live Sports/Events,1.23,3.8,1.93,0.62,1.12,2.19,5.24,1.77,6001,35.3,12690,61309,148614,87.8,65.9,54.9,38.6,58.6,85.6,1.36,74.1,7.6,4.62,4.36,92.9,200,162,16829
2023-03-12,App_B,Apple TV,T-Mobile,Akamai,Country,Live Sports/Events,1.63,4.15,1.93,0.58,1.35,2.22,5.53,1.4,5933,33.5,10476,50300,126018,83,70.1,54.5,36.8,54.6,90.1,1.13,73.6,9.4,4.3,4.18,91.4,171,156,13305
2023-03-13,App_A,FireTV,T-Mobile,Fastly,Region,FAST linear,1.46,3.78,1.82,0.68,1.41,2,4.91,1.48,7984,36.8,13184,63100,151298,82,66.6,54.4,37.7,56.1,90.6,1.4,72.3,7.5,4.95,3.99,91.1,186,128,16388
2023-03-13,App_B,Android TV,Cellular 5G,Cloudflare,Country,VOD Series,1.4,3.76,1.79,0.75,1.2,1.61,5.18,1.5,5911,32.1,9982,47457,126805,82,68.1,50.9,38,59.6,88.6,1.33,73.1,8.4,4.38,3.82,93.4,214,168,16250
2023-03-14,App_A,Tizen,Wi-Fi,Akamai,Country,FAST linear,1.6,3.42,1.79,0.68,1.29,1.91,5.31,1.39,6987,37.2,13097,63198,153366,86.2,70.7,52.3,38.2,61.6,84.5,1.45,73.7,7,4.91,4.14,90.3,200,146,20141
2023-03-14,App_B,iOS,AT&T,Akamai,Country,Live Sports/Events,1.61,3.14,1.75,0.83,1.08,2.34,5.45,1.67,5564,35.5,10385,49518,125859,87.1,68.8,54,35.8,60.4,85.3,1.28,70.7,8.6,5.22,4.44,90.6,223,124,13012
2023-03-15,App_A,Tizen,Jio,Cloudflare,Country,VOD Movies,1.29,3.38,1.53,0.61,1.11,2.15,5.85,1.52,7396,31.5,13139,62443,145595,84.9,69.2,53.6,35.9,56,84.6,1.46,76.4,8.7,4.92,3.77,92.6,207,151,21181
2023-03-15,App_B,FireTV,Jio,AWS CloudFront,Country,VOD Series,1.38,3.43,1.75,0.73,0.99,1.68,5.54,1.37,5334,33,10678,51656,109869,87.2,72.1,54.6,37.4,55.1,85.8,1.66,69,9,5.18,4.26,93.2,169,132,13915
2023-03-16,App_A,WebOS,Airtel,Cloudflare,Region,VOD Series,1.4,2.94,1.37,0.61,1.17,1.97,5.61,1.32,7001,35.7,11734,55765,141802,83,71.3,52.4,38.1,60,89.5,1.43,71.6,6.9,4.17,3.95,91.6,167,136,19228
2023-03-16,App_B,FireTV,T-Mobile,Akamai,Metro,FAST linear,1.46,3.5,1.41,0.58,1.07,2.29,4.93,1.59,5059,33.4,9993,48449,119465,83.3,68.7,50,35.6,54.6,87.5,1.67,74.9,8.3,4.43,4.32,93.5,212,139,13647
2023-03-17,App_A,Tizen,Airtel,Cloudflare,Metro,VOD Series,1.41,3.14,1.32,0.59,1.32,2.04,5.49,1.3,7858,34.3,13107,63298,168536,82.7,71.8,54.2,35.8,62.1,89.9,1.27,77.5,7.3,4.17,4.31,92.8,201,146,20286
2023-03-17,App_B,WebOS,Cellular 4G,Fastly,Country,VOD Series,1.54,3.22,1.88,0.73,1.13,2.09,4.91,1.59,5840,35.3,10059,48278,126563,87.1,70,52.2,36.3,56,90.8,1.63,73.9,8.4,4.29,4.47,91.4,191,131,15173
2023-03-18,App_A,WebOS,Cellular 5G,Fastly,Country,FAST linear,1.37,3.53,1.5,0.62,1.12,1.81,5.04,1.61,7904,31.3,12826,61345,154758,86.4,66.6,53.5,40.1,60.9,90.8,1.41,74.5,7.1,4.92,4.28,90.3,196,122,15502
2023-03-18,App_B,Android,Cellular 4G,Cloudflare,Country,VOD Series,1.53,3.74,1.74,0.8,1.17,1.97,5.86,1.8,6410,36,10990,52990,120389,85.8,70.4,52.2,36.1,55,90.8,1.34,75.4,8,4.79,4.27,90.8,206,161,14982
2023-03-19,App_A,Apple TV,T-Mobile,Fastly,Country,FAST linear,1.3,3.44,1.8,0.7,1.33,1.57,5.58,1.45,6610,36.5,12566,60132,128652,84.5,71.3,55,38.4,60,90.5,1.53,74.2,6.7,4.45,3.93,90.3,218,133,15518
2023-03-19,App_B,iOS,Comcast Xfinity,Akamai,Metro,VOD Series,1.68,3.18,1.48,0.57,1.44,1.73,5.24,1.92,6714,33.3,9653,46735,124832,87.3,69.5,53.6,36.9,56.9,84.4,1.32,69.6,7.2,4.62,4.09,92.9,176,143,12498
2023-03-20,App_A,Desktop Web,Jio,Akamai,Region,Live Sports/Events,1.47,3.53,1.72,0.54,1.36,2.01,5.14,1.56,6432,31.4,12400,59535,145927,81.8,67.6,52.1,35.4,63.1,90.8,1.37,74.4,9,4.98,4.02,90,172,151,18397
2023-03-20,App_B,WebOS,Airtel,Cloudflare,Metro,VOD Series,1.28,3.44,1.91,0.72,1.17,1.83,5.66,1.48,5540,31.5,11209,53246,144468,84.7,71.3,53.1,34.2,60.8,90.7,1.38,71.5,7.3,4.65,3.84,93,228,144,18627
2023-03-21,App_A,iOS,T-Mobile,Cloudflare,Metro,VOD Movies,1.59,3.22,1.61,0.65,1.09,1.88,6.11,1.67,7735,36.5,11906,56836,140475,88.3,71.1,55,36.2,58.5,88.5,1.21,71.1,7.1,4.78,4.42,91,204,153,17168
2023-03-21,App_B,Desktop Web,Comcast Xfinity,Akamai,Metro,VOD Series,1.36,3.42,1.55,0.8,1.31,2.32,5.28,1.7,5495,36.1,10268,49252,124640,87.5,70.9,50.2,34.9,56.7,90.9,1.13,73.6,8.6,4.86,3.91,93,190,123,13236
2023-03-22,App_A,FireTV,Wi-Fi,AWS CloudFront,Country,FAST linear,1.43,3.64,1.38,0.77,1.09,1.67,5.07,1.46,7905,33.5,12069,57441,152110,88.3,69.4,50,35.1,61.7,88.6,1.23,71.9,8.1,4.65,4.16,90.3,201,120,16763
2023-03-22,App_B,iOS,Broadband,AWS CloudFront,Country,Live Sports/Events,1.44,3.77,1.92,0.62,1.21,2.05,4.8,1.85,5229,33.1,9991,47681,100630,87.1,65.6,50.1,38.7,60.7,87.6,1.32,69.5,9.1,4.26,4.28,92.7,219,125,17137
2023-03-23,App_A,FireTV,AT&T,Fastly,Country,VOD Series,1.37,3.43,1.33,0.64,1.29,1.87,4.98,1.4,7874,33.2,12668,61252,130946,83.4,69.7,55.4,37.5,61.5,89.6,1.39,73,6.9,4.66,4,92.9,211,157,18755
2023-03-23,App_B,iOS,T-Mobile,Akamai,Metro,Live Sports/Events,1.62,3.97,1.5,0.78,1.41,1.86,5.09,1.35,6190,31,10598,51328,109844,87.3,70.6,52.3,35.8,58.9,85.9,1.37,70.3,8.8,4.79,4.12,90.5,226,127,17835
2023-03-24,App_A,iOS,Wi-Fi,Fastly,Metro,VOD Movies,1.42,3.41,1.63,0.78,1.15,1.74,5.49,1.78,6848,34.2,12860,61600,150490,85.7,69.5,54.2,39.4,61.4,89.3,1.5,73.7,7.7,4.15,4.62,90.6,174,144,16937
2023-03-24,App_B,FireTV,Wi-Fi,Akamai,Metro,VOD Series,1.34,3.25,1.91,0.82,1.32,2.06,5.15,1.8,5293,33.5,9979,47592,102054,85,70.8,54.1,35.5,61.4,88,1.57,72.2,9.1,5.29,4.03,92,216,172,13881
2023-03-25,App_A,Apple TV,Jio,Cloudflare,Metro,VOD Series,1.26,3.94,1.42,0.59,1.21,1.79,6.08,1.75,6495,34,13000,62052,156947,82,69.6,52.4,37.5,62.7,85,1.31,76.5,6.7,4.54,3.95,90.8,224,151,19195
2023-03-25,App_B,FireTV,Broadband,AWS CloudFront,Country,VOD Series,1.46,3.65,1.67,0.69,1.24,1.7,5.54,1.51,6736,32.2,10824,52065,118930,86.3,70.4,53.2,38,60.6,86.5,1.19,75.1,8.1,5.12,3.87,91,232,162,17974
2023-03-26,App_A,Desktop Web,Wi-Fi,Cloudflare,Metro,FAST linear,1.47,3.12,1.4,0.72,1.33,2.1,5.08,1.89,6744,31.9,11954,57224,127894,87.8,69.3,51.7,40,62.2,85.4,1.21,73.8,6.7,4.86,4.2,91.7,203,149,20718
2023-03-26,App_B,Apple TV,Cellular 5G,Akamai,Region,VOD Movies,1.47,3.55,1.83,0.68,1.26,2.18,5.44,1.68,5078,33.5,9838,47670,114399,87.2,68,50.7,37,55.2,87.2,1.23,69,9.3,4.47,3.9,93.4,218,127,17576
2023-03-27,App_A,Android TV,T-Mobile,Cloudflare,Metro,VOD Movies,1.49,3.19,1.38,0.73,1.04,2.02,5.17,1.55,6636,32.8,11650,55524,134057,82.3,67.6,52,37.7,62.1,86.9,1.31,76.1,7.5,4.63,3.87,92.7,179,150,18245
2023-03-27,App_B,Android,Airtel,Akamai,Country,Live Sports/Events,1.31,4.12,1.55,0.82,1.05,1.82,4.87,1.67,5761,29.7,9759,47041,119783,87.4,68.2,53.9,36,57.9,88.1,1.59,75.5,8.6,5.07,3.99,92.3,200,134,14576
2023-03-28,App_A,Desktop Web,Verizon,Akamai,Country,VOD Movies,1.39,3.06,1.31,0.58,1.4,1.81,6.02,1.7,6842,36.8,11912,56808,139547,87.3,65.9,52,39.4,57.9,85.9,1.2,76,7.9,4.98,4.16,92.5,159,125,15335
2023-03-28,App_B,Apple TV,Wi-Fi,Akamai,Country,VOD Movies,1.66,3.07,1.61,0.62,1.31,2.22,5.18,1.47,5131,34.2,10332,49308,119336,82.7,68.2,52.6,36.9,59.8,89.7,1.55,69.6,8.1,4.47,4.42,92,200,125,17024
2023-03-29,App_A,FireTV,T-Mobile,Cloudflare,Region,FAST linear,1.51,3.01,1.85,0.75,0.99,1.82,5.94,1.66,7730,33.3,11756,56513,134558,83.7,66,50.8,36.3,58.2,90.2,1.41,72.5,8.4,4.43,4.12,90.1,216,116,18011
2023-03-29,App_B,Android,Comcast Xfinity,Fastly,Metro,VOD Movies,1.44,3.41,1.47,0.7,1.06,2.29,5.04,1.82,5133,35.1,10702,50838,128788,82.3,69.2,54.3,37.9,60.5,86.8,1.24,75.9,7.4,4.43,4.01,91.5,169,156,14777
2023-03-30,App_A,WebOS,Airtel,Fastly,Metro,Live Sports/Events,1.22,3.29,1.32,0.57,1.24,1.89,5.03,1.5,7854,30.7,12397,59462,136116,86.3,70.8,53.8,38,57.8,86.6,1.48,73.8,7.2,5.07,4.3,91.3,200,155,20489
2023-03-30,App_B,Android,Verizon,Fastly,Metro,VOD Movies,1.37,4.13,1.68,0.58,1.31,1.77,5.24,1.57,5400,29.6,10618,51069,121883,82.2,72.1,51.4,37.2,57.3,85.3,1.37,73.7,7.6,5.23,4.33,91.9,221,154,16574
2023-03-31,App_A,Android,Cellular 4G,Cloudflare,Metro,FAST linear,1.47,3.61,1.89,0.6,1.23,2.18,5.3,1.28,6301,30.3,11744,56384,133336,83.2,71.5,51.8,40.2,58.9,87.1,1.11,71.2,8.8,4.06,4.05,93,158,140,15385
2023-03-31,App_B,Desktop Web,Airtel,AWS CloudFront,Region,Live Sports/Events,1.28,3.91,1.35,0.57,1.02,1.96,5.3,1.37,5775,30.7,10826,51625,119404,83,71.1,55.3,34.8,60.2,88.6,1.62,73.6,8.6,4.71,4.24,91.1,212,130,18969
2023-04-01,App_A,Apple TV,AT&T,AWS CloudFront,Metro,VOD Series,1.21,3.47,1.49,0.55,1.16,1.72,5,1.37,6486,32.7,12582,60411,143167,82.5,71.1,53.2,39.8,61,88.9,1.36,73.2,7.5,5.01,4.52,93.4,164,154,20679
2023-04-01,App_B,Apple TV,Airtel,AWS CloudFront,Metro,VOD Movies,1.36,3.48,1.86,0.72,1.41,1.86,5.33,1.59,5747,35.5,9478,45362,94800,83.5,69.5,53.3,36.5,56.6,89.7,1.29,68.9,8.5,4.65,4.4,92.5,221,168,13366
2023-04-02,App_A,WebOS,Airtel,Cloudflare,Country,FAST linear,1.29,3.65,1.9,0.78,1.08,1.81,5.56,1.6,5893,30.4,12825,61973,137271,85.5,71.6,51.6,39.9,63.1,85.9,1.24,72.3,7.6,5.03,4.58,91.4,170,144,19829
2023-04-02,App_B,Tizen,Cellular 5G,Cloudflare,Region,VOD Movies,1.26,3.43,1.54,0.83,1.07,1.99,5.86,1.37,6638,31,10137,49058,107751,86.8,65.5,50.7,37.3,61.2,89.4,1.19,71.1,8.6,4.85,4.24,92.4,165,171,12194
2023-04-03,App_A,Android,Cellular 4G,Cloudflare,Metro,FAST linear,1.57,3.52,1.38,0.7,1.39,2.09,6.05,1.88,6519,30,13067,62226,145705,86.8,70,52.8,35.8,59.7,91.2,1.5,78.3,8.1,4.55,4.3,92.5,195,142,19512
2023-04-03,App_B,Android TV,T-Mobile,Cloudflare,Country,FAST linear,1.66,3.78,1.8,0.83,1.25,1.82,4.78,1.74,4960,31.2,9685,46483,98084,81.8,71.2,50.2,38.6,59.9,84.8,1.33,70.6,7.1,4.69,4.08,91.1,166,158,12550
2023-04-04,App_A,Android TV,Airtel,Akamai,Country,FAST linear,1.42,3.94,1.53,0.64,1.14,2.07,5.94,1.51,7371,30.6,11990,57304,140250,85.3,67.7,55.1,37.3,58.5,85.9,1.08,77,7.1,4.26,4.37,91.9,196,122,17345
2023-04-04,App_B,Tizen,Airtel,Cloudflare,Country,VOD Movies,1.39,3.84,1.8,0.8,1,2.21,4.99,2,5835,34.3,10283,49821,112541,87.7,70.8,54,38.4,56.3,89.9,1.24,73.2,9.4,4.42,4.3,91.1,228,135,14195
2023-04-05,App_A,Apple TV,Comcast Xfinity,AWS CloudFront,Metro,VOD Series,1.4,3.36,1.31,0.67,1.29,2.17,6.06,1.82,6535,34.2,12276,58663,147163,83.7,66.9,52.8,35.9,59,88.5,1.51,72.8,8,4.91,4.33,92.1,196,116,16090
2023-04-05,App_B,iOS,T-Mobile,AWS CloudFront,Region,Live Sports/Events,1.4,3.09,1.51,0.76,1.39,2.29,5.96,1.86,6008,32,10960,52221,136134,88.3,66.1,51.1,37.5,59.9,90.2,1.21,72.3,7.8,4.41,4.48,92.3,220,126,17827
2023-04-06,App_A,Desktop Web,Jio,AWS CloudFront,Region,VOD Movies,1.38,3.21,1.63,0.7,1.37,2.03,5.46,1.71,6146,33.2,12886,62367,161794,85.9,68.5,51.1,37.5,56.8,86.3,1.08,71.4,7.2,4.81,4.31,92.1,162,148,16247
2023-04-06,App_B,Apple TV,Comcast Xfinity,Cloudflare,Region,FAST linear,1.64,3.51,1.76,0.61,1.23,1.77,5.74,1.8,6540,29.7,9623,45802,123303,88,67.2,52.4,36,55.8,86.8,1.19,70.6,7.7,4.51,3.95,90.8,227,146,14642
2023-04-07,App_A,Android TV,Cellular 4G,Cloudflare,Region,FAST linear,1.21,3.61,1.42,0.71,1.04,1.55,5.7,1.46,6027,29.8,11188,53744,124980,86,70.6,51.3,39.5,62.2,90.1,1.43,71.9,7.6,4.63,4.37,91.7,180,141,13698
2023-04-07,App_B,Android,AT&T,Akamai,Metro,Live Sports/Events,1.36,3.31,1.67,0.62,1.07,1.65,4.9,1.75,5528,30,10936,52277,140986,83.7,68.7,50.4,35.1,56.7,91.1,1.12,73.5,9.3,5.31,3.71,91.3,181,123,15060
2023-04-08,App_A,WebOS,Verizon,Cloudflare,Region,FAST linear,1.29,3.8,1.65,0.67,1.18,1.89,4.89,1.64,6508,35.7,12281,59152,147511,85.3,71.1,54.9,39.3,59.7,88.5,1.49,77.1,7.4,4.69,4.1,91.2,222,152,16482
2023-04-08,App_B,iOS,Broadband,Fastly,Country,VOD Series,1.44,3.68,1.68,0.63,1.15,1.69,5.34,1.99,4974,32.9,10254,48866,102772,87.6,67.3,53.2,34.7,61.4,86.8,1.52,74.2,7.5,4.31,3.96,93.4,217,130,14729
2023-04-09,App_A,iOS,Broadband,Fastly,Metro,FAST linear,1.42,2.93,1.74,0.79,1.34,2.22,5.98,1.38,7357,31.3,11477,55618,128523,84.3,70.5,50.3,37.3,57.3,87.7,1.27,77.1,9,5.08,4.51,90.1,178,128,17521
2023-04-09,App_B,Android,T-Mobile,Fastly,Metro,VOD Movies,1.31,3.45,1.42,0.63,1.26,1.77,4.95,1.91,5864,31.9,10571,50464,128973,87.3,69.7,50.5,35.3,56.5,91.4,1.35,73.3,9.2,4.36,4.5,91.3,194,136,18599
2023-04-10,App_A,FireTV,Cellular 5G,Akamai,Country,VOD Movies,1.24,3.39,1.37,0.79,1.04,1.51,5.74,1.81,6077,33.8,12681,61205,130348,85.7,67.4,54.9,37.8,59.1,91.4,1.51,72.7,7.5,4.62,4.63,93.6,222,137,18892
2023-04-10,App_B,WebOS,AT&T,Akamai,Region,VOD Series,1.4,3.06,1.97,0.57,1.44,1.76,5.5,1.39,5885,29.2,9906,47202,111528,88.4,68.4,52.1,38.6,55.2,88.1,1.13,75.2,7.6,4.49,4.5,93.2,183,144,13875
2023-04-11,App_A,Android TV,Airtel,Fastly,Country,Live Sports/Events,1.59,3.59,1.83,0.64,1.22,1.63,5.89,1.59,7167,29.8,12462,59818,130152,86,67,51.3,38.6,60,86.1,1.36,76.2,7.8,4.51,4.65,91.7,166,148,22115
2023-04-11,App_B,Android TV,T-Mobile,Fastly,Region,VOD Movies,1.37,4.02,1.98,0.63,1.4,2.31,4.73,1.79,6310,32.1,9617,46483,108253,87.4,70,51.1,35.3,58.7,89.5,1.6,70.5,9.2,5.3,3.88,90.1,193,144,13757
2023-04-12,App_A,Desktop Web,Jio,AWS CloudFront,Region,VOD Series,1.38,3.45,1.61,0.54,1.32,1.87,5.55,1.61,5856,29.6,12807,60990,139168,86.7,71,55,35.2,62,84.7,1.08,76.1,8.3,4.88,4.36,90.8,212,140,17721
2023-04-12,App_B,Android,Wi-Fi,AWS CloudFront,Metro,VOD Movies,1.33,3.37,1.8,0.61,1.01,1.89,5.72,1.7,6551,34.2,9468,45527,104541,87.2,71.2,49.7,34.9,61,90.5,1.22,72.7,8.3,4.75,3.77,93.6,221,140,14836
2023-04-13,App_A,iOS,Broadband,Akamai,Metro,VOD Movies,1.51,3.87,1.72,0.75,1.08,1.74,5.6,1.61,7438,33.2,11144,53851,116194,83.6,70.9,54.8,38.3,57.8,87.7,1.53,72,8.1,4.91,4.09,90.3,195,122,19504
2023-04-13,App_B,FireTV,Cellular 4G,AWS CloudFront,Metro,FAST linear,1.31,4.02,1.63,0.68,1.17,1.84,6,1.57,5648,32.8,9746,46453,104955,85.9,69.4,50.4,37.8,57.7,88.7,1.32,75.9,7.3,4.95,3.9,91.6,198,121,14838
2023-04-14,App_A,Tizen,Cellular 4G,Fastly,Region,Live Sports/Events,1.48,2.95,1.89,0.68,1.02,1.8,5.44,1.72,7467,33.4,11283,54130,116367,87.3,71.5,52.6,38.7,62.2,89.2,1.28,71.4,8.7,4.23,4.18,91.4,180,126,16806
2023-04-14,App_B,Desktop Web,Cellular 4G,Cloudflare,Region,Live Sports/Events,1.31,3.2,1.61,0.63,1.13,1.99,5.27,1.38,6127,30.7,9834,47146,98873,87.1,72.1,54.3,38.3,56.3,85.5,1.54,69.2,8.3,5.16,4.48,92.5,188,136,17069
2023-04-15,App_A,Desktop Web,Comcast Xfinity,Akamai,Region,Live Sports/Events,1.56,3.55,1.63,0.7,0.94,1.83,5.42,1.62,5823,31.6,11053,53288,141428,86.7,66.4,55.2,38.7,57,88.6,1.34,75,7.4,4.32,3.86,93.2,162,141,18302
2023-04-15,App_B,FireTV,Comcast Xfinity,AWS CloudFront,Metro,VOD Series,1.28,3.76,1.7,0.65,1.24,1.85,5.02,1.61,5695,31.8,9526,45842,100984,82.7,65.6,50.1,36.7,58.6,90.9,1.64,70.5,8.1,4.87,3.88,93.6,193,150,12988
2023-04-16,App_A,Tizen,Airtel,AWS CloudFront,Country,FAST linear,1.23,2.93,1.4,0.62,1.27,1.95,5.3,1.34,5738,33.3,12455,59216,137755,86.5,69,53,40.3,56.4,86.9,1.24,75.7,8.7,4.94,4.03,92.2,199,114,21788
2023-04-16,App_B,Android,Cellular 5G,Akamai,Metro,Live Sports/Events,1.61,3.87,1.9,0.8,1.12,2.14,5.8,1.41,5662,31.4,9315,44940,109531,86,68.7,55.1,38.2,56.2,91.3,1.55,69.9,7,4.88,3.96,91,201,153,11239
2023-04-17,App_A,Android TV,AT&T,Fastly,Region,VOD Movies,1.22,3.7,1.64,0.72,1.04,2.22,5.51,1.39,6047,35.2,12281,58983,151844,87.8,66.8,52.5,39.6,62.5,91,1.23,75.4,7.6,4.23,3.83,91.2,224,119,17379
2023-04-17,App_B,iOS,Verizon,Cloudflare,Country,Live Sports/Events,1.5,3.4,1.39,0.58,1.1,2.17,5.29,1.36,4864,34.3,9579,46434,120791,84.5,68.3,54.8,35.3,56.8,89.6,1.21,71.2,8.3,5.01,4.46,91,232,148,15335
2023-04-18,App_A,WebOS,Verizon,Akamai,Country,VOD Series,1.52,3.3,1.66,0.57,1.01,1.97,5.99,1.75,5959,32.9,10935,52226,121726,82.5,68.3,51.4,37.4,58.3,84.7,1.55,78,8.3,4.52,3.93,91.1,177,146,15732
2023-04-18,App_B,Android,AT&T,Fastly,Region,VOD Series,1.42,3.98,1.49,0.64,1.22,2.28,5.88,1.34,5329,32.8,10540,50822,124317,82.6,67.7,49.9,34.9,59.3,87,1.48,69.7,7.3,5.02,4.28,93.4,194,162,15256
2023-04-19,App_A,Android,Cellular 4G,Fastly,Region,VOD Movies,1.28,3.12,1.73,0.76,1.19,1.77,5.82,1.74,6037,34.4,12450,59538,125289,85.1,70.7,50.7,39.5,62.2,87.2,1.47,75.7,8.6,4.28,4.05,92.9,185,156,18164
2023-04-19,App_B,WebOS,Wi-Fi,AWS CloudFront,Country,Live Sports/Events,1.5,3.77,1.35,0.71,1.23,1.97,5.14,1.33,4943,31.3,9856,47067,123312,81.9,69.3,53.4,34.7,60.6,88.2,1.48,76.3,8.1,4.77,4.38,91.1,225,151,17242
2023-04-20,App_A,Apple TV,Comcast Xfinity,Akamai,Metro,FAST linear,1.55,3.6,1.38,0.78,1.01,2.02,5.03,1.5,6232,31.6,10991,52953,132712,85.8,67.4,54.2,38.6,59.8,85.8,1.22,73.9,8.4,4.32,4.17,92.8,217,147,13541
2023-04-20,App_B,FireTV,Wi-Fi,Fastly,Metro,FAST linear,1.45,3.1,1.74,0.55,1.05,2.05,5.61,1.51,5946,29.5,9464,45141,103774,84.2,68.1,55,36.6,55.8,91.5,1.18,69.1,8.7,4.46,4.31,90.2,233,139,15613
2023-04-21,App_A,iOS,Verizon,AWS CloudFront,Region,FAST linear,1.46,3.19,1.49,0.74,1.21,1.63,5.95,1.83,6937,35,11106,52910,127127,86.6,65.7,55.2,39.8,61.9,86.9,1.35,71.5,8.7,4.54,4.04,90.4,184,140,14155
2023-04-21,App_B,Desktop Web,Comcast Xfinity,AWS CloudFront,Country,Live Sports/Events,1.3,3.83,1.65,0.82,1,1.85,4.93,1.78,6325,31.9,10302,49744,129976,86.8,72.4,54.2,37.1,61.8,89.4,1.28,74.1,9.1,4.35,4.05,91.9,228,120,13538
2023-04-22,App_A,FireTV,T-Mobile,Cloudflare,Region,VOD Series,1.55,3.52,1.33,0.71,1.29,1.87,5.01,1.84,6901,29.3,11103,53555,133187,84,70.6,52.6,35.9,59.1,85.4,1.33,77.1,7.6,5.01,4.43,91.8,163,122,19334
2023-04-22,App_B,FireTV,Verizon,Cloudflare,Region,FAST linear,1.32,3.88,1.37,0.61,1.13,2,4.79,1.8,5081,31.4,10401,50259,118753,84.4,66.9,54.5,37.7,56.9,87.1,1.32,73.8,7.5,4.36,4.23,92.8,209,155,12798
2023-04-23,App_A,Tizen,Verizon,Fastly,Region,VOD Movies,1.21,3.3,1.31,0.54,1.24,1.78,4.94,1.86,7455,34.8,12229,58656,132299,82.1,66.9,55.2,35.9,61.7,88.2,1.39,71.1,6.7,4.26,4.17,90.9,204,122,19880
2023-04-23,App_B,Desktop Web,AT&T,Fastly,Country,Live Sports/Events,1.47,4.06,1.37,0.66,1.29,1.79,5.37,1.88,5053,31.7,9620,46371,118418,85.3,71,50.7,34.5,55.9,86.7,1.36,73.6,8,5.09,4.4,92.1,220,151,12451
2023-04-24,App_A,FireTV,T-Mobile,Fastly,Country,VOD Series,1.4,3.23,1.77,0.79,1.14,2.21,6.08,1.78,7017,34.3,12479,59692,139337,83.9,67.2,51.9,39.7,57.3,88.6,1.33,74.3,7.1,4.64,4.04,92.2,189,158,19207
2023-04-24,App_B,WebOS,Broadband,AWS CloudFront,Metro,VOD Movies,1.67,4.08,1.46,0.69,0.98,1.65,4.95,1.98,5321,33.9,9835,47332,105023,85.1,66.9,50.9,37.8,59.6,87.1,1.37,71.6,8.1,4.9,3.86,92.3,193,146,17528
2023-04-25,App_A,Tizen,Verizon,AWS CloudFront,Metro,Live Sports/Events,1.33,3.64,1.76,0.77,1.32,1.74,5.25,1.48,6225,31.5,11684,56392,134168,85.8,72,52.9,40.1,61.6,85.5,1.1,72.1,7.5,4.06,3.93,93.6,185,127,17357
2023-04-25,App_B,Apple TV,Cellular 4G,AWS CloudFront,Region,VOD Series,1.53,3.58,1.89,0.66,0.99,2.27,4.83,1.69,5013,32.1,9813,47158,115018,87.9,67.3,53.2,36.6,56.4,86.1,1.39,74.3,7.6,4.52,3.81,91.9,193,123,17553
2023-04-26,App_A,FireTV,Airtel,AWS CloudFront,Country,Live Sports/Events,1.6,3.37,1.44,0.53,1.22,1.66,5.76,1.44,6230,30.4,11218,53435,141401,84.4,66,51.1,40.6,58.3,87.4,1.57,71.6,6.6,4.7,4.58,92.1,200,115,17499
2023-04-26,App_B,Android TV,Broadband,AWS CloudFront,Region,VOD Series,1.45,3.21,1.65,0.74,1.29,2.15,5.74,1.4,5173,31.1,9133,43807,117451,86.3,71,50.6,36.3,59.9,88.9,1.58,70.3,8.4,4.45,4.26,93,194,149,11414
2023-04-27,App_A,Apple TV,Airtel,AWS CloudFront,Country,VOD Series,1.51,3.56,1.28,0.75,1.13,1.72,4.91,1.58,6630,31.7,11206,53879,113721,83.1,71.5,51.6,37.3,63.2,84.8,1.58,71.9,7.8,4.19,4.53,91.2,221,134,14201
2023-04-27,App_B,Tizen,T-Mobile,Cloudflare,Region,VOD Movies,1.64,3.8,1.73,0.74,1.06,1.81,5.11,1.6,5926,28.9,10073,48129,127816,87.5,68.6,51.4,39.2,58.4,88.5,1.46,71.2,8.8,4.69,4.3,93.7,231,132,15862
2023-04-28,App_A,Android TV,Jio,Cloudflare,Metro,Live Sports/Events,1.56,3.83,1.63,0.63,1.29,1.73,5.31,1.62,7462,31.4,11291,53964,138601,84.6,68,52.4,37.9,60.6,87.4,1.32,73.8,8,4.56,4.26,93.5,161,120,18658
2023-04-28,App_B,Tizen,T-Mobile,Akamai,Country,FAST linear,1.49,3.78,1.73,0.6,1.27,1.8,5.4,1.75,6062,33.4,10251,49707,102805,84.5,69.5,54.5,39.5,55.1,89.4,1.46,74.5,7.2,4.7,3.91,92.5,177,147,15635
2023-04-29,App_A,Apple TV,Verizon,Akamai,Metro,Live Sports/Events,1.26,3.79,1.34,0.67,1.36,1.56,5.62,1.46,5695,32.5,11145,53451,113558,82,72.5,55,40.5,57.8,84.9,1.12,75,7.6,4.19,4.03,90.3,164,147,14321
2023-04-29,App_B,Android,Broadband,Cloudflare,Region,Live Sports/Events,1.49,3.26,1.55,0.79,1.38,2.25,5.41,1.34,4860,33.3,9627,46415,98976,87.6,71.1,53.2,37,61.4,90.4,1.37,69.5,7,4.66,3.99,91.5,169,167,12630
2023-04-30,App_A,Android,Cellular 5G,Akamai,Metro,Live Sports/Events,1.19,3.51,1.58,0.72,1.14,2.02,5.04,1.83,7382,31.9,11864,56953,122092,82.5,68.8,56.1,39.3,61.5,91.6,1.07,71.6,6.8,4.72,4.34,90.2,158,148,20895
2023-04-30,App_B,Android,Wi-Fi,Fastly,Metro,Live Sports/Events,1.61,3.25,1.51,0.82,1.36,1.91,5.36,1.56,5669,29.9,10381,50269,129510,85.3,67.8,53.1,34.7,58.3,84.7,1.64,70.8,8.1,4.39,4.4,90.6,233,136,18250
2023-05-01,App_A,WebOS,T-Mobile,Cloudflare,Country,Live Sports/Events,1.26,3.26,1.53,0.57,1.1,1.79,5.5,1.62,6568,32.1,11746,56232,152547,83.9,70.5,55.7,39.6,62.1,90.7,1.47,75.8,8.9,4.23,3.95,93.6,190,114,21058
2023-05-01,App_B,Apple TV,Verizon,Akamai,Region,VOD Series,1.49,3.63,1.49,0.66,1.27,2.25,5.51,1.96,6277,27.8,10432,49943,123540,82.6,66.1,50.2,36.6,61.4,90.2,1.47,71.4,8.5,4.25,4.09,91,184,120,17120
2023-05-02,App_A,Apple TV,Broadband,AWS CloudFront,Metro,FAST linear,1.46,3.91,1.67,0.53,1.06,1.85,5.48,1.63,6937,30.1,12405,59784,142665,87.7,69.8,53,36,56.4,85.6,1.16,72.2,7.4,5.04,3.86,91.9,220,145,21986
2023-05-02,App_B,FireTV,Cellular 4G,Akamai,Metro,FAST linear,1.58,3.35,1.47,0.55,1.11,1.73,4.93,1.42,6338,28.4,9241,44402,118107,82.3,67.2,55.9,37.1,59.7,91.2,1.49,74.8,8.1,4.87,4.25,93.2,207,128,14907
2023-05-03,App_A,FireTV,Broadband,Cloudflare,Metro,VOD Series,1.36,3.9,1.72,0.59,0.97,2.2,5.56,1.6,7438,30.7,11593,55610,118373,87.6,66.3,54.7,39.7,58.8,88.4,1.36,71.6,6.9,4.87,4.51,91.6,222,122,17368
2023-05-03,App_B,Tizen,Cellular 4G,AWS CloudFront,Metro,Live Sports/Events,1.46,3.77,1.46,0.77,1.27,1.99,5.53,1.83,6141,31.7,9605,45847,107493,84.6,66,51.8,35,58.4,86.1,1.35,71.6,8.5,4.6,4.35,90.4,163,157,15216
2023-05-04,App_A,Apple TV,Cellular 4G,Fastly,Region,Live Sports/Events,1.26,3.22,1.49,0.6,1.35,1.53,5.73,1.71,6350,28.8,11107,53751,120308,88.7,71.7,54.2,40.2,61.3,89.9,1.48,77.1,7.7,4.46,4.06,92.2,165,160,14483
2023-05-04,App_B,Android,AT&T,Fastly,Country,VOD Movies,1.49,3.99,1.75,0.65,1.35,1.74,4.8,1.52,4975,30.4,9469,45411,102351,83.4,66.4,54.2,36.2,61.9,89.5,1.4,72.2,7.6,4.5,4.02,92.6,179,127,12778
2023-05-05,App_A,Tizen,Wi-Fi,AWS CloudFront,Region,FAST linear,1.42,3.24,1.47,0.67,1.2,1.84,5.12,1.43,6170,29.9,12081,58384,144842,83.9,69.8,51,36.7,61.4,90.4,1.11,73.7,8.7,4.53,4.7,93.5,204,122,16343
2023-05-05,App_B,Apple TV,Jio,AWS CloudFront,Metro,VOD Series,1.43,4.04,1.85,0.7,1.38,2.21,5.72,1.33,5356,28.3,9144,43505,118384,83.3,70.7,50.7,35.5,60.1,89.3,1.64,72.5,8.1,4.4,4.08,91.6,191,163,11754
2023-05-06,App_A,Desktop Web,Verizon,Cloudflare,Metro,Live Sports/Events,1.57,3.66,1.75,0.78,1.16,1.57,6.17,1.33,6871,29.7,11367,54007,127432,88.4,70.7,54.4,37.4,57.2,90.5,1.35,78.1,6.9,4.98,4.39,93.2,158,134,14940
2023-05-06,App_B,Apple TV,Broadband,Akamai,Region,Live Sports/Events,1.67,3.17,1.45,0.77,1.41,2.28,5.81,1.92,5351,32.7,9758,46488,105200,85.1,68.1,55.2,39.6,58.9,87.7,1.21,69.9,8.2,5.14,3.86,92.8,208,150,11996
2023-05-07,App_A,Tizen,Verizon,Cloudflare,Region,VOD Series,1.35,3.47,1.87,0.67,1.03,1.66,6.12,1.35,7297,28.3,11905,57225,124687,87.4,72,53.1,37.4,59.3,89.5,1.06,77.5,8.5,4.39,4.56,91.9,217,115,20508
2023-05-07,App_B,FireTV,Cellular 4G,AWS CloudFront,Region,VOD Series,1.55,3.06,1.35,0.77,1.21,2.09,5.21,1.54,4708,27.4,8941,42506,106672,88,69.9,53.7,35.6,55.1,90.4,1.62,75.7,7,4.21,4.47,91.2,227,164,14165
2023-05-08,App_A,Android TV,Cellular 5G,AWS CloudFront,Country,FAST linear,1.43,3.61,1.71,0.72,1.11,1.73,5.6,1.72,7179,29.8,11775,56126,145318,84.1,68.3,52.8,38.8,58.6,87.8,1.06,72.7,8.5,4.02,4.65,93.2,199,155,16426
2023-05-08,App_B,Apple TV,Jio,Cloudflare,Country,VOD Movies,1.38,3.24,1.53,0.81,1.2,1.6,5.38,1.84,5981,31,9823,46731,116029,85.7,72.3,55.7,37.6,60.4,88.8,1.32,73.7,8.6,4.93,3.8,92.8,226,127,12689
2023-05-09,App_A,WebOS,Broadband,Fastly,Metro,FAST linear,1.59,3.69,1.63,0.63,1.12,1.59,6.02,1.69,6013,29.6,11336,54017,142873,85,69.8,52.7,39.6,61.5,91.3,1.28,78.3,8.4,4.15,4.28,90.2,193,152,15009
2023-05-09,App_B,Desktop Web,Wi-Fi,Cloudflare,Country,FAST linear,1.47,3.39,1.68,0.76,1.24,2.06,5.37,1.48,5096,31.6,9729,46869,126096,82,71.6,52.3,35.5,61.8,85.1,1.18,73.7,8.1,4.75,4.26,92.2,203,163,16646
2023-05-10,App_A,Tizen,Verizon,Cloudflare,Country,Live Sports/Events,1.53,3.39,1.54,0.69,1.33,2.14,5.83,1.41,5636,31.6,11135,53235,114235,86.7,65.9,50.9,38.5,56.5,86.2,1.56,77.9,7.8,4.64,4.4,90.5,155,154,15354
2023-05-10,App_B,Desktop Web,Wi-Fi,Akamai,Region,VOD Movies,1.26,3.17,1.87,0.57,1.03,1.71,5.75,1.79,5576,32.6,9586,45816,97210,85.9,71.5,52.3,36.6,60,90.4,1.19,74.9,8.8,4.67,3.99,93.4,217,122,11702
2023-05-11,App_A,Desktop Web,Wi-Fi,AWS CloudFront,Metro,FAST linear,1.53,3.23,1.44,0.65,1.22,1.64,6.01,1.4,7399,28.6,10681,51214,136756,87.3,68.1,52,40.3,58.4,87.2,1.42,77.1,6.8,5.04,4.47,90.7,222,128,15610
2023-05-11,App_B,Desktop Web,Comcast Xfinity,Cloudflare,Metro,VOD Series,1.52,3.6,1.84,0.71,1.35,2.21,5.39,1.88,5167,32.6,9642,46528,96426,82.8,71,51.4,37.9,56.4,87.3,1.43,75.5,7.9,4.43,4.2,92.9,209,140,15465
2023-05-12,App_A,Tizen,Comcast Xfinity,Cloudflare,Country,Live Sports/Events,1.33,3.13,1.64,0.53,0.94,2.09,5.87,1.31,5498,29.5,12283,59497,123933,85.6,67.8,55.2,37.7,58.4,89.6,1.56,72.7,8.3,4.45,4.55,91.6,164,139,14828
2023-05-12,App_B,Tizen,AT&T,AWS CloudFront,Country,VOD Movies,1.24,3.67,1.84,0.77,1.37,2.24,4.87,1.94,5587,27.9,9046,43673,113918,86,68.4,51.6,39.3,55.9,86.3,1.33,76.1,7.1,5.1,4.18,93.2,218,166,16226
2023-05-13,App_A,Android TV,Cellular 5G,Akamai,Metro,Live Sports/Events,1.58,3.22,1.61,0.62,1.23,2.16,5.52,1.84,6847,30.9,11788,56090,131552,88.7,68.9,53,35.6,59.5,91.3,1.2,72.9,7.1,4.24,4.62,92,178,143,20727
2023-05-13,App_B,Android,Verizon,Fastly,Region,FAST linear,1.6,3.56,1.59,0.64,0.97,2.01,4.81,1.35,4683,32.6,9325,44785,98076,82.2,69.4,51.2,39.2,59,91.1,1.6,75.3,7.1,4.42,4.48,90.5,173,142,13454
2023-05-14,App_A,Tizen,AT&T,Cloudflare,Metro,FAST linear,1.5,3.52,1.69,0.78,1,2,5.17,1.83,5899,33.8,11920,57273,126776,87.5,66.2,52.1,35.6,63.4,88.1,1.1,77.3,6.8,4.97,3.92,90.8,163,144,18470
2023-05-14,App_B,Apple TV,T-Mobile,Cloudflare,Region,FAST linear,1.61,4.07,1.75,0.78,1.18,1.98,5.84,1.56,4781,32,9245,44164,94919,82,67.1,51,38.2,60.1,87.9,1.41,72.1,7.1,5.21,3.9,90.6,188,164,16140
2023-05-15,App_A,WebOS,Wi-Fi,Akamai,Region,VOD Series,1.34,3.25,1.78,0.68,0.98,1.54,5.14,1.59,7062,29.8,12114,58647,130987,84.7,66.5,55.9,39.3,58.2,87.9,1.24,75.9,8.4,4.75,4.59,91.8,163,132,14904
2023-05-15,App_B,WebOS,Cellular 4G,Cloudflare,Country,FAST linear,1.59,3.29,1.8,0.77,1.17,1.99,4.81,1.97,4952,27.9,9895,47382,104792,86.1,72.4,51.9,39.2,56.8,87.9,1.41,73.9,7.8,4.98,4.17,92.7,193,164,13680
2023-05-16,App_A,Apple TV,Jio,Cloudflare,Country,VOD Series,1.19,3.64,1.73,0.74,1.22,1.84,5.55,1.6,7019,30.1,11250,54117,136676,86.8,66.3,52.9,35.5,61.1,89.4,1.49,77.4,8.9,4.45,4.37,92,171,125,16531
2023-05-16,App_B,Android,Broadband,Fastly,Country,Live Sports/Events,1.25,3.55,1.36,0.7,1.34,2.22,5.4,1.55,5527,32.7,9475,45332,121249,82.2,67.1,52,37.6,57,85.2,1.1,71,8.4,4.26,3.91,90.9,182,124,16637
2023-05-17,App_A,Apple TV,Comcast Xfinity,Fastly,Region,FAST linear,1.46,3.35,1.49,0.73,1.23,1.86,5.34,1.62,6606,29.9,11469,54807,119166,88.2,72.4,50.2,40.4,62.1,88.7,1.06,77.5,8.5,4.09,4.21,93.5,171,140,20599
2023-05-17,App_B,Desktop Web,Cellular 5G,Akamai,Region,VOD Series,1.26,3.58,1.58,0.73,0.99,2.05,5.37,1.51,5888,32,9063,43788,110170,82.8,72.2,56.1,38.2,58.4,91,1.22,75,8,4.22,3.79,90.5,199,131,16235
2023-05-18,App_A,Desktop Web,Jio,Fastly,Country,VOD Movies,1.53,3.82,1.68,0.69,1.09,1.97,5.91,1.88,6881,31.2,10982,52267,114925,86,69.6,54.3,37.2,62.6,90,1.48,77.7,8.6,4.13,4.37,90.3,183,113,14967
2023-05-18,App_B,iOS,Broadband,Akamai,Country,VOD Movies,1.39,3.4,1.38,0.8,1.19,1.62,5.86,1.64,5586,27.8,9907,47985,119542,87.4,70.3,53.9,35,56.8,90.5,1.1,76.8,7,4.85,4.56,93.8,206,118,14845
2023-05-19,App_A,Desktop Web,AT&T,AWS CloudFront,Region,VOD Series,1.32,3.07,1.45,0.75,1.32,2.01,5.22,1.32,6298,32.9,10776,52013,131245,86.8,67.1,53.3,37.8,63.2,91.4,1.11,72.8,8.2,4.09,4.47,92.2,190,151,16682
2023-05-19,App_B,Apple TV,T-Mobile,Cloudflare,Country,FAST linear,1.45,3.93,1.83,0.57,1.1,1.68,5.43,1.85,5536,33,10019,47721,102709,84.2,68.2,54.6,34.7,56.8,87.6,1.23,71,9,4.79,4.36,90.3,185,131,16042
2023-05-20,App_A,Android,Comcast Xfinity,AWS CloudFront,Metro,FAST linear,1.38,3.2,1.65,0.59,1.08,2.04,5.45,1.27,5486,29.3,10634,50859,109681,88.4,69.9,55.2,40.4,62.1,89.6,1.48,72.4,6.9,4.81,3.91,93.3,203,155,16143
2023-05-20,App_B,FireTV,AT&T,Fastly,Country,VOD Series,1.25,3.85,1.79,0.63,1.32,2.01,5.56,1.52,5207,27.5,9595,46534,101585,82.4,72,54.5,36.3,59.1,90.5,1.44,69.6,8,4.74,4.36,92.6,219,163,12803
2023-05-21,App_A,Android,T-Mobile,Akamai,Country,VOD Series,1.23,3.39,1.35,0.78,0.99,2.09,5.23,1.81,6209,33.5,10829,52017,135429,87.5,68.9,51.7,36.7,58.3,90.2,1.05,78.3,8.8,4.65,4.69,91.3,176,132,16589
2023-05-21,App_B,Android,Cellular 5G,AWS CloudFront,Region,FAST linear,1.34,3.92,1.61,0.79,1.15,1.81,5.44,1.64,5135,31.6,10247,49422,113799,82.6,70.8,56.2,35.8,58.7,90.1,1.39,73.1,8.1,4.34,4.35,91,224,157,14702
2023-05-22,App_A,Android,Broadband,Cloudflare,Metro,VOD Movies,1.48,3.03,1.41,0.54,1.12,1.57,5.05,1.51,6251,32.1,10868,51890,132963,84.8,67.2,50.9,40.7,61.1,91.2,1.1,72.8,8.1,4.78,4.64,90.9,208,152,17172
2023-05-22,App_B,iOS,T-Mobile,Cloudflare,Country,VOD Movies,1.66,3.97,1.48,0.71,1.27,1.73,4.98,1.68,5449,28.5,8801,42451,102165,86.7,67.4,54,38.7,55.9,85.2,1.41,70.9,8.5,4.16,3.85,93,182,166,15312
2023-05-23,App_A,WebOS,Jio,Fastly,Country,FAST linear,1.32,3.58,1.28,0.62,0.92,1.69,5.73,1.32,6708,30.9,11692,56423,134021,82.2,68.4,54.7,39,57.1,86.2,1.19,77.8,8.6,4.82,3.91,93.2,185,115,14619
2023-05-23,App_B,Desktop Web,AT&T,Akamai,Region,VOD Movies,1.5,3.49,1.54,0.81,1.02,2.27,5.88,1.6,5940,29.5,9431,45472,114521,82.4,71.5,54.3,34.7,56.9,91.8,1.6,70.7,6.9,5.17,4.62,90.6,188,141,12422
2023-05-24,App_A,Android,Jio,Cloudflare,Country,VOD Series,1.19,3.69,1.6,0.69,1.17,1.84,5.94,1.81,5683,29,11539,55412,116192,83.4,66.3,51.2,37.3,60.8,88.3,1.1,71.9,7.9,4.01,4.6,92.4,207,125,15398
2023-05-24,App_B,iOS,Cellular 5G,Akamai,Region,VOD Movies,1.38,3.08,1.49,0.78,1.15,2.23,5.2,1.39,5683,31.9,10197,49357,105963,88.6,66.9,55.6,35,57.8,91.4,1.61,72.5,8.5,5.12,3.84,92.2,169,123,16389
2023-05-25,App_A,WebOS,Verizon,AWS CloudFront,Region,VOD Series,1.22,3.81,1.44,0.71,1.09,1.81,5.45,1.31,6168,31.8,10436,50613,107703,82.7,67.7,54.1,36,57.5,90,1.36,74.8,7.4,4.49,4.29,91.3,175,121,15025
2023-05-25,App_B,iOS,AT&T,AWS CloudFront,Metro,FAST linear,1.48,3.42,1.83,0.71,1.36,2,5.82,1.88,5911,31.7,9859,47046,123497,85.3,66.9,51.5,37.8,56.8,86.3,1.52,71.1,7.8,4.92,3.82,91.6,184,144,12786
2023-05-26,App_A,Tizen,Broadband,AWS CloudFront,Country,VOD Movies,1.43,3.75,1.6,0.65,1.03,2.02,5.63,1.44,5824,33.3,10503,50246,107283,83.7,67.1,55.1,40.3,62.3,86.9,1.31,72.4,7,4.24,3.99,93.6,211,136,18285
2023-05-26,App_B,Android TV,Wi-Fi,Cloudflare,Metro,VOD Series,1.41,3.03,1.76,0.77,1.32,1.67,5.83,1.54,6010,27,9275,44058,113466,86.1,66.3,56.2,37.2,58.9,90.9,1.52,76.3,9.3,4.27,4.51,92.7,173,127,11314
2023-05-27,App_A,Tizen,Broadband,Cloudflare,Region,VOD Movies,1.3,3.02,1.35,0.6,1.15,2.2,5.02,1.8,6828,31.8,10937,52596,110182,88.2,68,55.5,40.6,63.7,86.9,1.47,76,8.3,4.9,4.73,91.4,215,159,18048
2023-05-27,App_B,Tizen,T-Mobile,AWS CloudFront,Metro,Live Sports/Events,1.39,3.98,1.61,0.62,1.38,1.76,5.65,1.91,5998,26.8,8975,42678,100755,86.7,69,56,35.7,55.3,89.1,1.16,76.7,8.8,4.46,4.35,91.4,231,117,11457
2023-05-28,App_A,Desktop Web,Cellular 4G,Cloudflare,Metro,FAST linear,1.59,3.71,1.57,0.56,1.31,2.01,4.99,1.65,6859,30.2,11646,55647,147186,87.7,67.3,50,37.4,57.9,88.1,1.06,76.7,8.2,4.5,4.06,93.2,182,149,20181
2023-05-28,App_B,Android,AT&T,AWS CloudFront,Region,VOD Movies,1.28,3.45,1.57,0.69,1.36,1.65,6.06,1.78,5278,27.5,9362,45387,96235,88,71.3,54.8,38.8,57.2,87.9,1.6,69.8,8.8,4.65,3.88,92.1,171,151,14495
2023-05-29,App_A,FireTV,Airtel,AWS CloudFront,Country,FAST linear,1.26,3.09,1.57,0.62,1.23,1.81,5.14,1.39,7077,28.5,11451,55402,131930,88.9,69.5,51,37.9,63.5,86.8,1.41,72.2,8.3,4.45,4.28,92.7,206,155,13917
2023-05-29,App_B,Tizen,AT&T,Cloudflare,Country,VOD Movies,1.32,3.66,1.43,0.58,1.32,1.62,5.61,1.88,5456,31.5,9687,46336,101486,84,68.1,50.9,38.2,58.8,85.5,1.31,72.2,7.7,4.85,4,92.3,196,154,13350
2023-05-30,App_A,Tizen,Wi-Fi,AWS CloudFront,Metro,Live Sports/Events,1.18,3.67,1.64,0.72,0.93,1.57,5.03,1.69,6982,33.1,10676,50748,112921,84.4,70,50.1,36.3,57.8,85.8,1.2,75.7,8.6,4.57,4.54,92.1,210,112,14413
2023-05-30,App_B,iOS,T-Mobile,Cloudflare,Country,VOD Movies,1.63,3.93,1.96,0.72,1.09,1.89,5.46,1.87,5167,27.2,9979,47545,109423,87.3,66.4,53.2,37.4,56.8,85,1.48,76.1,7.7,4.65,4.16,92.1,186,134,16130
2023-05-31,App_A,Tizen,Jio,Akamai,Region,Live Sports/Events,1.4,2.99,1.44,0.54,1.2,2.18,5.57,1.28,6829,33,11493,55058,148839,82.7,69.7,55.2,40.1,57.3,87.1,1.27,73.6,7.6,4.98,4.23,91.8,216,133,19290
2023-05-31,App_B,WebOS,T-Mobile,Akamai,Metro,Live Sports/Events,1.37,3.39,1.59,0.67,1,1.77,5.09,1.48,4909,27.1,8956,43184,112583,82.2,69.8,54.1,39.4,59.2,88,1.35,72.8,8.4,4.84,4.49,93.2,201,133,11973
2023-06-01,App_A,Tizen,Broadband,AWS CloudFront,Metro,Live Sports/Events,1.59,3.41,1.3,0.62,1.12,1.95,4.95,1.49,6316,30,10620,50617,116703,82.5,66.9,52,36.6,57.8,91.6,1.33,76.9,8.5,4.69,4.75,91.3,208,136,16059
2023-06-01,App_B,Android,AT&T,Akamai,Region,VOD Movies,1.38,3.97,1.37,0.59,1.05,1.77,5.12,1.65,5527,27.1,8881,42558,106025,82.7,66.4,56.2,37,55.6,90.9,1.45,71.1,8.4,4.58,3.94,91,176,120,13741
2023-06-02,App_A,iOS,Broadband,Fastly,Metro,VOD Movies,1.18,3.01,1.6,0.59,1.14,2.21,5.7,1.27,6049,29.3,11794,56301,123506,82.3,70,52.3,38.8,61.5,85.6,1.08,78.6,7.5,4.69,4.65,91.6,183,119,18829
2023-06-02,App_B,WebOS,AT&T,Cloudflare,Region,FAST linear,1.63,3.6,1.72,0.58,1.08,2.15,4.83,1.36,6141,31.3,9952,47430,122703,83,71.2,50.1,38.4,57,90.7,1.57,73.1,9.2,4.93,4.4,91.2,223,160,16724
2023-06-03,App_A,Android,Jio,Akamai,Country,FAST linear,1.42,3.49,1.65,0.71,1.34,1.96,6.25,1.36,6382,30,11973,57004,120700,83.9,70.7,51.5,38.5,61.9,91.4,1.28,74.8,7,4.03,4.31,93.3,160,158,20023
2023-06-03,App_B,FireTV,T-Mobile,Fastly,Metro,VOD Series,1.34,3.31,1.57,0.56,1.3,1.6,5.39,1.87,5890,30.5,9845,47621,99226,82.3,71.1,53.1,38,61.7,86.9,1.43,71.8,8.5,4.8,4,92.1,202,129,14468
2023-06-04,App_A,FireTV,Cellular 5G,AWS CloudFront,Country,VOD Movies,1.3,3.28,1.48,0.63,1.05,1.74,5.95,1.37,7197,32.3,10327,49488,118242,85.8,70,52.9,39,60.5,91.5,1.26,72,7.7,4.32,4.53,93.9,200,122,13730
2023-06-04,App_B,WebOS,Comcast Xfinity,Cloudflare,Country,Live Sports/Events,1.45,3.55,1.86,0.65,1.41,1.89,4.94,1.37,6070,32.1,9793,47312,100233,85.3,67.8,55.3,39.2,59.6,86.3,1.13,70.6,7.6,4.84,4.55,91.4,170,135,13494
2023-06-05,App_A,Android,Cellular 4G,Cloudflare,Metro,VOD Movies,1.53,3.3,1.52,0.56,1.1,2,5.76,1.66,6546,27.7,11057,53529,124977,82.9,66.4,51.1,40,59.1,87.4,1.53,76,7.1,4.14,4.73,91.3,157,145,16377
2023-06-05,App_B,Tizen,Cellular 4G,AWS CloudFront,Country,FAST linear,1.58,3.59,1.76,0.58,1.11,2.04,5.1,1.63,5651,31.6,9226,44100,108810,84.1,66.9,55.4,35.6,58.5,86.3,1.21,73.6,8.7,4.91,3.85,90.5,197,138,15173
2023-06-06,App_A,FireTV,AT&T,AWS CloudFront,Country,VOD Movies,1.23,3.07,1.71,0.74,1.16,1.87,5.63,1.47,5726,27.9,11242,53993,127642,84.5,69,55.5,38.1,57.4,87.2,1.39,78.4,7.6,4.96,4.23,92,215,116,18024
2023-06-06,App_B,Apple TV,Comcast Xfinity,Fastly,Region,VOD Series,1.58,3.5,1.76,0.66,1.35,1.64,5.3,1.81,5726,27.6,9145,43639,107966,82.2,72.7,55.2,36.8,60.1,90.7,1.24,73.9,7.8,4.36,4.62,92,179,124,12856
2023-06-07,App_A,Apple TV,Jio,Fastly,Metro,VOD Series,1.45,3.15,1.66,0.53,1.12,1.56,5.64,1.41,6411,27.6,10655,51440,118455,84.5,70,50.4,35.9,57.5,89.3,1.21,71.9,8.4,4.3,4.74,90.4,204,130,14903
2023-06-07,App_B,Android TV,Airtel,AWS CloudFront,Metro,FAST linear,1.39,3.68,1.7,0.68,1.21,2.12,4.96,1.59,4972,28.3,8749,42004,104890,83,69.4,51.8,35.8,58.8,89.3,1.44,71,6.9,5.19,4.3,90.9,189,143,15475
2023-06-08,App_A,Tizen,Jio,Cloudflare,Metro,Live Sports/Events,1.42,3.24,1.87,0.76,1.32,1.87,5.37,1.28,7071,28.8,11032,52864,134531,83.7,68.9,52.5,36.6,59.6,86.4,1.29,71.7,8.4,4.74,4.35,92.4,198,115,15918
2023-06-08,App_B,FireTV,Airtel,Fastly,Country,VOD Movies,1.59,3.04,1.42,0.7,1.36,1.81,5.38,1.65,5016,27.9,9926,48083,121240,83.8,70.4,54.6,39.1,57.2,85.1,1.56,70.1,6.9,4.79,4.5,92.8,223,159,15687
2023-06-09,App_A,Android TV,Cellular 5G,Fastly,Region,Live Sports/Events,1.56,3.68,1.34,0.6,1.33,2.19,5.29,1.61,7203,31.9,11329,54279,138070,84.6,70.5,54.1,39.1,58.1,87.8,1.14,78.3,7,4.9,4.37,92.6,174,157,18311
2023-06-09,App_B,Tizen,Cellular 4G,Akamai,Metro,VOD Movies,1.65,3.79,1.93,0.54,1.07,2.27,4.91,1.82,4901,27.4,8756,42099,100028,82.7,70.7,51,37.7,61.1,91.4,1.62,71.4,9,5.12,4.43,90.7,196,120,12341
2023-06-10,App_A,Android,Wi-Fi,Akamai,Metro,Live Sports/Events,1.47,3.25,1.65,0.68,0.92,1.62,5.81,1.36,6065,33.4,10865,51734,136369,85.3,69,53.4,38.8,60,88,1.54,71.8,7.1,4.6,3.96,92.3,189,142,15840
2023-06-10,App_B,Desktop Web,Broadband,Akamai,Metro,VOD Movies,1.25,3.76,1.8,0.81,1.09,1.64,5.7,1.55,5233,28.6,9803,46889,101751,86.1,67.9,54.5,35.7,59.4,87.5,1.59,72.1,9.1,5.17,3.94,93,197,157,15606
2023-06-11,App_A,Desktop Web,Comcast Xfinity,Cloudflare,Region,VOD Series,1.53,3.32,1.45,0.6,1.21,1.76,5.87,1.7,6143,30.9,11751,56840,120034,87.4,72,52.6,39.7,57.4,87.4,1.06,72.5,7.6,4.46,4.78,93.3,198,136,20547
2023-06-11,App_B,Tizen,Jio,Cloudflare,Country,VOD Movies,1.54,3.2,1.87,0.73,1.37,1.61,5.48,1.65,4802,29.6,10162,48407,105488,88.2,67.7,51.5,39,61.9,88,1.12,76.8,8.8,4.89,4.23,91.1,201,136,14873
2023-06-12,App_A,Android TV,Cellular 4G,Fastly,Metro,FAST linear,1.59,3.43,1.36,0.54,1.15,1.78,5.97,1.32,7085,28.8,11443,55243,120601,83.6,69.9,51.4,38,59.6,86.9,1.25,74.1,6.9,4.01,4.07,94,199,122,19996
2023-06-12,App_B,Tizen,Jio,AWS CloudFront,Region,VOD Series,1.38,3.4,1.32,0.62,1.04,1.59,5.34,1.81,5120,32.3,9519,45389,120415,84.6,68.9,50.6,38.5,60.9,85.9,1.3,74.4,8.3,4.41,4.66,91.6,207,116,14782
2023-06-13,App_A,iOS,Cellular 4G,AWS CloudFront,Region,FAST linear,1.56,3.51,1.63,0.54,1.01,2.21,6.06,1.25,6659,32.7,11312,54748,139594,83.6,66.4,51.6,38.9,62.3,91.4,1.32,71.8,8.7,4.7,3.93,90.6,156,151,17799
2023-06-13,App_B,Android,Cellular 5G,Fastly,Country,VOD Series,1.41,3.51,1.83,0.77,1.22,2.29,5.51,1.8,4798,31,8702,41932,87411,84.7,69.1,53.5,38.6,57.5,88.2,1.42,70.9,8.1,4.91,4.1,93,190,143,14193
2023-06-14,App_A,iOS,AT&T,Fastly,Country,Live Sports/Events,1.3,3.68,1.67,0.59,1.04,1.52,5.01,1.67,6878,29.1,11079,52800,113181,87.5,66,50.2,38.9,59.6,91,1.22,71.5,7.4,4.92,4.09,91.6,162,126,16785
2023-06-14,App_B,Apple TV,Comcast Xfinity,Akamai,Metro,Live Sports/Events,1.32,3.78,1.74,0.61,1.2,1.77,5.71,1.52,5005,32.5,9364,44929,105418,88.6,68.3,51.4,37.5,57.9,88,1.1,70.7,7.8,5.14,4.35,93.8,223,125,14810
2023-06-15,App_A,Tizen,AT&T,Cloudflare,Metro,VOD Movies,1.57,3.87,1.27,0.64,1.14,1.59,5.65,1.57,6244,29,12067,57942,125892,84.9,67.4,55.4,37,57.3,91.5,1.4,74.8,8.2,4.04,4.27,92.2,204,151,18276
2023-06-15,App_B,Android TV,Airtel,Akamai,Country,VOD Movies,1.6,3.37,1.74,0.7,1.05,2.25,5.72,1.77,5788,27.1,10038,48487,104319,88.3,72.3,52.3,34.9,57,85.1,1.29,72.5,8.7,4.68,4.3,93.1,206,122,15747
2023-06-16,App_A,Apple TV,Comcast Xfinity,Akamai,Region,VOD Series,1.28,3.68,1.82,0.75,1.18,1.92,6.02,1.25,6805,31.9,10957,52844,123344,87.2,66.7,52.2,38.2,58.4,85.1,1.34,78.2,6.9,4.33,4.25,93.5,156,114,14762
2023-06-16,App_B,Apple TV,Jio,AWS CloudFront,Metro,Live Sports/Events,1.51,3.22,1.47,0.77,1.35,2.03,5.87,1.92,6014,29.9,9255,44464,102423,84.7,72.7,54.5,36.7,59.9,86.8,1.15,73.7,9.2,4.27,4.17,92.8,172,136,15301
2023-06-17,App_A,WebOS,Broadband,Fastly,Metro,Live Sports/Events,1.42,3.14,1.7,0.77,1.12,1.66,5.98,1.58,6186,30.4,11084,53421,114853,88.7,70.3,52.6,37.7,61,87.6,1.07,71.8,8.1,4.44,4.49,91.8,193,149,14430
2023-06-17,App_B,Android,Airtel,AWS CloudFront,Country,VOD Series,1.38,3.34,1.89,0.64,1.09,1.67,5.31,1.55,4864,27.5,9077,43483,94098,88.5,70.7,51.6,39.8,61.1,89.6,1.11,72.2,8.5,4.36,3.93,91.6,182,121,14498
2023-06-18,App_A,FireTV,Jio,Fastly,Metro,VOD Movies,1.28,2.97,1.44,0.71,1.31,1.59,5.7,1.61,5838,29.5,10674,50988,117286,85.1,68.5,50.4,36,58.2,88.2,1.3,75.4,7.6,4.86,4,92.7,187,134,18905
2023-06-18,App_B,Desktop Web,Airtel,AWS CloudFront,Metro,VOD Series,1.34,3.03,1.54,0.62,1.07,1.91,6.12,1.94,6121,27.4,10037,47821,114120,88.8,70.2,51.4,34.9,60.1,91.3,1.24,74.9,7.4,4.42,4.61,93,209,135,16767
2023-06-19,App_A,Android,T-Mobile,AWS CloudFront,Region,Live Sports/Events,1.41,3.81,1.78,0.73,0.93,1.71,5.58,1.48,5648,33.1,11678,55615,121284,84.9,69.6,50.5,39.7,59.2,86.2,1.11,77,7.7,4.63,4.78,93.2,177,155,19045
2023-06-19,App_B,Tizen,Airtel,Cloudflare,Metro,FAST linear,1.37,3.75,1.39,0.77,1.4,1.8,5.01,1.3,5671,30,10024,48596,118764,84.9,71.3,52.8,38.9,58.4,88.4,1.48,74.6,8.4,4.3,4.19,92.6,216,133,13904
2023-06-20,App_A,Desktop Web,T-Mobile,AWS CloudFront,Region,VOD Series,1.36,3.43,1.35,0.71,0.91,1.8,6.12,1.36,7007,31.9,10820,52036,131628,84.5,69.1,50.3,39.8,59.6,85.1,1.09,73.7,6.8,4.41,4.27,93.1,192,111,13145
2023-06-20,App_B,Android,Broadband,AWS CloudFront,Country,VOD Movies,1.41,3.72,1.83,0.62,1.17,1.65,4.88,1.9,5185,31.6,9435,45135,115862,86.9,71.6,51.1,38.2,60,90.2,1.59,71.6,7.1,4.18,4.31,91.1,198,121,12434
2023-06-21,App_A,Android TV,T-Mobile,AWS CloudFront,Region,FAST linear,1.46,3.85,1.7,0.68,1.36,1.72,5.28,1.53,6787,32,10863,52448,135480,83.2,72.7,52.8,35.9,60.3,85.9,1.46,75.1,8.4,4.14,4.78,93.3,197,138,16183
2023-06-21,App_B,Android,Cellular 4G,Cloudflare,Region,VOD Movies,1.62,3.13,1.93,0.77,1.24,1.95,5.27,1.89,5781,32,9947,48004,107872,87.4,68.4,52.8,35.8,61.1,87.1,1.34,73.8,7.9,4.46,3.96,92.7,178,144,17426
2023-06-22,App_A,iOS,Wi-Fi,Akamai,Country,Live Sports/Events,1.57,2.98,1.52,0.54,1,1.67,6.24,1.27,6007,31.2,10308,49858,111028,89,68.6,51.2,36.8,62.9,86.1,1.15,72.3,8.5,4.62,3.96,91,179,129,15082
2023-06-22,App_B,Apple TV,T-Mobile,Akamai,Metro,Live Sports/Events,1.44,3.56,1.87,0.55,1,1.59,5.29,1.5,5186,29.7,8893,43044,105157,85.6,70.7,52.3,39.3,60.3,92,1.5,73.6,7.5,4.61,4,91.1,173,161,12287
2023-06-23,App_A,Android TV,Jio,Fastly,Region,Live Sports/Events,1.32,3.31,1.73,0.66,1,1.56,5.35,1.49,7257,31.5,10449,50060,135307,88.5,69.9,50.9,36.5,57.6,89,1.49,77.6,8.2,4.66,4.56,92.1,218,117,16350
2023-06-23,App_B,WebOS,Jio,AWS CloudFront,Country,VOD Movies,1.34,3.21,1.74,0.55,1.2,2.14,5.93,1.91,4673,30.4,9526,45608,115016,83.1,70.4,50.4,39.3,61,87.7,1.47,71.6,8.1,4.4,4.38,91.4,172,158,11653
2023-06-24,App_A,iOS,Cellular 4G,Fastly,Metro,FAST linear,1.22,3.76,1.58,0.59,1.21,1.51,4.98,1.29,6457,31.7,10734,52009,115539,84.6,72.6,55.1,40.4,57.3,88.7,1.25,76.4,8.6,4.2,4.18,92.4,212,125,14158
2023-06-24,App_B,WebOS,T-Mobile,Akamai,Metro,VOD Movies,1.33,3.2,1.31,0.69,1.22,2.04,5.45,1.64,5443,30,9275,44252,117861,88.8,71.4,52,38.2,56.3,90,1.3,72,7.8,4.35,4.11,92.5,165,127,15732
2023-06-25,App_A,FireTV,Wi-Fi,AWS CloudFront,Region,FAST linear,1.43,2.93,1.52,0.6,1.2,1.76,5.15,1.7,6502,28.4,11402,54874,132620,85.6,66.1,52.6,39.3,57.7,85.9,1.3,73.6,6.7,4.19,4.61,92.3,180,144,17325
2023-06-25,App_B,iOS,Cellular 5G,Cloudflare,Metro,Live Sports/Events,1.54,3.22,1.8,0.71,1,2.29,6.12,1.51,5724,32.6,8969,42861,113040,87.9,67.1,52.4,35.2,60,86.2,1.56,70.3,7.8,5.03,4.64,91.4,186,122,13760
2023-06-26,App_A,Tizen,Comcast Xfinity,Fastly,Region,VOD Series,1.34,3.26,1.8,0.55,0.95,2.12,6.15,1.79,6299,29.1,10548,50361,128734,85.5,72.3,51.1,38.9,60,91.7,1.33,77.4,6.9,4.05,4.61,90.5,162,156,13775
2023-06-26,App_B,iOS,Broadband,AWS CloudFront,Country,VOD Series,1.59,3.02,1.68,0.77,0.97,2.02,5.49,1.46,4758,32.3,9285,44999,115854,82.2,68.9,54.4,36.3,56.1,89,1.27,75.2,7,4.41,4.31,92.1,221,116,14504
2023-06-27,App_A,Apple TV,T-Mobile,Cloudflare,Country,Live Sports/Events,1.46,3.39,1.43,0.69,1.26,2.12,5.92,1.26,7234,28.1,11555,55735,117580,88.8,66.6,50.4,39.1,63.9,88.8,1.53,77.1,7.1,4.44,4.66,90.6,173,115,17149
2023-06-27,App_B,Desktop Web,AT&T,Akamai,Region,FAST linear,1.64,3.2,1.72,0.57,1.19,1.92,5.45,1.36,6043,32.5,10228,49290,121743,83.5,66.2,51.2,38.9,58.4,86,1.24,74.4,9.1,5.06,3.9,93.5,222,121,12907
2023-06-28,App_A,iOS,Cellular 4G,Cloudflare,Region,VOD Movies,1.43,3.05,1.72,0.63,1.13,1.59,5.58,1.81,6245,29.4,10572,50653,132271,88.9,71.2,51.6,37.8,63.7,85.2,1.18,75.2,8.6,3.95,4.54,93.3,175,138,12748
2023-06-28,App_B,Apple TV,Jio,AWS CloudFront,Country,Live Sports/Events,1.57,3.2,1.55,0.66,1.19,1.89,5.06,1.37,5936,29.1,9132,43576,103214,82.9,72.7,52,36.7,61.2,87.8,1.43,70.1,7.3,4.21,4.56,92.9,172,142,15357
2023-06-29,App_A,Desktop Web,Broadband,AWS CloudFront,Country,FAST linear,1.47,3.2,1.66,0.75,0.98,2,5.2,1.3,6378,28.9,10676,50809,110115,88.4,66.6,56.6,36.5,61,87.7,1.24,72.9,7.8,4.31,4.33,91.2,172,134,16299
2023-06-29,App_B,Tizen,T-Mobile,Cloudflare,Country,VOD Series,1.5,3.17,1.87,0.54,1.07,2.16,5.07,1.58,6068,31.5,8895,43108,106638,84.1,69.2,52.6,35.9,61.5,88.1,1.16,70.6,8.7,5.14,3.92,91,209,138,12464
2023-06-30,App_A,iOS,Verizon,Cloudflare,Region,FAST linear,1.34,3.08,1.54,0.75,1.12,2.04,6.17,1.57,5519,30.9,11890,57064,149294,87.4,70.1,51.3,37.5,57.9,88.5,1.11,77.6,7.8,4.39,4.55,92,188,115,16748
2023-06-30,App_B,WebOS,Cellular 4G,Akamai,Country,VOD Series,1.56,3.02,1.8,0.55,1.35,2.12,5.65,1.77,5512,30.4,9531,45291,103202,86.4,66.8,53.2,39,57.8,88.7,1.54,74,7.4,4.55,3.97,93.9,215,148,13685
2023-07-01,App_A,iOS,Cellular 5G,Akamai,Metro,FAST linear,1.34,3.08,1.34,0.63,1.16,1.53,6.08,1.67,5932,31.3,11651,56395,129752,88.9,71.3,55.3,36.6,63.9,86.3,1.36,74.4,8.1,4.43,4.12,91.2,172,140,16626
2023-07-01,App_B,iOS,Cellular 4G,Akamai,Metro,VOD Movies,1.59,3.1,1.82,0.55,0.96,1.76,6.07,1.89,4887,30.2,10216,49176,115503,86.8,68.6,52.5,36.4,56.4,88.5,1.58,74.2,7,4.47,4.63,90.5,203,138,12697
2023-07-02,App_A,Apple TV,Airtel,AWS CloudFront,Country,Live Sports/Events,1.43,3.12,1.8,0.58,1.31,2.01,5.29,1.46,6391,31.7,10787,51759,139092,86.7,66.9,54.5,37.7,63.7,86.6,1.48,72.7,7.7,4.77,4.13,90.7,205,137,14778
2023-07-02,App_B,Android,Broadband,Cloudflare,Metro,VOD Series,1.35,3.63,1.89,0.71,1.21,2.01,5.75,1.39,5472,30.3,9734,46355,107462,86.7,69.5,56,35.7,61.7,89.5,1.14,72.4,7.8,5.18,4.65,91.8,216,151,13458
2023-07-03,App_A,Desktop Web,Wi-Fi,Fastly,Region,FAST linear,1.49,3.64,1.33,0.71,0.94,1.99,5.84,1.82,7271,28.4,11779,56678,121019,82.6,67.7,52.8,39,57.4,87.5,1.34,73.2,7.6,4.51,4.24,93.3,154,137,20929
2023-07-03,App_B,iOS,T-Mobile,Akamai,Country,VOD Series,1.6,3.33,1.7,0.74,1,1.9,6.02,1.48,6041,29.1,8882,43022,96163,87,69.8,50.5,39.9,57,91.6,1.21,70.7,8.6,4.95,4.63,92.7,159,155,15547
2023-07-04,App_A,Android TV,Cellular 5G,Cloudflare,Metro,VOD Movies,1.56,3.63,1.24,0.57,0.95,1.51,5.29,1.31,5781,33.2,12096,58169,126700,87,67,55.6,40.8,58.7,85.5,1.08,73.3,8.1,4.94,4,92.2,207,122,14764
2023-07-04,App_B,WebOS,Cellular 5G,AWS CloudFront,Region,FAST linear,1.28,3.84,1.6,0.54,1.04,1.75,6.02,1.68,4976,26.9,10095,47978,126524,84.5,66.1,56.3,36,60.7,86.3,1.59,74.8,7.4,4.91,4.67,93.9,212,160,12325
2023-07-05,App_A,Tizen,Verizon,Akamai,Country,VOD Movies,1.27,3.2,1.72,0.55,1.18,1.63,5.44,1.44,5778,29.2,11018,52860,118034,88.2,72.8,53.1,38,58,90.8,1.39,75.7,6.7,4.82,4.32,90.4,186,124,17276
2023-07-05,App_B,Android,Airtel,Akamai,Region,VOD Series,1.47,3.02,1.84,0.57,0.95,2.11,5.78,1.36,4904,29.8,10126,48612,119372,87.5,70.9,52.6,35,62.2,86.9,1.26,71.5,8,4.92,4.08,92.9,170,161,12228
2023-07-06,App_A,WebOS,Comcast Xfinity,Cloudflare,Country,FAST linear,1.33,2.97,1.81,0.63,1,2.12,5,1.3,6039,31.1,11564,55289,145778,83,72,51,36.6,60,91.9,1.12,78.4,7.2,4.2,4.25,93.2,167,141,16481
2023-07-06,App_B,Desktop Web,Comcast Xfinity,AWS CloudFront,Metro,FAST linear,1.47,3.95,1.33,0.68,1.1,1.87,5.89,1.39,6148,31.7,10018,48546,104569,88,72.1,51.7,35.6,62,91.3,1.43,73,6.9,4.56,4.47,93.6,227,134,14859
2023-07-07,App_A,iOS,Jio,Akamai,Metro,VOD Series,1.44,3.63,1.72,0.69,1.1,1.57,5.72,1.81,6702,27.8,10402,50358,104939,86.2,68.3,54.9,40.3,57.8,88.3,1.33,75.2,6.6,4.96,4.7,92.7,202,122,14444
2023-07-07,App_B,iOS,Jio,Fastly,Country,Live Sports/Events,1.37,4,1.74,0.66,1.24,1.8,5.94,1.66,5286,27.7,9701,46239,99308,88.8,68.6,55.6,38.1,62.2,88.5,1.59,75.9,8,4.3,4.17,92.2,196,160,14664
2023-07-08,App_A,WebOS,Cellular 5G,Akamai,Country,VOD Series,1.56,2.98,1.36,0.69,0.96,1.79,5.99,1.46,6693,28.9,12132,58265,131823,82.6,72.4,53.4,35.9,61.6,91.8,1.53,73.3,7.7,3.99,4.09,93.8,196,124,17170
2023-07-08,App_B,Tizen,Cellular 5G,AWS CloudFront,Country,VOD Series,1.56,3.11,1.78,0.62,1.34,2.16,5.31,1.9,4813,28.1,9509,45469,109854,84.8,67.8,54.9,39.7,56.1,87.2,1.17,71.2,7,4.23,4.15,92,175,148,13399
2023-07-09,App_A,Android TV,AT&T,Cloudflare,Region,VOD Series,1.17,2.86,1.46,0.53,1.1,1.73,5.34,1.38,6792,30.8,11399,54419,146393,85.6,72.4,52.7,40.1,62.9,85.7,1.12,76.5,7.7,4.42,4.26,92.8,188,133,16402
2023-07-09,App_B,Desktop Web,Wi-Fi,Fastly,Metro,VOD Movies,1.57,4.01,1.43,0.62,1.38,1.72,6.1,1.46,5258,29.6,9938,47632,112362,87.4,72.9,52.9,39.7,55.9,91.6,1.18,70.3,8.9,4.68,4.09,93.3,161,158,12028
2023-07-10,App_A,Desktop Web,Broadband,Cloudflare,Region,VOD Series,1.45,3.48,1.38,0.75,1.29,1.67,5.27,1.32,6330,32.5,11853,57073,130538,83.6,66.5,50.9,40.2,57.6,91.2,1.35,78.8,8.1,4.62,4.76,94,185,145,18378
2023-07-10,App_B,Tizen,Airtel,Fastly,Metro,Live Sports/Events,1.41,3.36,1.59,0.68,1.32,1.75,5.72,1.85,5987,32.1,9133,43865,101175,85,67.2,53.3,36,57.2,89.2,1.53,75.8,6.9,4.78,4.62,90.8,174,131,12251
2023-07-11,App_A,Desktop Web,Cellular 5G,Fastly,Country,Live Sports/Events,1.5,3.5,1.68,0.63,1.01,2.08,6.33,1.68,6119,32.1,11566,55601,126954,83.4,71.2,51.1,39.6,61.3,89.7,1.05,76,8.5,4.1,4.83,93.1,216,127,19933
2023-07-11,App_B,iOS,Airtel,Akamai,Country,VOD Series,1.32,3.24,1.56,0.68,1.28,1.8,5.48,1.86,5058,31.2,9000,43280,90801,83.2,71.8,55.8,38.7,59.5,88.6,1.47,74.4,7.2,4.65,4.2,91.7,226,163,14202
2023-07-12,App_A,Tizen,Comcast Xfinity,Fastly,Region,FAST linear,1.21,3.62,1.75,0.7,0.93,2.17,5.72,1.42,6854,30.8,10935,52289,114385,88.6,67.6,51.4,37.5,58.8,85.6,1.18,72.3,6.8,4.52,4.25,92.1,174,136,14225
2023-07-12,App_B,iOS,Wi-Fi,Akamai,Region,Live Sports/Events,1.5,3.75,1.57,0.66,1.28,1.68,5.52,1.53,4639,28.8,9304,44379,118322,84.3,68.2,54.1,38.5,60.6,85.1,1.39,71,7.7,4.44,4.68,92.1,175,144,11272
2023-07-13,App_A,Tizen,Cellular 4G,AWS CloudFront,Country,Live Sports/Events,1.31,3.55,1.29,0.58,1.09,1.48,5.15,1.32,6359,33,10593,50708,116475,84.7,69,53.4,36.6,59.7,85.8,1.34,76.4,7,4.41,4.5,90.9,212,120,16728
2023-07-13,App_B,Android TV,Jio,Akamai,Country,Live Sports/Events,1.31,4,1.42,0.61,0.98,1.7,5.46,1.41,5153,31.2,8882,42841,97321,86.8,72.7,55.7,39.6,61.1,86.9,1.43,73.6,7,4.57,4.13,92.7,164,147,13573
2023-07-14,App_A,FireTV,Verizon,AWS CloudFront,Region,Live Sports/Events,1.28,3.34,1.75,0.67,1.27,1.94,5.06,1.53,6183,32.7,10478,50199,109940,82.6,68.7,56,39.3,63.8,90.4,1.37,76,7.8,4.1,4.21,91.2,152,119,18256
2023-07-14,App_B,Desktop Web,Comcast Xfinity,Akamai,Region,VOD Series,1.44,2.97,1.52,0.54,1,2.2,5.17,1.85,5201,28.3,9124,43724,115967,84.9,69,56,39.5,59,90.7,1.42,74,8.1,4.11,3.98,93.9,198,160,11766
2023-07-15,App_A,Desktop Web,Wi-Fi,Fastly,Region,Live Sports/Events,1.43,3.31,1.81,0.76,1.28,1.51,6.12,1.23,5619,29.3,10730,51030,137027,86.3,68.6,53.1,39.7,61.7,91.2,1.43,78.7,6.8,4.92,4.71,92.8,197,118,13184
2023-07-15,App_B,Android TV,Broadband,Akamai,Region,Live Sports/Events,1.42,3.75,1.34,0.69,1.17,1.53,5.97,1.51,4954,29.9,9278,44936,117846,87.7,70.9,56.7,38.8,59.2,90.8,1.46,71.9,7.5,4.86,4.03,90.6,191,155,11560
2023-07-16,App_A,Android TV,Cellular 5G,Cloudflare,Region,VOD Movies,1.37,3.1,1.65,0.69,0.97,1.66,5.7,1.25,5872,30.9,10727,51019,119565,88.6,68.9,53.1,38.8,62.6,91.5,1.25,76,8.6,3.96,4.83,90.8,207,119,17526
2023-07-16,App_B,Desktop Web,Cellular 4G,Cloudflare,Country,VOD Series,1.28,3.12,1.7,0.57,1.04,2.07,5.53,1.39,4840,29.2,9074,43401,103950,83.9,69.1,56.7,35.3,60.5,85.9,1.23,72.8,7.4,4.74,3.94,91.6,214,143,15780
2023-07-17,App_A,Android TV,Comcast Xfinity,AWS CloudFront,Region,VOD Movies,1.51,3.21,1.24,0.56,1.14,1.77,6.07,1.31,6180,29.6,11756,56230,120743,88.2,66.3,50.5,40.2,61.6,90.8,1.45,75.9,6.6,4.13,4.85,92.3,168,140,15106
2023-07-17,App_B,FireTV,Broadband,Akamai,Country,VOD Movies,1.57,3.96,1.28,0.55,1.12,1.89,5.05,1.55,5142,31.1,9362,44708,108304,88.3,70.9,51.3,35.8,60.6,87.2,1.24,75.4,7.4,4.4,4.54,93.6,167,126,15369
2023-07-18,App_A,Android,Jio,Cloudflare,Metro,FAST linear,1.51,3.07,1.71,0.71,1.06,1.49,5.04,1.61,6146,29.4,10763,51754,128900,83.9,68.7,52.1,37.4,62.1,87.8,1.48,72.4,7.2,4.22,4.34,92.6,166,132,15490
2023-07-18,App_B,FireTV,Airtel,Cloudflare,Country,VOD Movies,1.39,3.65,1.48,0.75,1.21,2.1,5.71,1.82,5802,30.1,10112,48649,122790,82.7,69.9,54.5,39.8,58.6,90.7,1.09,76.2,9,5.18,4.02,92.9,212,135,12970
2023-07-19,App_A,Apple TV,Jio,Akamai,Region,VOD Movies,1.51,2.95,1.6,0.52,1.33,1.91,5.16,1.48,6538,28,12016,58201,124824,88.2,70,51.8,41.1,63.9,86.7,1.42,78.4,8.2,4.69,4.56,92,180,129,16378
2023-07-19,App_B,Apple TV,Jio,AWS CloudFront,Metro,VOD Movies,1.35,3.61,1.31,0.65,1.31,1.6,5.62,1.38,4927,31.1,8860,42662,99825,84.1,66.3,55.6,36.9,57.8,91.6,1.59,73,6.9,4.76,4.26,90.6,209,160,10764
2023-07-20,App_A,FireTV,AT&T,Cloudflare,Country,FAST linear,1.18,3.3,1.24,0.65,1.12,1.78,6.07,1.39,6736,29.7,11353,54810,141412,88.5,72.1,51.8,38.8,57.5,88.4,1.3,76.8,8.5,4.66,4.11,92.4,159,111,14671
2023-07-20,App_B,Android,Broadband,AWS CloudFront,Country,FAST linear,1.63,2.99,1.36,0.78,1.22,1.73,5.01,1.8,6202,31.6,10249,49160,113122,85.1,69.3,53.8,39.6,57.2,91.7,1.28,72.3,6.9,5.17,4.27,93.1,223,159,17054
2023-07-21,App_A,Android TV,Jio,Fastly,Metro,FAST linear,1.35,3.64,1.56,0.52,0.99,1.55,5.85,1.7,6294,32.6,11455,55395,123512,84.7,69.6,56.7,37.1,57.7,86.9,1.22,73.5,7,4.48,4.04,92.1,156,154,20204
2023-07-21,App_B,WebOS,Broadband,Fastly,Region,FAST linear,1.61,3.52,1.47,0.67,1.19,1.83,5.32,1.59,5843,30,8972,42754,104016,83.5,68.4,51.8,38,57.3,91.6,1.23,71.1,7.3,4.11,4.48,90.5,158,118,13352
2023-07-22,App_A,Tizen,Verizon,AWS CloudFront,Region,Live Sports/Events,1.34,3.2,1.82,0.62,1.03,1.99,5.71,1.27,6803,29.7,10711,51720,127082,83.7,73,51.5,39.1,58.9,90.5,1.31,72.4,7.9,4.06,4.3,92.3,191,116,13796
2023-07-22,App_B,Desktop Web,Cellular 4G,Akamai,Region,Live Sports/Events,1.5,3.13,1.54,0.77,1.02,1.96,5.66,1.43,5303,29,9003,43175,95630,82.8,67.1,50.9,35.5,57.9,90.1,1.54,76.2,8.1,4.74,4.2,93,222,148,15424
2023-07-23,App_A,Tizen,Cellular 4G,AWS CloudFront,Metro,VOD Series,1.52,3.34,1.34,0.68,1.31,2.05,5.43,1.58,5797,30.2,11990,57582,138187,87.7,68.3,51.5,38.1,61.5,88.1,1.29,72.3,8.3,3.98,4.32,91.5,200,112,20099
2023-07-23,App_B,Apple TV,Jio,Cloudflare,Region,Live Sports/Events,1.34,4,1.77,0.58,1.14,1.95,4.91,1.5,5826,32.5,10123,48678,117884,84.3,68.1,52.3,39.7,59.8,91.5,1.51,77.5,7.3,4.41,4.6,92.9,210,118,17568
2023-07-24,App_A,Android TV,Jio,AWS CloudFront,Region,VOD Movies,1.4,3.04,1.36,0.56,1,2.06,6.32,1.35,6974,30,11438,55380,137800,88,67.7,53.2,37.7,58.3,91.6,1.48,73.3,8.4,4.03,4.58,92.8,182,146,18396
2023-07-24,App_B,Desktop Web,Comcast Xfinity,Fastly,Region,VOD Movies,1.55,3.38,1.71,0.68,1.24,1.69,5.49,1.35,5599,29.5,9303,44206,114254,87.8,69.4,51.4,39.3,56.2,90.6,1.52,73.5,8.5,5.1,4.61,90.7,172,135,13139
2023-07-25,App_A,Apple TV,Airtel,Cloudflare,Country,VOD Series,1.55,3.04,1.53,0.7,1.07,2.04,5.53,1.65,6156,28.3,10436,50569,124859,86.4,67.2,56.1,38,57.8,87.5,1.28,76.1,7.9,4.87,4.62,92.2,191,130,18380
2023-07-25,App_B,Desktop Web,Comcast Xfinity,Fastly,Region,Live Sports/Events,1.39,3.62,1.37,0.58,1.16,2.1,5.16,1.44,5787,30.9,9436,45572,109890,85.7,67.8,55.7,37.5,59.1,89.1,1.22,74.1,7.7,4.99,4.47,93.4,159,125,15723
2023-07-26,App_A,WebOS,Airtel,Akamai,Country,VOD Series,1.55,3.41,1.66,0.64,1.09,1.65,5.91,1.44,6130,30.7,10744,51046,137556,85.5,69.1,53.7,38.4,62.4,91.2,1.52,79.3,8.6,4.45,4.34,94,192,140,13223
2023-07-26,App_B,Android,Cellular 5G,Fastly,Metro,FAST linear,1.29,3.72,1.72,0.61,1.37,2.24,5.78,1.51,5295,30.3,8945,43224,106044,87.6,71.9,54.4,39.4,59.8,92.3,1.36,71.5,7.5,4.87,4.51,94.1,166,143,13131
2023-07-27,App_A,Android TV,Jio,AWS CloudFront,Region,VOD Series,1.38,2.86,1.66,0.6,0.91,1.48,5.07,1.75,5735,31,12010,58185,150895,85.4,71.5,56.6,37.2,60.8,87.5,1.52,75.2,6.8,4.06,4.59,93.6,212,135,18643
2023-07-27,App_B,Desktop Web,Broadband,Cloudflare,Region,FAST linear,1.23,3.4,1.41,0.6,1.2,1.62,5.89,1.4,5449,32.4,9639,45969,123346,86.4,67.9,51.1,38.8,60.7,86.9,1.19,72.3,8.4,4.09,4.3,94,210,124,15873
2023-07-28,App_A,Desktop Web,Jio,AWS CloudFront,Region,VOD Movies,1.36,3.57,1.22,0.72,1.22,1.84,5.04,1.46,5523,32.7,11534,55411,149477,87.7,68.5,51.1,40,59.9,89.1,1.42,77.8,7.9,4.67,4.36,90.6,199,113,15175
2023-07-28,App_B,Tizen,Cellular 5G,AWS CloudFront,Metro,VOD Movies,1.28,3.96,1.89,0.65,1.14,1.65,5.8,1.75,5243,31.8,10038,48669,110382,88.9,68,56.5,39,59.5,90.3,1.23,73.6,7.5,4.32,4.66,92.4,200,142,13067
2023-07-29,App_A,Android TV,Comcast Xfinity,AWS CloudFront,Region,FAST linear,1.35,3.18,1.39,0.71,1.34,1.67,5.24,1.32,7125,32.4,11734,56050,146562,87.8,68,52.1,36.3,59.7,88.6,1.04,72.4,7.8,4.4,4.83,93.4,167,154,14094
2023-07-29,App_B,Android,Cellular 5G,Cloudflare,Country,Live Sports/Events,1.24,3.31,1.88,0.76,1.38,1.78,5.59,1.69,5950,29.8,10090,48789,111322,83.8,67.7,55,39.8,62.4,87.3,1.27,75.1,6.8,4.8,4.17,92.8,212,123,17041
2023-07-30,App_A,Desktop Web,Cellular 4G,Fastly,Metro,VOD Series,1.29,3.14,1.82,0.58,1.25,1.88,5.85,1.26,6605,29.3,11807,56730,143470,85.5,68.3,55.1,36.8,62.5,89.8,1.43,79.1,7.1,3.96,4.76,94.2,191,146,17477
2023-07-30,App_B,WebOS,Cellular 4G,AWS CloudFront,Country,VOD Series,1.6,3.01,1.52,0.61,1.02,2.16,5.99,1.89,5193,32.7,10107,48866,119166,87.7,69,50.8,36.9,57.2,89.1,1.26,70.7,8.3,5.09,4.5,93.5,206,136,17394
2023-07-31,App_A,Desktop Web,Comcast Xfinity,Cloudflare,Region,VOD Movies,1.23,3.54,1.69,0.69,0.99,2.1,5.35,1.35,5848,30.8,10935,52658,134115,88.7,70.4,52.5,38.5,60.7,86.6,1.06,73.9,6.6,3.95,4.88,93.5,202,124,15329
2023-07-31,App_B,FireTV,Jio,Akamai,Metro,VOD Series,1.34,3.44,1.4,0.66,1.38,2.04,6.17,1.84,4674,28.4,8838,42440,111419,88.4,72,56.3,39,55.9,88,1.35,72,7,4.14,4.02,92.4,158,160,14754
2023-08-01,App_A,FireTV,Broadband,Akamai,Country,Live Sports/Events,1.19,3.11,1.34,0.64,1.32,1.81,5.53,1.42,5781,29.4,11439,54538,130756,89.1,70.3,50.7,36.1,64.3,90.3,1.32,75.1,7.3,4.12,4.43,91.7,154,144,14035
2023-08-01,App_B,Apple TV,Jio,Fastly,Country,VOD Movies,1.53,2.95,1.55,0.55,1.36,2.1,6.18,1.41,5027,29.3,9180,44301,107222,88,68.2,50.5,38.4,57.3,91.1,1.16,70.7,8.5,4.85,4.4,93.7,188,158,11332
2023-08-02,App_A,Apple TV,Cellular 5G,Akamai,Country,VOD Series,1.51,3.05,1.27,0.57,1.24,1.87,5.78,1.36,6294,31.3,10629,51474,137193,82.5,70,53.2,38.7,63.7,91.4,1.51,78.7,8.7,4.54,4.09,90.9,190,133,13931
2023-08-02,App_B,Apple TV,AT&T,Akamai,Region,VOD Series,1.23,3.86,1.69,0.53,1.13,2,4.99,1.59,5751,31.3,10233,49203,106036,87.5,70.7,56.5,38.3,61.6,86,1.36,75.8,8.7,4.58,4.68,92,169,135,17344
2023-08-03,App_A,Tizen,Comcast Xfinity,AWS CloudFront,Metro,VOD Series,1.23,3.01,1.52,0.65,1.23,1.71,5.23,1.25,5505,30.3,12158,57786,154246,84.5,73.1,51.9,39.8,60.5,89.9,1.23,74.5,6.8,4.04,4.21,91.9,200,125,17267
2023-08-03,App_B,Desktop Web,Jio,Cloudflare,Country,FAST linear,1.23,3.81,1.48,0.66,1.25,2,6.17,1.48,6017,30.4,9709,46557,99484,85.4,71.6,55.7,36.4,62.6,90.4,1.57,71.9,8.3,4.64,4.04,93.7,203,136,15065
2023-08-04,App_A,Android,Broadband,AWS CloudFront,Metro,VOD Movies,1.39,3.2,1.78,0.63,1.33,2.1,5.2,1.47,5532,32.5,11480,55525,123843,84.8,68.6,55.4,38.7,57.7,87.7,1.24,79.3,6.9,4.52,4.87,92.6,189,138,17281
2023-08-04,App_B,WebOS,AT&T,Cloudflare,Metro,Live Sports/Events,1.43,3.41,1.86,0.61,1.17,1.89,5.41,1.42,5046,28.4,9598,46324,110596,89.1,66.4,56.9,36.7,61.2,88.6,1.28,74.1,7.7,4.66,4.73,93.1,168,131,16884
2023-08-05,App_A,WebOS,Broadband,Fastly,Metro,VOD Series,1.46,3.3,1.54,0.59,1.15,1.81,6.26,1.36,7144,30.2,10376,49601,127883,87.5,67.8,54.2,37.4,62.4,85.7,1.07,76.2,6.7,4.6,4.15,90.6,208,149,16165
2023-08-05,App_B,Android,Comcast Xfinity,Fastly,Region,VOD Series,1.35,3.47,1.38,0.79,0.98,1.7,5.92,1.35,4803,31.1,9944,47557,110340,84.5,69.4,56.9,36.7,59.9,87.9,1.23,74,6.9,4.8,4.77,93,168,140,16917
2023-08-06,App_A,Android,Wi-Fi,Cloudflare,Country,VOD Movies,1.25,3.72,1.7,0.7,0.95,2.01,6.06,1.71,5741,27.9,11291,54359,125121,85.6,69.5,53,38.1,57.5,88.2,1.51,76,8,4.71,4.16,93.9,204,154,16319
2023-08-06,App_B,Desktop Web,Airtel,Fastly,Country,FAST linear,1.63,3.51,1.82,0.71,1.26,1.78,5.74,1.69,4805,29.1,8804,41979,104830,87.1,71.7,51.5,35.5,56.8,91.5,1.46,70.6,7.7,4.32,4.6,90.6,208,144,12660
2023-08-07,App_A,Desktop Web,T-Mobile,AWS CloudFront,Region,VOD Series,1.17,2.85,1.28,0.51,1.28,2.09,5.49,1.45,6995,32.2,11605,56116,148682,85.9,67.2,54.1,40.6,57.7,91.2,1.15,79.5,8.3,4.38,4.34,91.9,159,140,20633
2023-08-07,App_B,Android,Jio,Fastly,Metro,FAST linear,1.3,3.11,1.85,0.79,1.25,1.79,5.72,1.28,4789,28.9,9447,45318,107037,87.2,67.7,55.2,40.5,56.4,92.2,1.58,74,8.1,5.07,4.15,92.9,192,156,11470
2023-08-08,App_A,Desktop Web,Wi-Fi,AWS CloudFront,Country,VOD Movies,1.38,3.52,1.3,0.66,1.16,1.46,5.81,1.76,6175,27.4,10411,50470,110900,83.3,66.4,50.6,37.6,62.5,87.1,1.43,72,6.6,4.66,4.88,91.1,169,144,17492
2023-08-08,App_B,Apple TV,Broadband,Cloudflare,Region,VOD Movies,1.3,3.16,1.57,0.61,0.94,2.05,5.85,1.47,5184,27.7,9992,47625,124457,86.3,66.9,51.5,35.9,62.5,90.8,1.15,70.9,8.7,4.2,4.25,92.4,180,133,13994
2023-08-09,App_A,Tizen,Comcast Xfinity,Fastly,Region,VOD Series,1.49,3.12,1.36,0.51,1.15,2.13,5.37,1.82,6879,29.7,11829,57248,134587,84.1,66.6,51.4,41.1,63.9,89.3,1.31,75.1,7.6,4.39,4.3,91.9,194,127,20358
2023-08-09,App_B,Tizen,T-Mobile,Cloudflare,Region,VOD Series,1.6,3.8,1.33,0.59,1.05,2.11,5.39,1.33,5940,32.4,10184,48437,114969,87,69.6,52,35.7,59.7,85.5,1.2,76.8,7.6,4.18,3.93,94.2,170,131,13617
2023-08-10,App_A,WebOS,Broadband,AWS CloudFront,Region,VOD Series,1.23,3.4,1.41,0.73,1.24,1.82,6.31,1.69,7178,30.2,10340,49691,104838,83.2,66.5,51.3,39.9,59.7,87.8,1.11,72.7,7,4.08,4.4,91.6,214,131,15032
2023-08-10,App_B,Apple TV,Wi-Fi,Akamai,Country,VOD Series,1.47,3.1,1.64,0.53,1.38,1.83,5.2,1.73,5650,31.4,8778,42060,89366,87.7,67.5,56.2,35.6,62.3,85.6,1.43,71.8,7.3,4.23,4.73,91.5,165,157,14693
2023-08-11,App_A,iOS,AT&T,Cloudflare,Country,VOD Movies,1.45,3.01,1.59,0.58,1.29,2.03,5.6,1.4,5992,31.8,10891,51995,136249,87.1,70.6,52.4,40.7,61.2,86.8,1.09,75,6.5,4.85,4.05,93.4,151,128,18360
2023-08-11,App_B,iOS,Comcast Xfinity,Akamai,Metro,VOD Movies,1.21,3.71,1.28,0.63,1.22,1.6,6.01,1.28,5536,32.5,9952,47774,101473,83.4,73.3,55.2,37.5,61.3,88.1,1.52,75.6,8.6,4.22,4.41,90.6,176,133,13625
2023-08-12,App_A,WebOS,T-Mobile,Cloudflare,Region,Live Sports/Events,1.42,3.4,1.37,0.63,1.14,1.48,5.37,1.43,5720,27.4,10551,50865,109597,85.5,70.9,56.7,38.6,60.1,92.3,1.36,78.9,7.9,4.6,4.37,93.8,209,114,13539
2023-08-12,App_B,Android TV,Broadband,AWS CloudFront,Region,FAST linear,1.29,3.57,1.86,0.74,1.28,1.76,5.24,1.55,4624,28.4,9268,44495,102125,82.6,72.9,54.5,35.3,56.8,89.2,1.41,77.2,9,4.43,4.41,92.9,203,119,12970
2023-08-13,App_A,Tizen,Broadband,Akamai,Country,VOD Movies,1.48,3.78,1.52,0.69,1.03,1.54,5.22,1.32,6391,31.7,10781,51968,138499,84.2,68.8,57,37.2,62.3,88.3,1.12,77.8,8.1,4.11,4.81,90.9,180,142,18714
2023-08-13,App_B,Tizen,Cellular 4G,AWS CloudFront,Region,Live Sports/Events,1.38,3.95,1.33,0.58,1,1.85,5.17,1.54,5943,30.2,9159,44110,103818,84.1,68.4,56.3,38,57.8,89.8,1.46,72.9,8.2,5.01,4.08,94,219,117,13461
2023-08-14,App_A,iOS,Broadband,Akamai,Region,Live Sports/Events,1.3,3.46,1.54,0.67,1.29,2.08,5.32,1.22,6408,32.1,10678,51475,135076,83.3,68.4,52.9,40.2,63.1,91.4,1.17,74.8,7.2,4.04,4.41,92.1,175,122,15800
2023-08-14,App_B,FireTV,AT&T,Fastly,Region,Live Sports/Events,1.41,3.43,1.54,0.64,1.26,1.85,5.62,1.56,4996,30.5,10127,48568,106700,84,70.6,55.7,37.9,56.8,90.3,1.53,76.5,7.7,5.08,4.12,90.7,218,113,15614
2023-08-15,App_A,iOS,Jio,Akamai,Metro,VOD Movies,1.52,3.39,1.22,0.63,0.94,1.59,5.66,1.69,5403,27.5,11702,56039,142537,86.3,72.4,53.4,40.3,61,87.5,1.34,72.2,8.1,4.92,4.56,91.7,211,154,20346
2023-08-15,App_B,Android TV,Verizon,AWS CloudFront,Metro,Live Sports/Events,1.56,3.96,1.88,0.56,1.34,1.69,5.57,1.55,5682,26.8,8682,41455,105758,87.1,67.4,56.6,36.3,62.1,89.8,1.29,72.3,7,4.05,4.79,92.6,184,137,11922
2023-08-16,App_A,FireTV,Verizon,Cloudflare,Region,FAST linear,1.4,3.06,1.29,0.51,0.99,1.97,5.71,1.64,7056,29.9,10292,49665,126817,88.7,72.5,51.8,39.5,59.2,87.3,1.29,78.6,7.3,4.07,4.5,94,169,111,15979
2023-08-16,App_B,iOS,Airtel,Cloudflare,Region,Live Sports/Events,1.32,3.8,1.45,0.78,1.3,1.83,6.13,1.44,5071,31.2,8737,41681,101442,88.6,73.1,51.7,37.4,62.3,86.6,1.15,76.3,7.1,4.78,3.95,93.6,220,120,12191
2023-08-17,App_A,iOS,Verizon,Fastly,Metro,Live Sports/Events,1.17,3.12,1.32,0.55,1.25,1.53,5.36,1.62,6139,29.2,11460,55254,135087,83.6,68.7,54.6,39.8,59.1,92.1,1.5,78,8.5,4.5,4.14,91.8,186,147,19252
2023-08-17,App_B,Desktop Web,AT&T,Fastly,Metro,Live Sports/Events,1.31,3.1,1.29,0.75,1.22,2.12,5.7,1.89,5011,28.6,9522,45805,121714,88.6,68.6,55.5,35.5,60.9,91.8,1.09,77,8.3,4.45,4.09,92.6,186,129,14514
2023-08-18,App_A,Desktop Web,Broadband,Akamai,Metro,Live Sports/Events,1.47,3.11,1.69,0.75,1.1,1.82,5.97,1.73,5482,31.4,11476,55087,118470,87.8,71.1,51.1,38.8,61.3,86.8,1.36,78.2,7.7,3.91,4.75,90.6,193,152,14203
2023-08-18,App_B,Android TV,Broadband,Cloudflare,Country,Live Sports/Events,1.37,3.91,1.63,0.74,1.33,1.78,5.59,1.78,5374,32.3,8652,41375,92251,86.9,66.9,52.5,40.5,62.6,85.7,1.15,76.4,7.9,4.07,4.71,92.9,170,128,14725
2023-08-19,App_A,Android,T-Mobile,Fastly,Metro,VOD Series,1.37,3.79,1.39,0.66,0.97,1.48,6.28,1.59,6589,29.5,11378,54717,142298,82.6,69.1,52,38.7,59.8,85.7,1.21,73.9,8.2,4.68,4.56,91.9,188,133,14541
2023-08-19,App_B,Apple TV,Wi-Fi,Fastly,Region,VOD Series,1.31,3.1,1.84,0.65,1.32,2.07,5.7,1.75,5368,30.7,9342,44675,109677,86,69,51.6,38,63,90.1,1.46,74,8.1,4.92,3.96,93.2,182,118,15741
2023-08-20,App_A,WebOS,Cellular 5G,AWS CloudFront,Country,Live Sports/Events,1.5,2.85,1.67,0.52,1.08,1.58,6.01,1.56,7144,28,10590,50608,131444,89,70.6,53.7,37.7,63.6,91.1,1.26,77.6,7.2,4.79,4.15,91.6,166,137,18182
2023-08-20,App_B,iOS,Verizon,Fastly,Metro,VOD Series,1.24,3.83,1.38,0.64,1.33,1.52,5.42,1.5,4970,28.5,8618,41094,88654,88.2,71.9,52.9,39,57,88.8,1.34,75.5,7.1,4.05,3.97,93.3,207,152,14565
2023-08-21,App_A,Desktop Web,AT&T,Akamai,Country,Live Sports/Events,1.51,3.24,1.36,0.59,1.16,2.08,5.17,1.56,6436,26.9,11070,52932,123301,83.3,71.1,50.8,37,60.9,91.2,1.51,78.3,7.9,3.99,4.21,94.1,151,144,18797
2023-08-21,App_B,Android,Jio,Akamai,Region,VOD Series,1.41,3.41,1.55,0.53,1,1.52,5.87,1.33,4959,29.2,10010,47570,121513,86.6,70.6,51,38.1,61.5,86.7,1.51,74.1,8.1,4.66,4.58,93.1,162,115,12791
2023-08-22,App_A,Tizen,T-Mobile,Fastly,Region,VOD Movies,1.52,3.36,1.46,0.6,0.98,2.16,5.94,1.26,5465,27.8,10766,51709,125652,88.5,67.7,53,36.2,61.4,87,1.25,72.8,7.1,3.91,4.43,94.2,204,131,14097
2023-08-22,App_B,Desktop Web,Verizon,Fastly,Region,VOD Series,1.43,3.93,1.56,0.58,1.32,2.1,6.22,1.28,4836,31,8602,41606,110879,87.2,70,50.8,40.3,60,86.4,1.54,76.2,7.1,4.98,4.63,92,216,124,11023
2023-08-23,App_A,WebOS,Broadband,Cloudflare,Country,VOD Series,1.46,3.38,1.58,0.54,1,1.8,6.23,1.67,6446,28.5,10944,52896,132551,86.8,67.7,52.9,38.6,63.5,91,1.35,75.4,7.4,4.11,4.85,94,194,134,13515
2023-08-23,App_B,FireTV,Wi-Fi,Fastly,Country,Live Sports/Events,1.57,3.15,1.49,0.68,1.26,1.75,5.87,1.47,5016,28.4,9502,45180,109524,85.1,67.6,53.9,40.4,57,90.4,1.15,75.4,9,4.8,4.75,93,189,119,16078
2023-08-24,App_A,Desktop Web,Cellular 4G,Fastly,Metro,VOD Movies,1.52,2.93,1.57,0.66,1.24,1.96,5.48,1.56,6895,29,11042,52514,140998,85.8,72.8,55,40.3,64.3,89.6,1.37,75.4,7.3,3.96,4.85,92,208,126,16531
2023-08-24,App_B,Android,Wi-Fi,AWS CloudFront,Region,Live Sports/Events,1.28,3.17,1.4,0.65,1.2,1.77,5.05,1.76,5456,31.1,9059,43307,105032,83,70.5,52.3,37.1,62.4,88.4,1.5,77.1,8.2,4.66,4.71,93.8,186,112,12993
2023-08-25,App_A,FireTV,AT&T,Akamai,Region,Live Sports/Events,1.32,3.79,1.77,0.53,0.89,2.11,6.39,1.32,5332,32.2,11086,52950,141278,83.7,69.4,56.2,41.3,61.3,91.3,1.31,77.1,7.7,4.25,4.04,91.9,156,110,15597
2023-08-25,App_B,Android TV,Wi-Fi,Akamai,Metro,VOD Movies,1.21,3.63,1.64,0.68,1.16,1.89,5.74,1.67,4504,31.4,8732,42271,104414,87,68.1,53.4,36.7,57.1,85.5,1.22,73.7,6.9,5.12,4.75,92.7,187,159,15084
2023-08-26,App_A,Android,AT&T,AWS CloudFront,Region,FAST linear,1.42,3.27,1.23,0.59,1.31,1.45,6.37,1.7,6323,28.9,10512,50349,106896,84.6,71.7,51.9,37.7,59.4,88.5,1.44,76.5,6.5,4.84,4.84,92.3,172,113,15002
2023-08-26,App_B,Tizen,Cellular 4G,Fastly,Metro,VOD Movies,1.59,3.53,1.82,0.6,1.05,1.68,5.75,1.57,5180,28,9251,44631,109558,85.9,73.3,54.5,40.1,62.5,92.3,1.48,77.1,7.2,4.41,4.46,91.6,157,120,14927
2023-08-27,App_A,Android TV,AT&T,Cloudflare,Country,Live Sports/Events,1.17,3.75,1.33,0.58,1.06,1.78,6.03,1.38,6853,30.5,10746,52040,121823,88.9,69.6,54.1,37.6,64.6,91.5,1.41,73,6.8,4.21,4.86,90.7,191,138,16507
2023-08-27,App_B,Apple TV,Wi-Fi,Fastly,Country,VOD Movies,1.46,3.54,1.58,0.7,1.09,1.57,6.12,1.34,5866,28,8687,41919,103361,83.9,67.7,52.5,40.5,59.4,92.3,1.35,71.3,6.7,4.91,4.48,91.8,164,140,13407
2023-08-28,App_A,Desktop Web,Verizon,Fastly,Country,FAST linear,1.36,2.87,1.44,0.66,0.99,1.6,5.08,1.72,5666,29.2,11575,55350,149087,86.5,67,55.5,36.8,61.3,91,1.02,72.9,8.5,4.82,4.44,92,154,146,14157
2023-08-28,App_B,Android TV,AT&T,AWS CloudFront,Metro,VOD Movies,1.2,3.3,1.49,0.65,1.23,2.14,5.1,1.3,5055,30.4,9862,47033,98907,85.8,67.3,51.9,40.5,59.2,87.2,1.37,77.6,7.7,4.87,4.6,92.8,175,115,15286
2023-08-29,App_A,FireTV,Cellular 5G,AWS CloudFront,Country,FAST linear,1.37,3.63,1.68,0.71,1.15,2.11,5.22,1.34,6698,31.6,11120,53015,133751,84.9,68.6,50.7,39.8,59,91.3,1.39,75.6,7.2,4.55,4.23,92.3,161,140,16654
2023-08-29,App_B,WebOS,Cellular 5G,Akamai,Region,Live Sports/Events,1.22,3.9,1.57,0.65,1.28,1.8,5.72,1.59,5872,28.6,8829,42573,91532,84.6,70,55.7,37.9,60.3,89.6,1.36,76.2,8.6,4.85,4.56,93.6,181,131,11217
2023-08-30,App_A,Apple TV,Airtel,Fastly,Metro,VOD Movies,1.19,2.91,1.3,0.54,0.99,1.58,5.16,1.71,6999,30.5,11298,54581,123435,86.7,68.9,55,37.1,61.8,88.9,1.4,77.7,7,4.91,4.49,93.6,178,145,19898
2023-08-30,App_B,Android,Cellular 4G,AWS CloudFront,Metro,VOD Movies,1.42,2.97,1.33,0.78,1.31,1.67,5.88,1.39,4769,29.2,8550,41357,100942,85.1,73.1,55.4,37,60.1,85.7,1.36,74.1,7.7,5.05,4.03,92.4,205,112,12702
2023-08-31,App_A,Android,Cellular 4G,AWS CloudFront,Metro,FAST linear,1.35,3.26,1.47,0.64,1.22,1.88,5.51,1.49,6112,29.5,10532,50939,127994,83.6,71.1,52.3,41.5,60.4,90.3,1.37,76.6,8.1,4.79,4.3,91.1,203,126,17635
2023-08-31,App_B,Apple TV,Jio,Fastly,Metro,FAST linear,1.44,3.31,1.64,0.57,1.07,1.78,5.27,1.36,5506,30.7,9917,47427,119253,87.9,67.8,56.9,37.7,57.9,91.7,1.34,73.2,8.8,4.98,4.08,91.6,181,112,16469
2023-09-01,App_A,Android TV,T-Mobile,Fastly,Country,FAST linear,1.43,2.85,1.48,0.61,0.96,2.13,5.8,1.64,6009,29.7,10532,51035,131802,87.7,70.5,54,36.5,61.9,91.2,1.19,73.6,7.7,3.97,4.39,91.4,149,151,14051
2023-09-01,App_B,iOS,Verizon,Cloudflare,Metro,VOD Series,1.36,3.09,1.68,0.59,1.01,1.62,5.63,1.35,5567,27.2,8526,41058,95097,87.2,68.3,53.4,37.4,58.9,86.1,1.21,73.7,7.8,4.96,4.28,92.3,201,127,13098
2023-09-02,App_A,Android TV,Comcast Xfinity,Cloudflare,Country,VOD Movies,1.29,3.77,1.26,0.75,0.94,1.95,6.1,1.39,6913,27.1,10513,50846,120424,84.6,67.4,53.9,38.6,57.6,91.3,1.21,77.4,7.2,4.38,4.51,93.8,207,138,17349
2023-09-02,App_B,Apple TV,Comcast Xfinity,Akamai,Country,Live Sports/Events,1.26,3.51,1.53,0.56,1.07,1.64,5.73,1.28,4673,31.4,8697,41558,91141,85.3,72.7,55,38,63.3,91.3,1.08,73.7,8.6,4.3,4.15,91.6,201,136,15047
2023-09-03,App_A,WebOS,Airtel,Cloudflare,Country,VOD Series,1.42,3.56,1.73,0.5,1.1,1.6,5.77,1.43,5618,30.1,9969,47497,110324,88.1,69.1,52,36.7,62.9,86.5,1.2,75.9,7.6,4.67,4.71,93.5,154,127,13319
2023-09-03,App_B,Apple TV,Wi-Fi,AWS CloudFront,Country,VOD Series,1.38,3.01,1.69,0.54,1.04,1.93,5.61,1.8,5681,26.4,8673,41205,97244,85.4,72.4,54.6,40.3,59.6,87.5,1.09,72.3,7.2,4.35,4.68,93.1,169,147,12415
2023-09-04,App_A,Apple TV,Broadband,Akamai,Metro,VOD Movies,1.39,3.79,1.45,0.58,1.2,1.44,6,1.31,6129,27.1,10460,50127,129804,88.7,68.3,55.4,36.7,63.9,86.1,1.28,77.9,8,4.77,4.34,91.5,210,114,13766
2023-09-04,App_B,FireTV,Broadband,Fastly,Metro,FAST linear,1.26,3.61,1.27,0.62,1.19,1.85,5.4,1.29,4624,29.4,9371,45409,104940,86.1,67.5,53,40.7,56.9,90.2,1.44,75.8,7.9,4.29,4.23,93.6,180,122,16706
2023-09-05,App_A,Tizen,Airtel,AWS CloudFront,Metro,VOD Series,1.54,3.32,1.35,0.75,1.18,1.87,5.74,1.5,5320,30,11063,53470,114802,84.2,69.4,52.9,37.6,57.8,86,1.49,74.5,7.7,4.28,4.16,92.3,190,118,19221
2023-09-05,App_B,Android TV,AT&T,Akamai,Region,Live Sports/Events,1.27,3.69,1.65,0.69,1.04,1.88,5.57,1.84,4815,29.2,9455,45810,105732,88.7,69,50.8,36.7,56.5,87,1.5,73.5,8.9,4.45,4.29,91,157,155,11603
2023-09-06,App_A,Desktop Web,Cellular 4G,Fastly,Country,FAST linear,1.2,3.06,1.23,0.7,1.24,1.57,5.54,1.2,5225,26.5,10657,51482,136359,85.8,69.8,51.1,38.8,59.1,86.7,1.41,79.2,6.7,4.71,4.58,94,190,136,15595
2023-09-06,App_B,Tizen,T-Mobile,Akamai,Metro,VOD Series,1.46,3.49,1.26,0.66,1.24,1.88,5.58,1.45,4497,28.3,9611,46036,97376,84.5,67.4,51.7,37.2,59.2,86.2,1.47,75.1,8.7,4.77,4.52,92.7,175,129,16798
2023-09-07,App_A,Tizen,Comcast Xfinity,AWS CloudFront,Metro,VOD Movies,1.34,3.64,1.34,0.6,0.88,1.7,5.07,1.66,6243,31.1,11179,54016,130729,85,69.9,53.1,38.7,64.5,87.3,1.29,76.7,7.4,4.17,4.72,91.9,147,135,16023
2023-09-07,App_B,WebOS,Broadband,Akamai,Region,VOD Series,1.36,3.44,1.38,0.7,1.3,2.11,5.28,1.85,5815,27.3,9745,47033,107763,85.4,70.3,54,35.7,56.7,89.4,1.5,73.1,8.8,5.08,4.15,91.9,166,131,17147
2023-09-08,App_A,Desktop Web,Comcast Xfinity,Akamai,Metro,Live Sports/Events,1.53,3.38,1.2,0.59,1.06,2.08,5.36,1.37,6914,27.1,10455,49847,133268,86.1,72.8,51,41.5,59.6,90.8,1.01,73.6,7.7,4.87,4.69,91.2,167,136,16057
2023-09-08,App_B,FireTV,Comcast Xfinity,Fastly,Region,VOD Movies,1.53,3.03,1.78,0.67,1.36,1.59,5.48,1.35,5346,30.9,8782,42298,99995,87.9,72.9,56.9,37.4,56.3,90.7,1.38,74.6,6.9,4.57,4.81,93.7,220,141,13152
2023-09-09,App_A,Apple TV,Cellular 4G,Akamai,Metro,Live Sports/Events,1.21,3.07,1.73,0.67,0.94,1.79,5.13,1.61,6946,29.1,10495,50871,132295,84.7,66.9,54.7,36.3,59.8,85.5,1.41,73,8.3,4.66,4.09,92.1,162,108,15256
2023-09-09,App_B,Desktop Web,Jio,Fastly,Country,VOD Movies,1.33,3.88,1.57,0.78,1.11,1.71,5.73,1.49,4957,27.9,8903,42447,115689,87.8,72.3,53.2,39.6,57.1,89.2,1.21,77.3,7.6,4.39,4.15,90.8,208,120,11913
2023-09-10,App_A,Desktop Web,Cellular 4G,AWS CloudFront,Country,VOD Movies,1.28,3.31,1.38,0.68,1.11,2.12,5.5,1.6,6694,26.1,10241,48889,130541,88,68,57.2,39.1,63.4,91.7,1.39,77.6,8.2,4.12,4.75,91.5,185,152,13469
2023-09-10,App_B,Desktop Web,Airtel,Fastly,Country,Live Sports/Events,1.55,3.5,1.54,0.63,1.18,1.71,5.87,1.28,5143,29.7,9000,42853,98749,88.7,73,56.3,37.5,61,87.5,1.15,74.7,7,4.45,4.48,93.8,170,139,15261
2023-09-11,App_A,WebOS,Comcast Xfinity,AWS CloudFront,Country,VOD Series,1.3,3.42,1.39,0.51,1.29,1.54,6.19,1.35,6426,30.6,11103,53595,135783,88.8,73.3,55.8,39.7,60.8,92.3,1.04,74.1,7.8,4.65,4.8,91.4,177,121,14545
2023-09-11,App_B,FireTV,Airtel,Akamai,Metro,Live Sports/Events,1.2,3.87,1.5,0.59,1.33,2.17,6.12,1.59,5296,30.5,9381,45120,100675,87.4,69.8,55.2,36.5,60,89.8,1.26,72.6,7.7,4.12,4.21,90.8,158,122,15382
2023-09-12,App_A,Android TV,Cellular 4G,AWS CloudFront,Region,VOD Series,1.44,3.26,1.71,0.61,0.94,1.51,6.37,1.57,5488,28.7,11067,53295,123498,84.3,72.1,55.3,41.4,58.3,92,1.12,75.6,7.2,4.04,4.36,91.2,162,120,15111
2023-09-12,App_B,Desktop Web,Jio,Cloudflare,Region,Live Sports/Events,1.36,3.59,1.26,0.69,0.93,1.89,5.5,1.38,5361,26.5,8721,41989,107668,83,71.1,52.7,36.2,56.4,89.9,1.42,72.8,8.5,4.93,4.69,93.3,162,129,13463
2023-09-13,App_A,iOS,Broadband,Akamai,Country,VOD Movies,1.28,3.07,1.33,0.56,1.29,1.65,6.41,1.49,5514,26.8,10474,50448,130669,83.3,67.6,54.8,38.3,58.7,87.5,1.23,73.2,6.8,4.17,4.91,90.7,187,150,18700
2023-09-13,App_B,Android TV,Broadband,AWS CloudFront,Metro,Live Sports/Events,1.26,3.76,1.38,0.74,1.2,1.99,5.88,1.61,5099,28.2,8385,40528,84155,86.1,66.8,54.6,37.5,62.9,89.1,1.46,77.1,8.4,4.55,4.49,93.7,208,125,13214
2023-09-14,App_A,Android TV,T-Mobile,Fastly,Country,VOD Movies,1.52,3.58,1.44,0.64,1.12,1.55,5.08,1.5,5550,27.7,10299,49363,131807,83.6,70,57.2,36.5,62.1,91.6,1.13,76.7,6.6,4.87,4.36,93.4,193,117,12990
2023-09-14,App_B,Tizen,Wi-Fi,Cloudflare,Country,VOD Series,1.19,3.26,1.57,0.52,1.01,2.21,5.52,1.69,5787,30.1,9059,43096,110431,89.2,72.6,51.9,39.8,58.2,88.1,1.41,71.7,7.5,4.19,4.39,92.2,209,159,16249
2023-09-15,App_A,WebOS,Broadband,Cloudflare,Region,FAST linear,1.16,3.14,1.26,0.59,1.2,1.61,6.09,1.27,5589,28.9,10877,52613,134555,84.3,67.8,56.4,39.4,61,91.3,1.3,73.4,6.8,4.14,4.95,92.3,185,148,13998
2023-09-15,App_B,WebOS,T-Mobile,AWS CloudFront,Region,VOD Movies,1.27,3.89,1.3,0.64,1.3,2.06,5.1,1.34,5771,26.4,9010,43473,103452,82.7,71.3,56.3,36.5,61,89.6,1.18,77.2,7.8,4.45,4.85,93.9,169,127,13867
2023-09-16,App_A,WebOS,AT&T,Cloudflare,Region,VOD Movies,1.36,2.98,1.39,0.5,1.03,1.54,5.66,1.76,5150,30.9,10029,47853,110455,84.2,70.8,51.4,39.5,58,92.4,1.21,75.3,8.3,3.94,4.52,90.9,202,117,13600
2023-09-16,App_B,WebOS,Jio,Akamai,Metro,FAST linear,1.6,3.78,1.81,0.69,1.25,1.86,5.18,1.78,4942,28.5,8514,40942,97957,83.8,72.1,54.1,39.4,56.7,89.9,1.15,72.9,8.1,4.59,4.18,92.8,200,134,12621
2023-09-17,App_A,Android,Wi-Fi,Cloudflare,Region,VOD Movies,1.26,3.32,1.34,0.72,0.96,2.03,5.66,1.77,5571,30.4,10931,52039,116457,89.1,66.6,55.3,40.9,61.4,91.4,1.32,74,6.8,4.46,4.71,94,160,148,19469
2023-09-17,App_B,Desktop Web,Cellular 5G,AWS CloudFront,Region,VOD Movies,1.32,3.85,1.5,0.65,1.34,1.58,5.37,1.57,4354,29.6,9130,43775,100675,86,70.3,54.3,35.9,56.6,90.6,1.44,77.2,6.6,4.89,4.01,90.9,199,143,15396
2023-09-18,App_A,iOS,T-Mobile,AWS CloudFront,Region,VOD Series,1.44,3.21,1.29,0.57,0.92,1.85,5.56,1.61,5419,25.9,11084,53083,131375,85.4,72,54.4,41.7,63.8,91.2,1.4,72.4,6.6,4.81,4.83,91.4,179,131,16520
2023-09-18,App_B,Android TV,Wi-Fi,Fastly,Country,FAST linear,1.24,2.97,1.7,0.76,0.95,2.1,5.17,1.67,5546,26.7,9521,46114,102926,84.8,70.5,54.3,40.2,60.6,87.4,1.44,76.9,8,4.26,4.4,94,162,140,16214
2023-09-19,App_A,Android,Jio,Cloudflare,Country,VOD Series,1.18,3.19,1.26,0.72,1,1.55,5.44,1.45,5827,27.6,10043,48471,111611,84.9,73.5,53.2,38.9,62.3,89.8,1.27,73.2,7.9,4.3,4.6,92.1,207,112,16061
2023-09-19,App_B,Apple TV,Broadband,Cloudflare,Country,VOD Movies,1.42,3.13,1.66,0.53,0.99,1.84,5.12,1.84,5120,26,9473,45681,119584,85.4,69.7,55.4,40.3,60.9,91.3,1.48,74.4,8.2,4.93,4.58,92.3,156,153,12582
2023-09-20,App_A,WebOS,Comcast Xfinity,Cloudflare,Region,FAST linear,1.47,3.01,1.27,0.53,1.03,1.75,5.11,1.43,5494,27.1,10798,51998,113689,86.3,69.6,51.4,40.4,60,91.1,1.47,78,8.1,4.09,4.2,93.6,148,131,18463
2023-09-20,App_B,iOS,AT&T,Akamai,Region,FAST linear,1.45,3.12,1.77,0.68,0.94,2.02,6.25,1.59,5196,25,8691,41609,92436,85.7,69.6,54.4,36,58.9,90.6,1.1,77.4,8.1,4.13,4.51,92.7,189,125,11968
2023-09-21,App_A,Android,T-Mobile,Cloudflare,Region,VOD Movies,1.42,3.42,1.22,0.66,0.95,1.88,5.36,1.52,5648,28.3,9942,47645,105309,85.1,68.2,53.6,39.1,61.3,86.4,1,72.9,7.4,4.44,4.9,94.3,159,127,15515
2023-09-21,App_B,Android,Airtel,Fastly,Country,FAST linear,1.45,3.6,1.28,0.52,1.27,1.52,5.47,1.37,4744,28.8,9372,45396,114494,86.7,68.9,51.6,35.8,60.9,90.5,1.29,74.9,8.8,4.03,4.29,92,194,152,16088
2023-09-22,App_A,Android TV,Cellular 4G,Fastly,Metro,Live Sports/Events,1.48,3.31,1.67,0.69,0.89,1.97,5.9,1.7,6542,26.8,10884,51860,133936,87.6,72.4,51.7,39,61,89.9,1.22,78.9,8,4.07,4.95,93.7,154,107,17032
2023-09-22,App_B,iOS,Broadband,AWS CloudFront,Country,VOD Movies,1.27,3.06,1.27,0.72,1.24,1.88,6.06,1.59,5323,26,8089,39014,81445,89.3,70,52.1,36.6,63.1,91.8,1.13,74.3,8.5,4.96,4.81,92,191,130,10769
2023-09-23,App_A,WebOS,Cellular 4G,AWS CloudFront,Region,VOD Series,1.27,3.66,1.53,0.58,0.97,2.13,6.29,1.25,5156,26.6,10519,50347,117024,87.9,69.6,51.2,36.5,64.4,88.3,1.19,78.5,6.8,4.17,4.73,91.4,165,131,17167
2023-09-23,App_B,Android,Cellular 4G,Cloudflare,Metro,VOD Movies,1.2,3.65,1.71,0.62,0.92,1.68,5.5,1.61,4474,25.6,8608,41047,92078,86.9,72.6,55.8,36.4,60.6,86.3,1.24,73,7.5,4.32,4.01,94.2,215,144,12815
2023-09-24,App_A,Desktop Web,T-Mobile,Cloudflare,Metro,VOD Movies,1.52,3.56,1.42,0.71,1.24,1.95,5.92,1.33,5560,27.9,9633,46003,110781,88.8,72.8,51,38,62.8,86.4,1.15,72.7,6.6,4.54,4.39,93.2,152,113,15805
2023-09-24,App_B,Android TV,Verizon,Cloudflare,Metro,VOD Movies,1.26,3.73,1.36,0.57,1.29,1.73,5.02,1.68,5508,27.6,9050,43561,108981,85.1,71.7,55.7,36.7,62.4,89,1.41,72.2,8.5,4.9,4.33,93.6,194,151,12271
2023-09-25,App_A,Tizen,Cellular 4G,AWS CloudFront,Region,FAST linear,1.19,3.05,1.53,0.66,1.05,1.61,6.25,1.21,5991,28,10560,50665,113919,86.2,68.8,50.9,36.8,61,85.7,1.26,76.8,6.5,4.73,4.55,93.2,209,128,15931
2023-09-25,App_B,Apple TV,Verizon,AWS CloudFront,Metro,Live Sports/Events,1.59,2.95,1.76,0.69,0.94,1.99,5.93,1.34,5621,25.5,9085,43206,92284,87.4,67.5,53.3,37.3,59.3,89.7,1.17,76.3,8,4.54,4.16,91.9,178,145,12520
2023-09-26,App_A,Desktop Web,Wi-Fi,AWS CloudFront,Region,VOD Series,1.29,3.46,1.45,0.51,0.95,1.57,5.54,1.56,4971,25.9,9577,46157,119581,86.9,71.4,52.7,40.1,59,88,1.18,78.8,7.3,4.01,4.98,91.2,146,138,12880
2023-09-26,App_B,Android TV,Wi-Fi,Cloudflare,Region,Live Sports/Events,1.41,2.99,1.63,0.59,0.97,1.59,5.65,1.45,5406,27.8,8792,42499,111481,83.9,72.4,56.7,39.2,63.3,90.5,1.04,77.5,8.6,4.86,4.3,92.8,157,152,13218
2023-09-27,App_A,Apple TV,Jio,AWS CloudFront,Country,Live Sports/Events,1.15,3.55,1.26,0.68,1.19,1.99,6.3,1.48,6656,25.3,10950,52403,135821,85.1,67.7,55.4,41.4,61.9,90.7,1.48,77.8,7.5,4.9,4.71,91.9,190,147,14126
2023-09-27,App_B,Desktop Web,Jio,Akamai,Country,FAST linear,1.45,3.52,1.76,0.67,0.98,2.03,5.9,1.29,5215,28.7,9288,44164,96797,86.1,67.4,56.7,39.1,56.9,87.8,1.41,74.5,6.9,4.43,4.11,92.7,206,128,16360
2023-09-28,App_A,FireTV,Verizon,Fastly,Metro,Live Sports/Events,1.37,3.75,1.28,0.69,1.22,2.02,5.75,1.23,5314,26.6,10014,48048,120155,86.5,66.9,55.6,37.4,61.4,88.3,1.09,78.1,7.8,4.17,4.41,92.2,187,116,12984
2023-09-28,App_B,Apple TV,Cellular 4G,Fastly,Country,VOD Series,1.43,3.65,1.25,0.62,1.25,1.83,5.37,1.27,4251,28,8463,40739,105877,85.3,67,57,40.7,63.2,85.8,1.13,77.5,6.8,4.82,4.46,93.1,153,111,11418
2023-09-29,App_A,Tizen,Airtel,AWS CloudFront,Region,Live Sports/Events,1.48,3.49,1.49,0.73,1.01,1.93,6.16,1.22,5582,28.4,10470,50363,116383,84.7,70.1,56.4,37.3,61.8,89.2,1.38,73.6,6.4,4.01,4.36,92.4,185,126,17603
2023-09-29,App_B,Android,Airtel,Cloudflare,Metro,VOD Series,1.47,3.76,1.54,0.6,1.32,1.73,5.53,1.72,5624,26.8,8707,41528,92930,89.3,73,56.2,39.5,62.7,87.7,1.15,73.6,8.5,4.15,4.52,92.7,181,120,13592
2023-09-30,App_A,Android,Airtel,Cloudflare,Region,FAST linear,1.36,3.75,1.76,0.74,1.07,1.88,5.41,1.3,5762,24.8,10601,50405,128855,83.4,67.8,57.4,38.2,64.5,88.9,1.08,73.8,7.8,4.57,4.41,92.5,167,128,16762
2023-09-30,App_B,iOS,T-Mobile,Cloudflare,Country,VOD Movies,1.56,3.28,1.43,0.7,1.13,2.05,5.67,1.71,5522,28.9,9173,44407,101139,84.9,68.6,53.2,37.4,59.6,89.7,1.51,74.8,8.7,4.79,4.12,91.1,161,126,11355
2023-10-01,App_A,iOS,Jio,Cloudflare,Country,FAST linear,1.48,3.56,1.56,0.62,1.07,1.83,5.9,1.69,5582,25,10777,52016,115208,88.9,67.1,54.5,37.3,62.4,91.9,1.11,76.6,7.3,4.07,4.29,92.7,191,117,14905
2023-10-01,App_B,Tizen,Airtel,Fastly,Country,VOD Series,1.36,3.12,1.83,0.63,1.02,1.58,6.19,1.4,4152,27.6,9021,43287,104018,84.2,71.3,52.8,37.5,58.5,88.3,1.06,72.7,8.9,4.29,4.37,94.4,156,110,14350
2023-10-02,App_A,Desktop Web,Verizon,Cloudflare,Region,Live Sports/Events,1.38,3.28,1.45,0.54,0.89,1.76,6.43,1.47,6078,28.3,10914,52106,115901,87.8,72.1,51.7,37.8,61.4,90.2,1.38,73.5,7.1,4.6,4.65,94,156,134,14691
2023-10-02,App_B,Tizen,Cellular 4G,AWS CloudFront,Region,Live Sports/Events,1.33,3.29,1.69,0.68,1.02,1.91,5.07,1.24,5406,26.6,9096,43550,110584,84.7,66.9,54.2,38.6,60,86.9,1.47,73.3,7.5,5.03,4.04,94.5,159,134,11932
2023-10-03,App_A,Desktop Web,T-Mobile,AWS CloudFront,Country,VOD Series,1.3,3.34,1.71,0.67,1.15,1.63,6.35,1.55,6066,25.6,10815,51447,128587,84.9,68.7,53.7,40.3,58.8,91.5,1.2,74.5,8.4,4.38,4.59,93.2,163,141,15924
2023-10-03,App_B,Apple TV,T-Mobile,Akamai,Country,FAST linear,1.54,3.82,1.77,0.75,1.05,1.7,6.04,1.59,4718,28.4,8476,40680,92693,84.8,69,54.6,40.9,59.7,88.4,1.21,74.2,7.7,4.65,4.37,92.6,176,138,12873
2023-10-04,App_A,Android,Comcast Xfinity,Akamai,Region,VOD Series,1.27,3.26,1.51,0.67,1.2,2.13,5.12,1.55,5215,27.9,9806,47440,102431,84.8,70.2,55.2,40.8,64.3,88.4,1.26,78.1,8.5,3.88,4.71,93.2,192,111,14496
2023-10-04,App_B,Android,Wi-Fi,Akamai,Metro,Live Sports/Events,1.54,3.84,1.33,0.74,1.02,1.82,5.09,1.31,4936,29.1,8062,38520,101162,83.3,70.6,53,36.1,61.1,85.7,1.53,77.3,8.8,4.21,4.06,91.2,186,129,10608
2023-10-05,App_A,Android TV,Broadband,Akamai,Metro,Live Sports/Events,1.3,3.52,1.51,0.55,1.03,1.94,5.23,1.39,6367,29.1,9368,45349,98971,88.8,70.3,51.1,36.9,64.1,91.6,1.38,76.6,7.4,4.82,4.84,92.6,148,107,13669
2023-10-05,App_B,FireTV,Wi-Fi,Akamai,Metro,FAST linear,1.25,3.22,1.23,0.67,1.19,1.85,5.14,1.54,5216,26.5,8537,41017,88774,87.6,67.5,56.8,40.8,60.5,86.3,1.26,78.5,8.3,4.78,4.9,90.9,156,113,13721
2023-10-06,App_A,Tizen,Cellular 5G,AWS CloudFront,Region,FAST linear,1.24,2.94,1.66,0.54,1.25,2.08,6.25,1.35,6548,28.9,9312,44868,98800,85.7,70,53.3,39.6,60.2,89.2,1.15,76.5,6.4,4.35,4.11,94.4,159,127,12229
2023-10-06,App_B,iOS,T-Mobile,Fastly,Country,FAST linear,1.28,2.89,1.33,0.61,1.17,1.76,6.37,1.49,4359,26.1,8857,42893,88990,85.5,70,54.6,38.6,60.7,87.7,1.38,78.1,8.4,4.85,4.79,93.7,193,156,11814
2023-10-07,App_A,Apple TV,Cellular 4G,Cloudflare,Country,VOD Series,1.49,3.73,1.51,0.63,1.27,1.69,5.96,1.33,5532,27.8,9867,46994,100751,88.7,70.8,57.3,41.7,57.7,86.4,1.02,73,7.3,4.81,4.83,93.3,164,135,12280
2023-10-07,App_B,iOS,Jio,AWS CloudFront,Region,FAST linear,1.36,3.62,1.62,0.77,1.33,1.99,5.7,1.62,4113,25.5,7957,38114,92266,86,69.9,54.8,39.7,58.5,91.7,1.33,74.9,6.9,3.99,4.15,91.5,161,125,14200
2023-10-08,App_A,FireTV,AT&T,Fastly,Country,VOD Series,1.31,3.16,1.63,0.57,0.94,1.82,6.4,1.32,4872,26,10880,52656,139858,84.2,67.6,52,41.9,58.5,86.1,1.1,79.8,7.5,4.56,4.95,93.4,194,127,17098
2023-10-08,App_B,Tizen,Jio,AWS CloudFront,Country,VOD Movies,1.41,3.16,1.47,0.77,1.14,1.83,5.11,1.67,4458,24.4,7985,38723,98123,89.3,70.3,54.5,41.1,59.3,91.6,1.07,76.9,8.4,4.36,4.5,92.9,155,114,13491
2023-10-09,App_A,Desktop Web,Wi-Fi,Akamai,Metro,VOD Series,1.38,3.16,1.47,0.66,1.04,1.59,5.66,1.31,6223,27.7,9778,47232,117518,86.5,70.9,56.1,41.3,62.5,88.5,1.01,74.9,6.6,4.36,4.29,92.5,166,135,13969
2023-10-09,App_B,Android,Airtel,Akamai,Metro,Live Sports/Events,1.54,3.13,1.33,0.59,1.03,2.14,5.39,1.45,4510,28.8,8827,42802,90362,83.1,71.2,55.6,38.1,57.1,92.7,1.47,76.3,8.7,4.73,4.7,93.8,204,131,12944
2023-10-10,App_A,Android TV,Comcast Xfinity,Akamai,Country,Live Sports/Events,1.32,3.05,1.51,0.72,1.01,1.75,5.49,1.57,5460,28.5,10180,48833,106072,84.3,67,53,37.5,61.1,87.2,1.04,77.8,7,4.88,4.73,92.8,171,118,13988
2023-10-10,App_B,WebOS,T-Mobile,Fastly,Country,VOD Movies,1.25,3.78,1.56,0.6,1.27,2.09,5.92,1.43,4896,27,8718,41471,97397,85.9,68,52.8,37.7,58.4,87.7,1.33,72.6,7.1,4.75,4.76,91.2,174,152,13090
2023-10-11,App_A,Apple TV,Broadband,Cloudflare,Metro,Live Sports/Events,1.45,2.83,1.43,0.73,0.92,1.48,6.48,1.65,5770,28.9,10775,51581,138801,88.5,72,51.2,38.8,58.6,87.1,1.34,73.6,6.8,4.6,4.7,94.4,173,127,14260
2023-10-11,App_B,Desktop Web,AT&T,Akamai,Region,Live Sports/Events,1.35,3.39,1.78,0.7,1.1,1.49,5.57,1.7,5490,26.5,8988,43442,108753,83.5,73.5,51.8,39.6,58.3,92.5,1.39,76.6,7.4,4.1,4.78,92.9,212,115,15738
2023-10-12,App_A,Android,Verizon,Fastly,Region,Live Sports/Events,1.42,3.48,1.76,0.52,1.1,1.52,5.48,1.29,6190,29.1,9937,47888,101121,89.1,72.4,57,38.8,64,89,1.16,79,8.5,4.43,4.5,91.6,150,130,17020
2023-10-12,App_B,Tizen,Jio,AWS CloudFront,Country,FAST linear,1.36,3.19,1.46,0.66,1.23,1.9,5.24,1.82,4856,25,7805,37406,78781,84.3,73.2,52,40.9,56.8,91.4,1.49,75.1,7.4,4.41,4.65,90.9,207,148,11158
2023-10-13,App_A,Tizen,Cellular 4G,AWS CloudFront,Metro,VOD Series,1.45,3.52,1.59,0.5,0.87,1.45,6.01,1.21,6204,26.9,9733,46709,114725,87.5,69.2,53.2,36.7,57.7,92.1,1.29,77.2,6.8,3.85,4.85,94.3,200,106,11934
2023-10-13,App_B,WebOS,AT&T,Fastly,Metro,VOD Movies,1.4,3.17,1.58,0.69,1.2,1.6,6.09,1.66,5119,25.9,8911,42733,104446,85,70.5,55.8,40.6,58.6,87.9,1.22,74.7,8,4.31,4.44,90.9,165,147,10898
2023-10-14,App_A,iOS,Verizon,AWS CloudFront,Country,Live Sports/Events,1.25,2.93,1.36,0.54,1.12,1.47,5.96,1.37,6443,26.7,10485,50092,132221,83.1,70.1,56.2,41,62,89.6,1.45,79.5,7.6,4.64,4.64,92.3,183,137,16811
2023-10-14,App_B,Apple TV,Wi-Fi,Fastly,Metro,Live Sports/Events,1.37,3.33,1.81,0.71,1.1,1.59,6.21,1.58,4628,26,8292,39627,93391,83.7,72.7,55.5,37.4,58.4,88.9,1.32,74.5,8.4,4.74,4.88,92.4,214,146,10757
2023-10-15,App_A,FireTV,Airtel,Fastly,Metro,FAST linear,1.5,3.1,1.48,0.58,1.1,1.9,6.5,1.5,6095,27.1,10110,48751,127987,87.1,70.1,52.6,38,62.9,85.7,1.4,75.5,6.7,4.85,4.16,91.4,183,127,15302
2023-10-15,App_B,Desktop Web,Wi-Fi,Akamai,Metro,VOD Movies,1.47,2.9,1.72,0.64,1.05,1.7,5.14,1.5,4990,28.4,8396,39929,106786,88.8,71.7,52.6,36.3,60.7,90.7,1.04,72.5,7.9,4,4.22,94.5,210,133,13160
2023-10-16,App_A,Android TV,AT&T,AWS CloudFront,Country,Live Sports/Events,1.47,3.49,1.2,0.53,1.06,1.63,5.18,1.67,4919,24.8,9960,47591,106310,84.1,72.1,55.8,39.7,64.1,89.9,1.4,75.5,7.2,4.59,4.85,91.4,193,140,14626
2023-10-16,App_B,Desktop Web,Cellular 5G,AWS CloudFront,Country,VOD Movies,1.46,2.93,1.72,0.6,0.94,1.81,6.31,1.4,4713,27.1,7753,37291,88499,84.2,72.7,52.5,41.3,57.3,91.3,1.2,73.7,8.6,4.28,4.36,93.4,203,112,13856
2023-10-17,App_A,FireTV,Verizon,Fastly,Region,VOD Series,1.39,2.81,1.55,0.62,1.08,1.96,5.12,1.65,5779,28.3,10506,50689,133855,88.6,70.1,56.6,38.3,64.2,86.6,1.36,74.4,7.8,4.04,4.46,93.1,199,123,14114
2023-10-17,App_B,Tizen,Broadband,Akamai,Region,Live Sports/Events,1.44,3.56,1.44,0.57,1.34,2.17,5.07,1.59,4065,23.8,8263,39870,95347,88.3,71.9,51.6,36,58.5,89.5,1.17,77.6,7.5,4.28,4.67,94.5,164,143,12106
2023-10-18,App_A,FireTV,AT&T,AWS CloudFront,Metro,FAST linear,1.46,3.42,1.18,0.64,0.92,1.97,6.33,1.65,6178,28.6,9666,45941,97957,88.8,67.3,57.2,39.8,58.5,90,1.18,74.7,8.3,3.97,4.33,92.5,204,109,16427
2023-10-18,App_B,WebOS,Jio,Cloudflare,Region,FAST linear,1.52,3.78,1.79,0.59,1.22,1.53,5.56,1.56,4594,27.1,9006,42801,100772,89,70.1,57.1,39.8,60.2,92.8,1.26,74.9,6.6,4.44,4.89,91.9,165,120,12157
2023-10-19,App_A,Tizen,Wi-Fi,Akamai,Region,VOD Movies,1.25,2.92,1.65,0.62,1,1.79,5.36,1.42,5343,24.1,9404,45382,99535,86.8,67,51.5,36.8,64.3,85.9,1.25,74.2,8.3,4.42,4.95,94.3,196,108,12605
2023-10-19,App_B,iOS,Cellular 5G,Akamai,Region,VOD Series,1.26,3.6,1.67,0.67,1.26,1.88,5.32,1.64,5460,24.5,8627,41493,107418,87.5,68.2,57,37.2,63.6,91.5,1.05,73.9,6.6,5.03,4.47,91.2,203,114,15101
2023-10-20,App_A,Android,Cellular 5G,Cloudflare,Metro,FAST linear,1.45,3.59,1.67,0.73,0.98,1.61,5.25,1.56,6236,26.3,9705,46981,125676,86.5,72.6,53.5,37.1,63.6,85.7,1.08,73.9,7.9,4.59,4.54,93,168,109,17052
2023-10-20,App_B,Tizen,Jio,Akamai,Region,Live Sports/Events,1.38,3.84,1.45,0.6,1.31,2.15,5.4,1.73,4876,24.2,8283,39839,102293,83.3,68.1,54.6,40.5,58.9,88.6,1.07,78.4,8.2,4.23,4.45,92.2,191,145,13534
2023-10-21,App_A,Apple TV,Comcast Xfinity,Cloudflare,Metro,VOD Movies,1.49,2.77,1.64,0.55,1.16,1.69,5.4,1.61,6165,26.3,9166,44059,107781,86.6,67,57.6,37.7,58.6,90,1.45,75,8.3,4.09,4.53,93,183,122,15000
2023-10-21,App_B,FireTV,Jio,Cloudflare,Country,VOD Movies,1.57,3.16,1.23,0.7,1.1,1.92,6.02,1.68,5241,26.9,8298,39456,102221,86,70.2,54.7,40.4,59.4,90.7,1.06,74.8,6.6,4.67,4.65,94,204,155,12176
2023-10-22,App_A,Android,Cellular 5G,Cloudflare,Country,FAST linear,1.29,3.21,1.19,0.61,1.05,1.66,6.43,1.22,5697,28.1,9567,45508,111238,88.7,70.2,53.5,39.7,64.5,86,1.08,75.2,7.6,4.11,4.18,90.9,158,132,12017
2023-10-22,App_B,Apple TV,AT&T,Akamai,Region,FAST linear,1.27,3.25,1.62,0.62,1.15,1.68,5.21,1.45,5158,27.1,8500,40465,90767,86.2,69.1,54.9,39.3,59.1,92.2,1.51,71.7,8.6,4.82,4.56,90.9,205,147,10752
2023-10-23,App_A,iOS,Wi-Fi,Fastly,Country,FAST linear,1.28,3.39,1.2,0.62,0.94,2,6.13,1.41,5893,24.2,9957,47633,129126,87.2,70,53.1,41,63.8,86.6,1.44,80,7.8,4.32,4.94,91.7,193,125,12333
2023-10-23,App_B,FireTV,Wi-Fi,Cloudflare,Country,VOD Movies,1.47,3.05,1.72,0.74,1.04,1.54,5.25,1.63,4913,25.5,7932,38088,91785,87.3,72.1,57.6,40.1,60.8,89.9,1.3,76.5,7.3,4.89,4.72,93.9,207,149,10249
2023-10-24,App_A,WebOS,T-Mobile,Fastly,Country,VOD Movies,1.38,3.17,1.38,0.58,1.18,2.08,6.09,1.23,6331,26.5,9958,47320,113662,83.4,72.6,54.3,40,58.6,91.4,1.3,77.4,6.5,4.08,4.88,90.9,208,107,15619
2023-10-24,App_B,Desktop Web,Airtel,Fastly,Metro,VOD Series,1.2,3.22,1.41,0.56,0.99,2.04,6.04,1.41,5254,28.1,7758,37040,85001,87.7,68.5,51.8,38.5,62.9,90.7,1.11,75.4,7.5,4.97,4.91,91.3,164,142,9848
2023-10-25,App_A,Desktop Web,Wi-Fi,Cloudflare,Country,VOD Series,1.38,3.59,1.45,0.7,1.21,1.51,5.25,1.63,4893,25.4,10384,49990,126643,83.9,70.3,56.5,39.8,65.1,88,1.15,78.3,6.3,4.08,4.5,91.8,158,144,15987
2023-10-25,App_B,iOS,AT&T,Fastly,Metro,VOD Series,1.36,3.87,1.49,0.59,0.96,1.71,5.19,1.6,4400,25.3,8122,38791,100071,88,69.7,51.3,36.2,58.6,92.5,1.32,77.6,8.7,4.81,4.68,94,160,114,13539
2023-10-26,App_A,Desktop Web,Comcast Xfinity,AWS CloudFront,Metro,Live Sports/Events,1.19,3.39,1.18,0.68,1.09,2.12,5.41,1.6,5307,27.8,10401,50139,132433,86.9,71,53.2,38.7,58.4,86.2,1.42,78.1,7,4.42,4.88,93.2,146,126,15760
2023-10-26,App_B,WebOS,Cellular 4G,Cloudflare,Region,VOD Series,1.4,3.74,1.28,0.63,1.01,1.86,6.19,1.31,5427,24.3,8457,40285,100958,88.4,68.5,57,38.3,63.6,91.5,1.25,73.5,7.1,4.23,4.75,90.9,211,153,13364
2023-10-27,App_A,Desktop Web,Cellular 4G,AWS CloudFront,Metro,VOD Movies,1.18,3.69,1.32,0.7,1.28,1.93,5.65,1.44,6289,26,9240,43894,109472,85.1,70.4,54.4,38.5,63.5,86.4,1.33,80.2,6.8,4.35,4.83,92.9,175,128,12038
2023-10-27,App_B,WebOS,Cellular 5G,AWS CloudFront,Metro,VOD Series,1.25,3.06,1.64,0.55,1.02,1.65,6.07,1.37,4125,25.7,8954,42928,113941,83.6,67.6,53.9,38.4,62,88.7,1.12,72.5,8.8,4.66,4.88,91.3,163,138,14806
2023-10-28,App_A,iOS,Verizon,Cloudflare,Metro,FAST linear,1.19,3.15,1.74,0.71,0.87,1.94,5.89,1.32,5759,27.3,9505,45909,105415,84.4,67.9,54.8,39.6,59.8,90.6,1.09,77.5,8,3.94,4.2,93,156,134,11494
2023-10-28,App_B,iOS,Verizon,Cloudflare,Country,Live Sports/Events,1.18,3.86,1.42,0.68,1.22,2.03,5.72,1.24,4556,23.5,8306,39623,90814,84.7,71.2,51.9,39.7,60.6,86,1.2,77,8,4.05,4.25,91.9,207,150,13904
2023-10-29,App_A,WebOS,Cellular 5G,Cloudflare,Region,Live Sports/Events,1.52,3.19,1.52,0.6,1.05,1.92,6.14,1.38,6405,24.6,10189,48697,126525,89.2,72.7,54.1,41.3,61,86.1,1.38,77.9,6.3,4.08,5.06,94.4,155,105,17746
2023-10-29,App_B,Tizen,Airtel,AWS CloudFront,Country,Live Sports/Events,1.43,3.7,1.23,0.71,1.19,1.85,5.08,1.56,4920,26.4,7703,37039,86152,86.1,72.3,57,36.8,58.4,87.3,1.05,72.8,7.3,4.61,4.51,91.3,155,135,9434
2023-10-30,App_A,iOS,Airtel,Akamai,Country,VOD Series,1.19,3.22,1.36,0.5,1.27,2.05,5.32,1.33,6234,26.1,9892,47203,119719,88.9,69.1,52,40.4,63.9,92.7,1.06,79.4,6.4,4.22,5,94.4,170,134,16991
2023-10-30,App_B,Apple TV,Cellular 4G,Cloudflare,Country,VOD Movies,1.2,3,1.26,0.74,0.91,2.2,5.2,1.4,5035,25.4,7706,36914,86060,85.9,69.7,51.8,38.2,61.9,86.5,1.16,76.3,6.7,4.11,4.74,93.2,180,126,11491
2023-10-31,App_A,iOS,Broadband,Cloudflare,Region,Live Sports/Events,1.51,3.46,1.5,0.58,1.18,1.57,6.32,1.64,5811,28.3,10530,50433,126566,86.8,72.4,56.9,41.2,63.8,89.2,1.05,74.6,7.6,4.06,4.34,93.8,158,121,16988
2023-10-31,App_B,iOS,T-Mobile,AWS CloudFront,Region,FAST linear,1.21,3.68,1.57,0.72,0.93,1.72,5.15,1.55,4713,24.8,9013,43657,113176,87.9,70.7,53.2,37.3,63.6,87.6,1.11,77.5,8.6,4.81,4.34,92.8,159,116,12235
2023-11-01,App_A,Tizen,Comcast Xfinity,Akamai,Country,Live Sports/Events,1.43,3.08,1.4,0.49,1.01,1.42,6.19,1.57,6167,28,10506,49984,118946,83.9,72.5,53.6,41.6,58,90.1,1.01,80.2,7.4,4.37,4.94,93.8,202,149,13306
2023-11-01,App_B,WebOS,Broadband,AWS CloudFront,Metro,FAST linear,1.31,2.95,1.38,0.54,1.04,1.9,5.09,1.31,4472,26.2,8137,39356,99428,89.5,67.4,57,40.2,61.9,92.3,1.18,77.9,8.7,5.03,4.34,93.9,190,143,13998
2023-11-02,App_A,Desktop Web,Broadband,AWS CloudFront,Country,Live Sports/Events,1.47,3.12,1.37,0.71,0.93,1.45,5.72,1.44,5257,28.6,9850,47377,109357,84.7,71.5,57.3,41.6,57.8,90.7,1.2,80,6.7,3.84,4.7,91.4,206,141,13481
2023-11-02,App_B,Android,AT&T,Cloudflare,Metro,FAST linear,1.51,3.85,1.81,0.71,1.22,1.67,6.27,1.52,4262,28.1,8759,42416,92510,87.8,67.3,55.4,40.3,60,91.8,1.12,71.5,7.3,4.16,4.49,91.1,196,140,13123
2023-11-03,App_A,iOS,Airtel,Akamai,Metro,VOD Series,1.41,3.04,1.23,0.59,1.04,2.11,5.28,1.4,5677,28.4,9784,47404,122250,83.7,73.7,56,39.1,58.7,92,1.36,78.5,8,4.11,4.55,94.4,146,141,14406
2023-11-03,App_B,Apple TV,Comcast Xfinity,AWS CloudFront,Metro,Live Sports/Events,1.25,3.76,1.33,0.56,1.17,2.11,5.75,1.52,4587,27.1,8757,42113,96195,85.9,68.1,52.7,40.9,58,93,1.28,72.7,7.5,5,4.32,93.6,157,143,12918
2023-11-04,App_A,Android,Airtel,Cloudflare,Metro,VOD Movies,1.35,3.28,1.29,0.64,1.13,1.65,5.37,1.28,5010,28,10696,50908,133898,83.5,71.2,57,39.8,63.6,87.9,1.13,73.8,7.7,4.35,4.24,92.4,167,119,16880
2023-11-04,App_B,Desktop Web,Jio,AWS CloudFront,Country,VOD Movies,1.52,3.71,1.21,0.7,0.98,1.49,5.32,1.59,5150,23.7,8032,38178,90870,83.7,67.5,55.8,40.7,63.5,88.3,1.31,71.6,6.8,4.13,4.2,92.1,187,148,12371
2023-11-05,App_A,Apple TV,Airtel,Cloudflare,Region,VOD Series,1.45,2.8,1.69,0.7,1.22,1.51,5.6,1.75,5878,25.4,10470,50715,109809,85.9,70.5,56.9,38.8,58.3,91.4,1.01,76.5,7.4,4.06,4.17,93.6,199,120,15446
2023-11-05,App_B,Apple TV,Jio,AWS CloudFront,Region,FAST linear,1.18,3.84,1.53,0.53,1.18,1.76,6.42,1.4,4154,26.9,8364,39940,90628,89.4,70.3,51.5,40.2,63.5,86.5,1.29,77.6,8.4,4.07,4.36,92.6,169,129,14816
2023-11-06,App_A,Tizen,Verizon,Fastly,Region,Live Sports/Events,1.44,3.18,1.34,0.58,0.93,1.92,6.35,1.43,5564,24.5,9417,45101,100356,84.9,68.5,52.9,37.9,58.2,85.9,1.25,77.6,8.3,4.41,4.57,92.7,171,133,14804
2023-11-06,App_B,WebOS,Cellular 4G,AWS CloudFront,Region,VOD Series,1.57,3.85,1.81,0.64,0.97,1.58,5.52,1.26,4612,25.9,8036,38755,81211,87.2,67.1,53.8,38.8,59.9,86.3,1.09,73.9,6.9,4.14,4.95,93,197,148,12909
2023-11-07,App_A,Android,Cellular 4G,Akamai,Country,VOD Series,1.44,3.13,1.37,0.71,0.91,1.71,6.06,1.23,5079,25.1,10552,50847,110761,84.9,68.7,54.7,40.1,58.2,86.5,1.02,80.2,7.2,3.87,4.95,93.4,157,132,15148
2023-11-07,App_B,Tizen,Broadband,Cloudflare,Country,VOD Series,1.25,3.71,1.21,0.54,1.26,1.64,5.28,1.55,4438,26.2,7846,37640,87312,89.7,71,51.4,38,59.1,86.1,1.31,74.2,7.9,4.69,4.18,91.2,212,126,12607
2023-11-08,App_A,Desktop Web,Cellular 4G,AWS CloudFront,Metro,FAST linear,1.14,3.15,1.7,0.62,1.21,1.52,6.24,1.54,5001,25.5,9995,48322,112808,88.3,67.1,51.8,42.2,63.5,86.8,1.35,72.9,7.8,4.07,4.91,94.2,173,147,16241
2023-11-08,App_B,Apple TV,AT&T,Akamai,Metro,FAST linear,1.56,3.68,1.55,0.66,1.3,1.54,5.1,1.6,5125,28.5,8087,38920,100283,87.4,73.9,52.5,39,59.9,87.7,1.36,73.2,7.7,4.75,4.93,92.6,178,116,10034
2023-11-09,App_A,Android,Jio,Fastly,Country,VOD Movies,1.21,3.2,1.32,0.56,1.18,2.03,5.19,1.4,4900,28,9405,44863,120982,83.4,70.1,56.9,41.3,62.5,86.1,1.34,76.5,7.6,4.76,4.43,93.3,162,135,14609
2023-11-09,App_B,Desktop Web,T-Mobile,Fastly,Country,Live Sports/Events,1.4,3.77,1.38,0.61,0.9,1.77,5.73,1.44,4668,25.2,8533,41165,102292,85.3,72.3,52.6,41.4,62.8,89.8,1.31,74.9,7.9,4.53,4.94,92.5,154,132,11975
2023-11-10,App_A,WebOS,Broadband,Akamai,Region,VOD Movies,1.32,2.87,1.45,0.61,1.17,1.98,5.26,1.67,5507,29.2,10541,50190,119714,86,67.7,52,42,64.6,89.2,1.11,79.1,8.1,4.45,4.34,91.2,152,119,16645
2023-11-10,App_B,WebOS,Cellular 4G,Akamai,Metro,VOD Movies,1.57,3.5,1.72,0.61,1.08,2.13,5.67,1.48,4268,25.9,8419,40211,90082,87.8,71.3,55.6,39.5,57.3,86.7,1.05,72.7,8.4,4.31,4.42,94.4,189,118,10988
2023-11-11,App_A,iOS,Wi-Fi,Fastly,Region,VOD Series,1.22,3.03,1.63,0.62,1.01,1.62,6,1.57,5050,25.9,9875,47802,111790,87.3,68.5,54.5,40.6,63.9,88,1.05,79.2,6.6,4.29,4.35,91.8,177,139,15929
2023-11-11,App_B,Android TV,Jio,AWS CloudFront,Country,VOD Series,1.5,3.09,1.28,0.55,1.12,1.85,5.69,1.65,5269,26.5,8840,42029,114126,86.6,70.6,53.6,37.2,57.5,88.4,1.23,78,7.5,4.06,4.39,93.5,209,128,15571
2023-11-12,App_A,WebOS,Jio,Cloudflare,Country,VOD Movies,1.34,3.57,1.63,0.6,0.98,1.56,6,1.57,5572,28.7,10459,50004,118955,83.8,69.6,56.4,40.8,59,86,1.45,78.9,7.1,4.53,4.92,92,180,122,13823
2023-11-12,App_B,WebOS,Wi-Fi,AWS CloudFront,Region,VOD Movies,1.32,3.56,1.6,0.57,0.98,2.03,5.59,1.61,4150,26.2,8666,41638,103700,83.7,70.7,53,39.2,57.2,88.4,1.31,72,6.6,4.08,4.67,92.2,152,145,12101
2023-11-13,App_A,FireTV,Cellular 5G,Cloudflare,Region,FAST linear,1.29,3.2,1.37,0.64,0.87,1.77,6.09,1.52,5723,27.1,10181,49134,118767,88.1,67.8,54.2,38.2,59.9,86.8,1.22,74.9,6.7,4.32,4.74,93.4,154,104,17975
2023-11-13,App_B,FireTV,Airtel,Fastly,Country,VOD Movies,1.3,3.45,1.55,0.6,1.07,1.77,6.08,1.81,5415,28.6,8949,43167,115534,86.5,69.2,51.6,41.1,58.6,87.5,1.23,74.4,6.9,4.39,4.29,92.7,150,146,14687
2023-11-14,App_A,Tizen,Comcast Xfinity,AWS CloudFront,Metro,VOD Series,1.43,3.22,1.65,0.5,1.2,2.07,6.2,1.27,5829,28.8,9974,48291,104918,85.3,70,54.9,38.4,59.4,87.7,1.29,78.2,8.1,4.09,4.19,94.2,146,105,15471
2023-11-14,App_B,FireTV,Comcast Xfinity,Cloudflare,Metro,VOD Series,1.41,3.44,1.77,0.71,1.14,1.76,6.08,1.3,4517,28.7,8691,41501,95951,89.6,68.8,55.2,41.5,62.4,88.5,1.34,76.3,7.9,4.16,4.47,91.7,208,116,15054
2023-11-15,App_A,Desktop Web,Cellular 5G,Fastly,Country,VOD Movies,1.25,2.93,1.72,0.67,0.87,1.82,5.83,1.73,4860,25.7,10439,49986,109112,89.4,67.5,56.5,38,58.8,86.5,1.3,74,7.5,4.66,5.02,94.6,157,143,18077
2023-11-15,App_B,iOS,Airtel,Fastly,Region,VOD Movies,1.52,3.11,1.62,0.6,1.03,1.54,6.25,1.6,5010,24,7876,37988,85043,84.2,71.6,52.5,38.2,64.2,89.2,1.23,75.5,7.8,4.44,4.5,94.6,151,118,12334
2023-11-16,App_A,Android,Verizon,Fastly,Metro,VOD Series,1.18,2.77,1.19,0.66,1.17,1.64,5.34,1.61,6547,25.9,9535,46043,98926,83.8,71.7,53.9,39.2,60.3,90,1.11,78.2,6.6,4.41,4.51,94.4,164,147,16783
2023-11-16,App_B,WebOS,AT&T,Fastly,Region,FAST linear,1.47,3.17,1.71,0.61,1.25,2.09,5.18,1.4,4583,27.4,8159,39492,89356,85.6,71.9,56.1,38.4,61.2,91.4,1.45,74.5,8.2,4.05,4.43,91.2,158,129,12145
2023-11-17,App_A,Apple TV,Cellular 4G,Fastly,Region,VOD Movies,1.37,3.37,1.57,0.53,1.27,1.5,5.34,1.67,6042,29.2,9979,48055,119702,83.5,70.5,54.9,37.7,61.5,92.3,1.1,74.6,8,4.77,4.58,91.2,204,141,16060
2023-11-17,App_B,Android,T-Mobile,Fastly,Country,FAST linear,1.5,3.32,1.8,0.64,1.17,2.02,5.33,1.32,4255,26.8,8380,40077,96306,85.7,72.4,52.1,41.1,58.7,87.5,1.3,73.1,7.5,4.38,4.35,92.5,171,115,10351
2023-11-18,App_A,WebOS,Broadband,Fastly,Country,VOD Series,1.26,3.03,1.36,0.58,1.09,1.54,6.41,1.18,5380,25.5,10496,50741,134499,83.4,69.8,56.5,38.8,64.9,88.5,1.18,73.4,7.8,4.62,4.3,92.5,183,131,14205
2023-11-18,App_B,iOS,Wi-Fi,Akamai,Metro,VOD Series,1.49,3.33,1.76,0.66,1.14,2.11,6.16,1.58,4237,25.2,8985,43188,106238,89.8,72.9,51.4,39.9,63.3,87.4,1.04,73.4,7.8,4.78,4.94,93,151,151,14549
2023-11-19,App_A,Android TV,Verizon,Cloudflare,Region,VOD Series,1.14,2.95,1.4,0.6,0.86,1.89,5.19,1.64,6360,27.6,10761,51704,139493,89.6,70.7,56.4,37.7,63.3,88.6,1.19,76.9,7.8,4.11,4.61,93.3,152,127,17423
2023-11-19,App_B,Android,Broadband,Akamai,Country,VOD Series,1.22,2.98,1.38,0.71,1.08,1.57,5.18,1.62,4553,25.7,8839,42191,103430,83.4,67.3,55.8,40.6,59.1,91.5,1.01,71.8,7.8,4.37,4.89,92.3,148,125,15393
2023-11-20,App_A,FireTV,T-Mobile,AWS CloudFront,Country,VOD Series,1.12,3.57,1.28,0.67,1.04,1.74,5.76,1.56,5370,27.4,10464,49929,110812,85,71.8,53.6,38.4,65.2,92.7,1.14,74.4,7.4,4.18,4.58,91.1,151,121,18269
2023-11-20,App_B,Apple TV,Airtel,AWS CloudFront,Metro,VOD Series,1.35,3.46,1.78,0.75,1.32,1.83,5.28,1.23,4852,26.9,8078,39008,84405,84,70.7,54.8,38.8,59,88.8,1.11,77.9,7,4.03,4.95,93.6,177,140,10121
2023-11-21,App_A,FireTV,Verizon,Fastly,Country,VOD Series,1.44,3.54,1.66,0.57,1.23,1.97,5.35,1.56,5922,25.7,9976,48160,110800,89.3,71.8,56.2,41.1,58.5,92.4,1.41,75.5,6.3,4.04,4.2,92.4,166,138,14958
2023-11-21,App_B,Apple TV,AT&T,Akamai,Country,Live Sports/Events,1.29,3.38,1.35,0.71,1.05,1.99,5.67,1.76,5502,27.4,7988,38061,89383,87.2,72.7,51.5,40.4,62.4,91.2,1.06,74.1,7.5,4.18,4.13,93.2,206,115,11293
2023-11-22,App_A,Apple TV,Comcast Xfinity,Akamai,Region,FAST linear,1.3,3.35,1.53,0.54,1.01,1.79,5.67,1.31,6432,29.3,9738,46813,117824,87.4,72.6,57.7,41.9,61.9,88.6,1.44,78.1,7,4.46,4.42,91.5,176,147,12504
2023-11-22,App_B,Desktop Web,Broadband,Fastly,Metro,Live Sports/Events,1.32,3.32,1.56,0.57,1.08,1.96,5.25,1.65,5626,26.8,9034,43598,95154,84.7,72.4,55,38.6,60.6,92.8,1.32,74.5,7.3,4.56,4.46,91.2,151,138,13367
2023-11-23,App_A,Android,Broadband,Cloudflare,Country,VOD Series,1.49,3.13,1.36,0.56,0.96,1.69,5.34,1.69,5600,26.4,10520,50974,111349,84.1,69.6,54,37.9,58.9,92.6,1.3,74.7,8.3,4.64,4.79,91.2,163,135,13998
2023-11-23,App_B,iOS,Comcast Xfinity,Fastly,Region,FAST linear,1.26,3.38,1.35,0.53,0.98,1.65,5.54,1.39,5281,29.2,9031,43027,105338,84.1,71,55.3,37.6,59.6,89,1.18,72,6.6,4.15,4.53,92.9,181,129,15456
2023-11-24,App_A,WebOS,Verizon,Fastly,Region,FAST linear,1.36,3.21,1.31,0.49,1.23,1.51,5.82,1.38,5475,26.3,10605,51401,119161,86.3,73.9,57.9,42.3,58.9,92.9,1.26,74.4,6.2,4.49,5.01,92.1,186,113,14456
2023-11-24,App_B,WebOS,Verizon,Cloudflare,Metro,VOD Series,1.46,3.37,1.53,0.74,1.22,1.54,5.27,1.72,5440,24.7,9205,44378,106074,85.2,70.3,53.9,37.1,63.9,88.8,1.27,72.1,8.1,4.3,4.28,91.5,195,130,14568
2023-11-25,App_A,Apple TV,Comcast Xfinity,AWS CloudFront,Region,VOD Movies,1.18,3.65,1.35,0.66,1.22,2.09,6.04,1.24,6497,30.2,11066,53022,114725,85.3,68,51.5,40.7,62.1,88.8,1.34,76.1,7.9,4.23,4.64,93.8,183,133,14349
2023-11-25,App_B,Apple TV,Verizon,Fastly,Country,Live Sports/Events,1.49,3.45,1.47,0.64,1.01,1.88,6.09,1.3,5331,24.5,8465,40806,108978,86.1,73.2,52.7,41,62.5,88.4,1.23,71.8,8.2,4.35,4.13,91.4,166,113,12399
2023-11-26,App_A,FireTV,Cellular 5G,Fastly,Country,Live Sports/Events,1.39,3.67,1.4,0.65,1.06,1.64,6.25,1.64,5531,27.5,11054,53086,133983,84,67.3,57.5,39.1,64.1,90.9,1.36,74,7.6,4.47,4.88,94.5,157,109,13660
2023-11-26,App_B,WebOS,Verizon,Fastly,Region,VOD Movies,1.22,3.21,1.61,0.75,1.02,2.02,6.24,1.65,5163,30,9241,44166,102639,85.3,68.8,54.5,40.4,62.6,87,1.49,74.8,6.5,4.45,4.24,94.1,178,145,12120
2023-11-27,App_A,Android,Comcast Xfinity,Cloudflare,Region,FAST linear,1.22,3.68,1.68,0.52,1.2,1.94,5.58,1.73,6490,28.5,11086,53107,141168,86.7,69.4,57.5,41.1,64.6,91.4,1.13,76.1,6.6,4.62,4.47,92.8,176,124,15390
2023-11-27,App_B,iOS,Cellular 5G,Cloudflare,Region,VOD Movies,1.26,3.08,1.78,0.53,0.88,2.08,5.45,1.47,4369,25.8,8536,40998,97218,84.9,73.8,51.8,38.1,61.7,93.1,1.19,73,6.9,4.84,4.26,91.9,154,147,13490
2023-11-28,App_A,Android,Cellular 4G,Akamai,Metro,VOD Movies,1.16,2.84,1.44,0.62,0.9,2.04,6.04,1.67,5076,25.8,9811,46892,98110,83.5,69.5,53.5,39.1,61.7,89.6,1.29,75.5,8,4.51,5.11,94,174,116,14391
2023-11-28,App_B,Desktop Web,Jio,AWS CloudFront,Country,VOD Series,1.35,3.83,1.41,0.61,0.91,1.75,6.46,1.67,5107,25.9,8303,40131,88673,83.8,69.1,54.1,41.7,62,92.6,1.28,72.6,6.8,4.05,4.64,94.3,200,140,13298
2023-11-29,App_A,Desktop Web,Cellular 4G,Akamai,Metro,Live Sports/Events,1.24,3.22,1.31,0.54,1.08,1.67,6.16,1.56,5109,28.2,10811,51944,114724,88.4,72.9,57.7,37.3,62.6,86.9,1.27,73.2,8.1,4.61,4.55,93.7,157,127,14643
2023-11-29,App_B,Android TV,Airtel,AWS CloudFront,Country,Live Sports/Events,1.56,3.25,1.27,0.72,0.98,2.14,5.45,1.53,4684,28.5,9521,45319,106927,83.4,67.2,52,39.4,62.2,88.5,1.47,77.6,8.4,4,4.6,92.6,189,148,12847
2023-11-30,App_A,Android TV,Airtel,Akamai,Country,FAST linear,1.17,2.99,1.3,0.53,1.01,1.55,6.46,1.18,6070,28.6,10781,51945,134401,87.6,70.3,55,40,62.1,92.9,1.34,75.1,7.6,3.91,4.85,92.6,160,121,14308
2023-11-30,App_B,Tizen,Airtel,Cloudflare,Metro,VOD Series,1.55,3.75,1.57,0.52,1.14,1.91,5.86,1.47,4771,28.5,8161,39312,87809,85.8,68.1,56.3,39.5,58.3,89.5,1.01,74.7,7.9,4.06,4.25,93,164,111,10938
2023-12-01,App_A,WebOS,Cellular 4G,Cloudflare,Country,VOD Series,1.34,2.83,1.57,0.54,0.92,1.6,6.41,1.61,6237,26.1,11099,53358,141061,89.9,73.9,53.7,40.9,65.4,92,1.04,75.6,6.3,4.45,4.35,94.4,145,122,18828
2023-12-01,App_B,Tizen,Wi-Fi,Akamai,Metro,Live Sports/Events,1.18,2.98,1.44,0.6,0.93,1.63,6.12,1.75,4474,25.6,8869,42995,91608,89.1,73.3,57.4,39,59.1,89.5,1.45,72.8,7.7,4.4,4.99,93.2,197,114,11239
2023-12-02,App_A,FireTV,Jio,AWS CloudFront,Country,VOD Series,1.42,3.36,1.64,0.49,1.01,2.08,6.35,1.5,6614,25.7,10841,51867,127172,87.4,70.6,53.2,37.6,64.9,86,1.17,78,6.8,3.88,4.72,92.4,187,107,14772
2023-12-02,App_B,Tizen,Wi-Fi,Cloudflare,Country,VOD Movies,1.17,3.15,1.62,0.63,1.18,1.98,5.18,1.38,5326,29.5,9336,44440,107632,89.2,72.1,51.7,41.7,58,92.9,1.04,72.1,7.8,4.98,4.61,94.6,194,119,13832
2023-12-03,App_A,iOS,AT&T,AWS CloudFront,Country,Live Sports/Events,1.29,3.62,1.71,0.53,1.27,1.88,6.08,1.54,5303,28.5,10370,49275,108057,86.5,70.3,52.2,42,65.1,87.4,0.98,74.2,7.9,4.22,4.33,92.2,180,145,17728
2023-12-03,App_B,Desktop Web,Verizon,Cloudflare,Region,Live Sports/Events,1.42,3.71,1.57,0.55,0.94,1.75,6.27,1.66,4969,27.9,8529,41047,105571,84.1,70.4,57.5,38.8,59.5,93,1.37,73.4,7.3,4.95,4.16,92.1,178,149,10297
2023-12-04,App_A,Tizen,Comcast Xfinity,Akamai,Region,FAST linear,1.12,2.95,1.61,0.53,0.96,1.55,5.8,1.39,5987,28.6,10475,50219,113588,86.3,68.3,52.3,41.7,61,86.7,1.43,75.1,6.9,4.62,4.57,93.5,144,112,13179
2023-12-04,App_B,Apple TV,Cellular 4G,Cloudflare,Region,VOD Series,1.33,3.31,1.63,0.58,0.96,1.52,5.25,1.61,5747,26.2,9651,46134,101085,88,68.4,52.1,39.2,59,92.5,1.04,79.3,6.7,4.54,4.48,92.5,158,132,13645
2023-12-05,App_A,iOS,Cellular 5G,Fastly,Region,VOD Movies,1.4,3.06,1.53,0.53,0.89,2.07,6.13,1.67,5185,27.3,11485,54614,146930,88.7,68.3,54.4,42.1,63.9,88,1.18,75.8,6.6,4.66,4.61,91.6,147,138,20138
2023-12-05,App_B,Desktop Web,Jio,Fastly,Country,VOD Movies,1.5,3.83,1.44,0.55,1.26,1.81,6.29,1.49,5746,28,8961,42807,105164,88.5,73.4,55,36.7,61.3,91.5,1.29,73.1,7.2,4.07,4.58,91.7,198,133,13063
2023-12-06,App_A,Android,T-Mobile,AWS CloudFront,Metro,VOD Movies,1.16,3.47,1.6,0.49,1.07,1.41,5.58,1.61,5249,30.8,10694,51492,132507,88.4,71.4,56.4,40.2,62.6,90.4,1.01,76.5,7.9,4.13,4.68,94.3,176,113,15393
2023-12-06,App_B,Android,Cellular 4G,Cloudflare,Region,VOD Movies,1.54,3.04,1.44,0.56,1.2,2.1,5.64,1.3,5085,28.7,8607,41132,100064,83.6,73,56.1,37.9,61.8,93,1.37,77.8,6.8,4.96,4.3,93.5,171,139,12728
2023-12-07,App_A,WebOS,Wi-Fi,Fastly,Region,Live Sports/Events,1.15,2.85,1.65,0.51,1.26,1.84,5.81,1.63,5264,26.2,10214,49204,128515,85.1,73.6,57.7,38.1,62.3,90.8,1.14,75.7,6.8,3.92,4.67,94.5,178,107,14258
2023-12-07,App_B,Android,Wi-Fi,AWS CloudFront,Region,VOD Movies,1.15,3.12,1.57,0.57,0.98,1.8,6.46,1.74,4761,30.7,8409,40530,90956,88.1,68.8,54,39.3,62.2,90.7,1.06,76.9,7.2,4.93,4.34,94.3,156,130,14063
2023-12-08,App_A,WebOS,Broadband,AWS CloudFront,Metro,VOD Movies,1.29,3.23,1.33,0.63,1.12,1.48,5.68,1.7,6435,29.3,11452,54439,117663,87.4,71.9,52.6,40.1,62.5,90.7,1.2,79.9,6.5,4.68,4.79,91.5,162,121,20364
2023-12-08,App_B,Android TV,Verizon,Akamai,Region,FAST linear,1.22,3.19,1.66,0.69,1.22,1.89,5.24,1.29,5573,26.1,8782,42313,107342,88,71.7,57.7,41.8,58.4,86.4,1.11,74.8,7.8,4,4.46,93.3,160,129,13417
2023-12-09,App_A,WebOS,Comcast Xfinity,Akamai,Metro,FAST linear,1.39,2.83,1.66,0.56,0.89,2.05,5.59,1.52,6620,26.9,11309,54208,140304,86.4,73.4,53.5,42,60.9,91.1,1.22,73.3,8.2,3.99,5.08,92,148,136,18757
2023-12-09,App_B,iOS,Airtel,AWS CloudFront,Country,Live Sports/Events,1.19,3.78,1.75,0.69,1.3,1.87,5.33,1.2,4764,26.3,8493,40494,100681,83.5,68.8,52.3,37.5,64,91,1.06,78.2,8.5,4.18,4.21,91.4,161,139,15028
2023-12-10,App_A,WebOS,T-Mobile,AWS CloudFront,Metro,Live Sports/Events,1.23,2.89,1.23,0.68,1.22,1.42,6.39,1.43,5297,27.5,10795,52022,117460,85,73.4,55.6,38.4,58.2,88.5,0.97,80.3,6.6,4.54,4.37,94.7,182,113,17674
2023-12-10,App_B,Apple TV,Wi-Fi,Fastly,Country,VOD Series,1.54,2.97,1.33,0.59,1.04,1.79,5.45,1.66,4680,29.4,9918,47624,127556,84.6,69.6,53.8,37.5,59.2,92.2,1.47,75.3,7.3,4.09,4.89,93.7,181,109,16859
2023-12-11,App_A,Android TV,Comcast Xfinity,Akamai,Metro,Live Sports/Events,1.42,3.46,1.49,0.49,1.23,1.75,6.04,1.65,5484,26.4,10343,49339,111371,88.3,72.1,52.3,38.1,61.8,91.5,1.29,75.9,6.2,4.75,4.45,92.4,154,125,16968
2023-12-11,App_B,Android TV,Verizon,Akamai,Metro,VOD Movies,1.25,3.41,1.42,0.53,1.17,1.67,6.33,1.75,5153,27.2,8739,41977,106169,89.2,67.3,52.3,38.3,61.6,86.8,1.42,72.7,6.7,4.37,5.04,91.7,204,120,11810
2023-12-12,App_A,Desktop Web,AT&T,AWS CloudFront,Region,VOD Movies,1.48,3.36,1.48,0.7,1.2,2.07,5.41,1.19,6311,28.4,10918,52151,141533,86.1,72.7,52.6,42.4,64.1,92,1.37,74.7,6.4,4.72,5.03,93.6,166,105,15806
2023-12-12,App_B,Tizen,Comcast Xfinity,AWS CloudFront,Country,VOD Movies,1.42,3.49,1.59,0.69,0.88,2.1,5.16,1.67,5591,28.7,9914,47766,126178,84.1,71.1,57.7,40.2,57.6,90.2,1.15,77.4,8.3,4.05,4.56,93.3,177,107,17663
2023-12-13,App_A,Android TV,Jio,Fastly,Metro,VOD Series,1.13,3.13,1.35,0.72,1.11,1.51,5.31,1.55,6215,30.3,10384,50135,125371,85.6,72.9,55.4,39.5,59.2,92.9,1.13,79.4,7.5,4.74,4.66,94.7,191,125,13587
2023-12-13,App_B,Android,T-Mobile,Fastly,Country,VOD Movies,1.17,3.29,1.76,0.53,1.3,1.82,5.52,1.31,5612,27,9402,44936,97263,86.2,72.5,54,40.1,58.9,86.4,1.44,75.6,6.4,4.6,5.03,94.7,160,131,11651
2023-12-14,App_A,Android TV,Jio,Akamai,Metro,VOD Movies,1.5,2.83,1.6,0.51,1.05,1.62,5.94,1.59,5931,31.7,10467,49907,121430,88.8,69.6,57.8,37.8,59.7,88.8,1.08,78.6,8.1,3.86,4.49,91.8,151,106,13318
2023-12-14,App_B,Android TV,Comcast Xfinity,Fastly,Region,VOD Movies,1.48,2.98,1.19,0.5,1.12,1.62,6.45,1.41,4641,28.9,9935,47516,116443,85.6,69.1,53.2,40.4,61.2,89.6,1.44,74.8,8.2,4.8,4.23,91.8,187,129,14699
2023-12-15,App_A,Android TV,Verizon,Akamai,Metro,Live Sports/Events,1.21,3.59,1.62,0.72,1.17,1.69,5.82,1.28,5989,32.4,11078,53067,130803,84.8,73.8,53.4,39.4,61.5,91.5,1.43,76.1,8.1,3.83,5.08,91.8,143,142,16799
2023-12-15,App_B,WebOS,T-Mobile,Fastly,Metro,VOD Series,1.44,2.9,1.6,0.65,1.23,1.91,5.6,1.34,6044,31.5,9756,47078,106355,85,68.7,52.5,39.1,63.3,87.4,1.02,72.7,8.2,4.02,4.95,93.5,207,137,15538
2023-12-16,App_A,Tizen,Cellular 5G,Akamai,Region,Live Sports/Events,1.36,3.1,1.4,0.57,0.95,1.76,5.71,1.42,6439,31.8,10869,52237,132516,85.1,71.8,57.4,41.9,64.7,89,1.03,76.7,6.6,4.01,4.76,94.3,190,105,17068
2023-12-16,App_B,WebOS,Verizon,AWS CloudFront,Region,FAST linear,1.47,3.39,1.67,0.66,1.16,1.86,5.58,1.62,5310,28,9770,47193,100307,88.9,74.2,56.4,38.5,62.7,87.2,1.35,72.9,8,4.56,4.76,91.3,183,146,12734
2023-12-17,App_A,Apple TV,Broadband,AWS CloudFront,Metro,VOD Series,1.4,2.86,1.29,0.54,0.91,1.81,5.25,1.39,6471,31.4,11573,55000,119495,85.6,70.5,57.5,38.7,63.6,87.1,1.35,79.6,7.7,4.35,4.69,93.9,177,110,17353
2023-12-17,App_B,Android TV,Jio,Cloudflare,Region,Live Sports/Events,1.16,3.37,1.24,0.69,1.01,1.67,5.34,1.69,5735,27.1,8767,41754,107348,89.8,71,53.6,40.6,61.2,92.7,1.09,73.2,7.1,4.19,4.22,92.2,151,112,13456
2023-12-18,App_A,WebOS,Jio,Cloudflare,Region,Live Sports/Events,1.44,3.37,1.52,0.66,0.99,1.53,6.49,1.4,6339,31.6,11633,55679,148425,84.5,70.7,54.2,37.2,60.5,88.2,1.1,77.6,7.6,4.49,4.22,93.3,149,119,16144
2023-12-18,App_B,FireTV,Cellular 5G,AWS CloudFront,Country,VOD Series,1.18,2.92,1.39,0.67,0.92,1.71,5.59,1.24,4993,29.3,8835,42326,90788,83.3,68.1,52.5,39.2,63.9,88.6,1.2,75.6,6.7,4.31,4.25,93.4,186,117,13062
2023-12-19,App_A,Android TV,Comcast Xfinity,Akamai,Metro,VOD Series,1.45,2.97,1.27,0.72,0.88,1.9,5.66,1.27,6040,27.8,11812,56412,119454,84.7,70.3,53,39,63.5,90.8,1.41,79.5,8,4.56,4.46,93.6,170,106,17223
2023-12-19,App_B,Android TV,Cellular 4G,Akamai,Country,FAST linear,1.28,3.29,1.35,0.62,0.89,1.74,5.36,1.69,5629,31.7,9062,43302,90890,87.7,67.6,54.8,38.7,63.5,86.4,1.17,78.7,7.8,4.91,4.85,93.6,182,133,11825
2023-12-20,App_A,iOS,T-Mobile,Fastly,Metro,Live Sports/Events,1.32,3.43,1.44,0.48,0.94,1.69,6.49,1.36,5539,28.2,11963,57246,125370,89.2,68.8,57.5,39.2,60,88.9,1.15,79.9,8,4.27,4.97,93.6,174,128,14515
2023-12-20,App_B,Tizen,Comcast Xfinity,Fastly,Country,Live Sports/Events,1.41,3.43,1.56,0.61,0.95,1.48,6.42,1.75,6206,32.1,9056,43417,108069,83.6,73.1,51.7,37.1,59.4,90.3,1.16,75.2,8,4.6,4.95,94.1,205,113,15972
2023-12-21,App_A,Android,Wi-Fi,Cloudflare,Metro,Live Sports/Events,1.38,2.8,1.42,0.66,0.98,2.04,6.49,1.2,6684,30.6,11782,56749,118835,83.1,73.1,54,38.3,62,91.7,1.28,80.7,7.7,4.29,4.98,93.9,156,116,19058
2023-12-21,App_B,WebOS,Wi-Fi,AWS CloudFront,Country,VOD Series,1.26,3.12,1.48,0.56,0.95,1.48,5.67,1.59,5828,28.1,8961,43030,95275,85,70.9,51.9,37.8,61.3,92.7,1.18,75.2,7.6,4.73,5,92.8,182,149,10966
2023-12-22,App_A,iOS,Broadband,AWS CloudFront,Region,FAST linear,1.26,2.9,1.23,0.52,0.93,1.62,5.9,1.52,5791,29,11223,53951,127996,88.1,70.7,52.8,38,61,87.8,1.16,80.7,6.3,4.48,4.34,92.3,163,114,17440
2023-12-22,App_B,WebOS,Jio,Cloudflare,Region,Live Sports/Events,1.44,3.02,1.67,0.58,1.2,1.68,5.26,1.2,4981,30.5,9321,44518,107391,86,72.9,52.5,38.7,59.8,92.3,1,72.2,8.2,4.59,4.9,94.2,181,109,12285
2023-12-23,App_A,Tizen,AT&T,Akamai,Country,VOD Series,1.22,3.34,1.61,0.71,1,1.57,5.96,1.15,5683,30.3,12238,58902,135968,86.5,68.2,54.5,39,63.5,92.3,1.28,74.3,6.5,4.48,4.5,92.3,184,113,16813
2023-12-23,App_B,Apple TV,Airtel,Akamai,Region,VOD Movies,1.37,3.2,1.68,0.55,0.96,1.86,6.06,1.65,5983,29.6,9272,44180,103406,83.4,67.5,55.8,38.6,59.5,87.8,1.17,74.1,7,4.66,4.51,94.5,151,119,12728
2023-12-24,App_A,Android,Comcast Xfinity,AWS CloudFront,Region,Live Sports/Events,1.16,3.16,1.38,0.63,1.21,1.82,6.23,1.32,7180,31.5,11260,54416,145148,88.4,71.7,57.2,41.3,62.1,86.5,1.21,78.1,8.1,4.19,4.97,91.3,191,145,20172
2023-12-24,App_B,Desktop Web,Jio,Cloudflare,Region,VOD Movies,1.36,3.33,1.68,0.52,1.26,2.11,5.32,1.55,4764,33.3,9678,46271,111003,87.4,68.1,54.3,39.8,58,92.3,1.26,73.7,8.5,4.92,4.37,94,201,140,15847
2023-12-25,App_A,Apple TV,Wi-Fi,AWS CloudFront,Metro,Live Sports/Events,1.26,3.13,1.32,0.63,0.86,1.84,5.82,1.17,6486,33,11164,53527,120537,83.9,71.2,52.7,38.3,63.4,87.9,0.96,79.3,6.9,4.08,5.09,94.8,164,104,17507
2023-12-25,App_B,Android,Airtel,Akamai,Country,Live Sports/Events,1.33,3.25,1.2,0.61,1.1,2,6.29,1.2,5662,30.7,10448,50331,119920,86.2,72.9,53.5,40.3,59.9,92.6,1.41,73.8,7.6,3.98,4.6,93.2,188,147,16948
2023-12-26,App_A,Apple TV,Verizon,AWS CloudFront,Metro,FAST linear,1.33,3.51,1.69,0.48,1.25,1.71,5.71,1.22,7465,32,11437,54707,147473,85,68,57.1,42.7,64,89,1.17,77.2,8,3.98,5.1,92.6,158,104,20440
2023-12-26,App_B,iOS,Jio,Akamai,Metro,FAST linear,1.24,3.12,1.45,0.69,1.12,2.05,5.51,1.51,4790,29,10313,49279,129534,84,71.7,56.8,39.1,63.5,88.6,1.23,79.5,6.8,4.01,4.4,92.6,160,116,15662
2023-12-27,App_A,Desktop Web,Wi-Fi,Akamai,Country,VOD Movies,1.25,3.18,1.68,0.61,0.89,1.5,5.98,1.32,6682,31.8,11795,57020,147783,86,69.6,54.9,41.4,62.1,87.4,1.11,74.9,7.3,4,5.1,92.3,148,112,14350
2023-12-27,App_B,Android TV,Jio,Fastly,Country,Live Sports/Events,1.54,3.21,1.43,0.58,0.94,2,6.01,1.76,5493,29.6,9988,47784,126549,88.2,71,52.1,40.6,59.9,87.5,1.47,73.4,7.7,4.17,4.88,93.2,151,134,12835
2023-12-28,App_A,Android TV,Comcast Xfinity,AWS CloudFront,Metro,FAST linear,1.43,3.46,1.53,0.52,0.9,1.71,5.52,1.38,7499,29.6,12676,60941,133419,87.1,71.4,53.2,39.6,60.9,86.6,1.02,73.8,6.3,4.08,4.9,94.5,191,127,19759
2023-12-28,App_B,Apple TV,Cellular 4G,AWS CloudFront,Country,FAST linear,1.41,3.05,1.69,0.62,1.25,1.81,5.86,1.3,5923,33.7,9162,43977,91753,88.8,69.6,55.5,37.7,60.5,91.8,1.13,73.4,7.3,4.55,4.56,93.1,149,143,11337
2023-12-29,App_A,Tizen,Comcast Xfinity,AWS CloudFront,Country,FAST linear,1.42,2.92,1.31,0.72,1.21,1.8,6,1.59,6102,31.3,12362,59585,145855,87.1,67.4,54,41.4,65.3,88.2,1.08,75.4,8,4.36,5.07,94.3,201,112,17085
2023-12-29,App_B,Desktop Web,Comcast Xfinity,Cloudflare,Metro,VOD Series,1.33,3.24,1.52,0.54,1.12,2.09,6.1,1.31,5193,29.5,9726,46610,101440,88.9,74.2,53,41.1,60.4,92.1,1.09,75.4,7.1,4.08,5.02,94.5,157,144,12351
2023-12-30,App_A,Tizen,Wi-Fi,Akamai,Region,VOD Movies,1.24,3.13,1.59,0.57,0.98,1.4,6.31,1.54,6890,32.8,12774,61115,141391,84.7,70.5,52.5,40.6,61.5,91.9,1.17,74.3,7.8,3.83,4.96,94.3,167,134,22426
2023-12-30,App_B,Desktop Web,Jio,Fastly,Region,FAST linear,1.41,3.45,1.73,0.54,0.88,2.12,6.07,1.48,6156,30.7,10392,49743,115096,88.7,70,56.2,38.7,58.4,90.4,1.05,78.8,7.2,4,4.48,93,182,135,18075
2023-12-31,App_A,Desktop Web,Verizon,Akamai,Country,FAST linear,1.27,3.23,1.38,0.63,1.02,1.94,6.01,1.23,6103,31.9,11838,56242,140557,88.5,68.7,53.4,41.3,63.2,89.7,1.06,79.5,7.1,4.25,4.76,92.2,173,119,20050
2023-12-31,App_B,Apple TV,T-Mobile,Fastly,Region,Live Sports/Events,1.42,3.45,1.74,0.63,0.95,1.44,6.46,1.6,5718,31.1,10170,48926,108888,85,72,54,38.7,61.3,89.5,1.19,76,7.4,4.68,4.97,94.8,208,148,15336
2024-01-01,App_A,Desktop Web,T-Mobile,Akamai,Region,VOD Movies,1.48,3.24,1.25,0.65,0.89,1.96,6.11,1.54,6415,35,11204,53591,131709,89.8,72,54.2,39.6,62.6,91.6,1.34,77.9,7.9,4.35,5.18,93.2,150,115,18274
2024-01-01,App_B,Desktop Web,AT&T,AWS CloudFront,Region,VOD Series,1.23,2.94,1.49,0.5,1.25,2.11,6.35,1.6,5493,28.7,10498,50743,135870,83.4,67.7,57.5,37.5,61.6,89.4,1.35,79.4,6.9,4.45,4.48,94.8,174,113,13520
2024-01-02,App_A,Apple TV,T-Mobile,AWS CloudFront,Country,VOD Series,1.22,3.12,1.16,0.58,1.08,1.52,6.56,1.27,6372,32.8,12627,60775,152032,84.1,72.6,53.1,40.1,65.1,90.4,1.07,74,7.6,4.47,4.48,92.1,157,132,15304
2024-01-02,App_B,Apple TV,Wi-Fi,Fastly,Country,Live Sports/Events,1.41,3.14,1.46,0.67,1.14,1.82,6.54,1.18,6327,33.3,9831,47117,123399,86.8,67.5,54.3,36.9,63.7,91.8,1.14,72.9,8,4.31,4.7,94.1,195,134,16020
2024-01-03,App_A,Tizen,Airtel,Fastly,Region,Live Sports/Events,1.37,3.18,1.24,0.71,1.19,2.07,5.7,1.69,6807,32,12682,60969,145464,84.4,72.1,56.6,39.4,64.4,93.1,1.07,80.5,7.7,4.3,4.93,92.4,167,115,16912
2024-01-03,App_B,WebOS,Verizon,Cloudflare,Metro,Live Sports/Events,1.45,2.92,1.45,0.58,1.19,1.62,6.32,1.35,6332,35,10716,51745,115910,85.3,68.5,52.8,41.6,63.4,91.9,1.11,74.2,6.5,4.28,4.63,91.3,150,132,15850
2024-01-04,App_A,Android TV,Comcast Xfinity,AWS CloudFront,Country,FAST linear,1.22,3.36,1.18,0.56,1.2,1.98,5.72,1.68,7683,35.5,13146,63086,165602,85.6,71,56.1,41.9,62,87.7,1.05,78.7,8,4.71,4.53,92.7,180,102,20999
2024-01-04,App_B,Tizen,T-Mobile,Fastly,Metro,VOD Movies,1.23,2.92,1.36,0.57,1.21,1.82,6.16,1.75,5425,33.9,10055,48083,107224,87.2,71.7,52.1,40.1,59.7,89.5,1.12,77.7,6.7,4.69,4.79,94.2,206,117,12358
2024-01-05,App_A,Desktop Web,Verizon,Fastly,Region,FAST linear,1.39,2.96,1.66,0.49,1.21,1.97,6.08,1.36,6488,30.7,12380,59938,143081,89.1,73.1,58.2,39.3,65.6,91.8,1.14,73.6,6.8,3.96,4.78,92.6,144,131,21683
2024-01-05,App_B,WebOS,AT&T,AWS CloudFront,Country,VOD Movies,1.51,3.01,1.28,0.67,1,1.9,6.22,1.63,6210,30.3,10969,52462,128169,89.3,69.1,53.2,37.9,61.5,92.8,1.27,74.5,7.4,4.41,4.37,91.5,162,109,13468
2024-01-06,App_A,Android,Airtel,Akamai,Metro,FAST linear,1.36,3.35,1.31,0.59,0.86,1.75,6.47,1.25,6978,35.9,12133,58156,135901,88,74.1,57.7,37.5,60.3,92.5,1.34,80.3,7.7,3.77,4.62,93.2,154,106,15045
2024-01-06,App_B,Apple TV,Broadband,Akamai,Metro,Live Sports/Events,1.38,3.28,1.22,0.56,1.12,1.56,5.83,1.29,5895,35.4,9586,46210,117012,86.6,70,53.9,37.7,59.8,93.2,1.27,72.5,6.4,4.93,4.86,93.4,171,123,12692
2024-01-07,App_A,FireTV,AT&T,Cloudflare,Metro,Live Sports/Events,1.33,3.07,1.57,0.48,0.95,1.91,6.04,1.39,6136,35.7,11697,55780,118413,88.6,74.1,53.2,38.8,61.3,92.1,1.08,73.3,7.4,3.96,5.04,91.9,143,134,19010
2024-01-07,App_B,iOS,Cellular 5G,Fastly,Region,Live Sports/Events,1.29,3.27,1.68,0.54,0.93,2.1,6.53,1.22,5483,34.3,10800,51310,120093,87.2,71.4,53.3,39.2,62.2,86.3,1.24,75.4,7.5,4.84,5,94.8,201,150,16848
2024-01-08,App_A,WebOS,Broadband,Akamai,Region,FAST linear,1.29,2.86,1.17,0.68,1.24,1.79,5.41,1.51,5965,32.6,11808,56224,139945,87.7,67.8,55.1,41.3,63.9,91.6,1.25,80.5,7.4,4.59,4.36,93.3,185,137,17442
2024-01-08,App_B,Android,Broadband,AWS CloudFront,Region,VOD Movies,1.31,3.69,1.27,0.53,1.29,1.45,6.42,1.47,6031,34.3,9684,46409,111709,85.7,68.5,52.1,37,61,88.4,1.46,73.9,7.9,4.37,4.81,92.7,167,111,12367
2024-01-09,App_A,Android,AT&T,Fastly,Region,VOD Series,1.43,3.3,1.16,0.67,1.1,1.7,5.36,1.33,7025,34.5,13063,63189,157915,87.7,74.1,54,42.2,62.8,89.3,1.31,79.5,6.6,4.73,4.95,94.8,152,131,19767
2024-01-09,App_B,WebOS,Airtel,Fastly,Region,VOD Series,1.4,3.26,1.5,0.58,1.13,2.05,5.53,1.71,5914,35.9,10162,48371,127164,89.4,68.3,54.5,37.1,63.7,88.7,1.14,78.1,7.4,3.98,4.52,92.8,207,113,15739
2024-01-10,App_A,WebOS,Comcast Xfinity,Akamai,Region,FAST linear,1.17,3.03,1.44,0.58,1.07,1.91,5.97,1.67,6687,33.5,13388,64810,149021,86.7,70,53.3,38.9,60.4,93.2,0.96,80.9,6.7,4.52,4.71,92.8,170,119,20373
2024-01-10,App_B,Android,Wi-Fi,AWS CloudFront,Metro,VOD Series,1.49,3.64,1.6,0.61,0.87,1.65,6.26,1.48,5664,33.4,10148,48946,101556,86.6,73.8,53.3,41.8,61,91.6,1.09,76.6,6.9,4.65,4.26,91.6,181,110,16191
2024-01-11,App_A,WebOS,Comcast Xfinity,Akamai,Region,FAST linear,1.49,3.03,1.32,0.59,1.17,1.61,5.76,1.23,8122,30.9,12801,61930,155438,84.9,72.7,52.6,38,63.7,88.4,1.16,80.9,6.7,4.33,4.62,92.4,170,105,20473
2024-01-11,App_B,Android,T-Mobile,AWS CloudFront,Metro,VOD Movies,1.23,3.49,1.31,0.71,1.09,1.89,5.68,1.64,6459,30.6,10728,51527,127796,88.6,72.8,57.2,37.7,58.2,89.5,1.2,75.2,7.2,3.94,4.58,94.9,179,135,17800
2024-01-12,App_A,Tizen,Wi-Fi,AWS CloudFront,Region,VOD Movies,1.15,2.78,1.69,0.6,0.85,1.51,6.15,1.63,7513,35,12450,59417,141279,85.7,71.8,56.2,38.1,61.3,91.1,1.31,74.5,6.2,3.89,5.1,94,142,120,16686
2024-01-12,App_B,Apple TV,Broadband,Akamai,Metro,FAST linear,1.44,3.34,1.19,0.5,1.16,2.04,6.49,1.24,5173,35.7,10777,51443,138059,89.3,69.8,54.3,41.4,63.4,89.9,1.04,76.5,8.2,3.96,4.98,92.2,207,141,15902
2024-01-13,App_A,Android TV,Comcast Xfinity,Fastly,Metro,Live Sports/Events,1.38,3.65,1.26,0.51,1.03,1.71,5.88,1.66,8223,35,13647,65630,165721,85.8,71.7,51.9,38,61,91.3,1.04,78.9,8.3,3.82,5.19,94.9,169,128,23828
2024-01-13,App_B,WebOS,Cellular 5G,Cloudflare,Metro,FAST linear,1.21,3.26,1.49,0.66,0.88,2.13,5.48,1.25,6217,34.1,11042,53494,138095,83.3,71.5,57.7,39,57.7,87.1,0.99,72.4,7,4.65,4.45,94.3,144,107,18001
2024-01-14,App_A,Android TV,Jio,Cloudflare,Region,VOD Movies,1.39,2.75,1.26,0.52,1.18,1.49,6.42,1.41,6757,30.7,13659,65222,149283,88.2,72.4,54,39.4,59.6,90.3,0.99,74.5,6.4,4.7,5,91.9,144,138,17425
2024-01-14,App_B,Android TV,Broadband,Fastly,Region,FAST linear,1.31,3.19,1.65,0.56,1.22,2.07,5.82,1.31,5166,34,10694,51324,117192,89.7,69.2,58.3,41.1,60.5,88,0.99,73.4,8.4,4.85,4.73,93.4,170,128,15847
2024-01-15,App_A,iOS,T-Mobile,Akamai,Region,Live Sports/Events,1.42,3.3,1.66,0.67,1.24,1.42,5.86,1.19,6648,32.4,12774,61377,152243,88.8,69.9,52.5,42.1,65.6,91.1,1.17,75,6.3,4.29,4.29,92.2,192,118,16204
2024-01-15,App_B,Apple TV,Cellular 4G,AWS CloudFront,Region,VOD Movies,1.47,3.73,1.28,0.63,0.87,1.82,5.24,1.36,6791,35.5,10418,49969,125631,86.8,74.1,57,42,61.1,87,0.99,73.2,7.9,4.25,4.55,91.9,150,115,13584
2024-01-16,App_A,WebOS,Cellular 4G,Akamai,Metro,FAST linear,1.46,3.04,1.49,0.51,0.85,1.67,5.33,1.47,6159,37.4,13737,65968,161386,86.2,68.9,56.7,41.1,64.3,91.8,1.03,80.2,6.2,4.66,4.31,93.9,150,112,17759
2024-01-16,App_B,iOS,Verizon,Akamai,Region,FAST linear,1.31,2.84,1.59,0.54,1,1.6,6.36,1.53,5745,36.3,10141,48451,117629,88.8,70.4,53.8,38.6,63.1,91.1,1.28,74.5,8.2,4.46,4.41,91.8,169,106,17664
2024-01-17,App_A,FireTV,Wi-Fi,Cloudflare,Region,VOD Movies,1.11,3.49,1.14,0.65,1.18,1.73,5.34,1.15,7045,35.3,12833,61289,145478,84.1,73.2,52,40.7,65.8,87.3,1.41,79,7,4.51,4.65,94.5,182,136,16580
2024-01-17,App_B,Apple TV,AT&T,AWS CloudFront,Country,Live Sports/Events,1.19,3.39,1.55,0.63,0.92,1.93,5.36,1.32,6096,34.2,10006,48253,112030,83.6,69.2,54.2,37.8,57.8,89.5,1.29,79.6,7.4,4.3,5.14,93.8,202,133,16007
2024-01-18,App_A,FireTV,Comcast Xfinity,Fastly,Country,VOD Movies,1.45,3.64,1.25,0.62,0.99,1.73,5.74,1.67,8020,36.3,12514,59878,129227,85.6,69.1,54.8,37.6,60.6,86.5,1.39,78,6.1,3.87,4.8,93.8,195,144,17577
2024-01-18,App_B,WebOS,Wi-Fi,Cloudflare,Metro,FAST linear,1.25,3.16,1.63,0.72,0.98,1.93,6.52,1.46,6565,32.7,11726,56388,151685,84.1,68.4,53,39.8,63.2,88.1,1.15,79.9,6.8,4.62,4.61,92,193,138,15529
2024-01-19,App_A,Android,T-Mobile,AWS CloudFront,Country,VOD Movies,1.43,3.07,1.37,0.7,0.96,1.84,5.89,1.19,6694,32.3,12313,58584,136599,86.4,68.8,54.7,42.2,62.9,88,1.08,80.2,7.2,4.01,4.88,94.1,159,129,21211
2024-01-19,App_B,Apple TV,Jio,Cloudflare,Country,VOD Movies,1.44,3.02,1.38,0.65,0.95,1.93,6.43,1.48,6475,36.8,11580,55605,121221,89.4,68.9,51.9,39.9,63.6,87.2,1.12,75,8,4.72,5.02,92.4,167,120,14897
2024-01-20,App_A,Android,Wi-Fi,AWS CloudFront,Country,VOD Series,1.13,3.09,1.4,0.58,1.23,1.7,5.51,1.38,7178,36.2,12009,57815,126458,86.4,71.2,55,38.9,63.4,87.9,1.23,79.4,7.1,3.87,4.94,94.6,188,120,21110
2024-01-20,App_B,FireTV,Broadband,AWS CloudFront,Metro,FAST linear,1.34,3.59,1.69,0.63,1.2,1.7,6.21,1.17,6208,31.6,11378,54484,122292,84.6,70.7,57.1,36.9,58.1,90.3,1.4,75.7,8,4.43,4.51,93.7,145,138,20276
2024-01-21,App_A,WebOS,Airtel,Cloudflare,Region,VOD Movies,1.12,3.1,1.61,0.71,0.84,1.55,6.3,1.69,6534,37.6,12435,60267,133784,84.9,70.8,54.9,41.4,58.8,91.1,1.01,80.6,6.5,4.62,4.87,93,154,106,14952
2024-01-21,App_B,FireTV,T-Mobile,Cloudflare,Country,VOD Series,1.24,3.55,1.51,0.55,0.87,1.96,6.28,1.24,5355,32.5,11480,55434,115875,88.3,71,56.5,41.8,61,92.9,1.41,73.8,7.7,4.15,4.48,93.3,199,122,14957
2024-01-22,App_A,iOS,AT&T,AWS CloudFront,Country,VOD Movies,1.33,3.42,1.29,0.67,0.85,1.52,6.03,1.3,8444,37,12598,60447,163734,86.2,73.8,53.8,39.2,64.4,92.8,1.4,74.7,6.9,4.65,4.46,92,186,109,20148
2024-01-22,App_B,Android,Broadband,Fastly,Metro,FAST linear,1.17,3.36,1.19,0.56,1.15,1.93,6.03,1.27,5668,36.6,11009,52714,117005,84.1,69.1,56.3,39.2,60.3,87.5,1.14,77.1,7.8,4.15,5.12,94.8,193,146,17038
2024-01-23,App_A,Android,Airtel,Cloudflare,Region,VOD Series,1.13,3.42,1.28,0.51,1.07,1.8,6.59,1.16,8195,36,13191,63941,132458,88.9,71.5,58.5,39.1,61.1,92.7,1.1,79.2,6.1,4.45,5.15,91.5,193,131,18688
2024-01-23,App_B,Tizen,Wi-Fi,Fastly,Metro,Live Sports/Events,1.42,3.58,1.62,0.56,1.16,1.78,5.34,1.63,7192,34.4,11248,54487,119575,86.9,72.3,57.5,37.3,63,91.9,1.3,72.9,7.4,4.46,4.42,93.8,195,129,13675
2024-01-24,App_A,WebOS,Comcast Xfinity,Akamai,Country,FAST linear,1.35,3.07,1.35,0.69,0.83,1.6,5.58,1.46,8191,37.9,12299,59245,127298,85.8,71,57.3,40.4,65.8,90.9,0.98,75.7,8.2,4.68,4.33,91.9,188,123,14904
2024-01-24,App_B,FireTV,Broadband,Fastly,Region,Live Sports/Events,1.24,3.09,1.47,0.72,1.14,1.84,6.37,1.34,6539,32.5,10929,52204,111639,83.6,73.9,56.1,40.6,60.8,86.5,1.16,74.1,7.3,4.23,4.27,92.7,159,140,18009
2024-01-25,App_A,iOS,Verizon,Cloudflare,Country,FAST linear,1.18,3.61,1.27,0.51,1.03,1.6,6.09,1.65,7425,37.7,13585,65772,164919,88.5,71.5,57.1,40.4,63.9,90,1.12,74.6,7.1,4.74,4.93,94.2,167,128,22731
2024-01-25,App_B,Android,Cellular 4G,Cloudflare,Region,FAST linear,1.31,2.89,1.67,0.49,0.95,1.63,6.33,1.61,5479,34.3,11336,54549,132508,84.6,72.5,55.7,42.2,59,93.1,1.27,76,6.9,4.78,4.98,93.1,189,120,19401
2024-01-26,App_A,iOS,Verizon,AWS CloudFront,Metro,FAST linear,1.47,2.88,1.19,0.68,0.83,1.5,5.4,1.23,7368,38,13900,66131,142682,83.5,70.1,54.4,39,61.1,92.4,1.31,76.2,7.6,3.88,4.74,93.3,179,108,16691
2024-01-26,App_B,Android,T-Mobile,Akamai,Metro,FAST linear,1.13,3.51,1.67,0.59,1.07,1.65,5.73,1.31,6018,35.7,11538,55653,139151,89.4,68.2,55.8,40.2,57.7,87.1,1.3,72.6,6.6,4.39,5,94.9,195,133,14532
2024-01-27,App_A,Desktop Web,Comcast Xfinity,Akamai,Country,Live Sports/Events,1.38,3.55,1.41,0.58,1.22,1.39,6.29,1.39,6421,33.2,12367,59022,130050,83.5,72.4,52.7,39,62.1,90.7,1.23,73.9,7.2,4.52,4.47,94.5,168,126,18982
2024-01-27,App_B,Apple TV,T-Mobile,AWS CloudFront,Region,Live Sports/Events,1.22,3.23,1.69,0.62,1,1.8,5.98,1.41,6165,33,10547,50555,128603,90.1,72.1,52.5,37.3,58.9,92.7,1.06,75.2,6.3,4.46,4.45,93.1,149,118,12814
2024-01-28,App_A,Tizen,Broadband,AWS CloudFront,Country,Live Sports/Events,1.41,3.64,1.43,0.7,0.83,1.97,6.65,1.4,6889,38.2,13655,65356,147860,88.8,74.3,52.2,38.6,64.4,91.3,1.18,73.6,8,4.31,4.44,94.7,184,107,23363
2024-01-28,App_B,WebOS,T-Mobile,Fastly,Region,Live Sports/Events,1.39,3.55,1.6,0.62,1.04,2.01,6.19,1.52,5690,33.4,11479,55256,134749,86.8,73.6,57,40.3,59.8,90.9,1.06,75.1,7.3,4.76,4.98,93.8,171,124,15285
2024-01-29,App_A,WebOS,Comcast Xfinity,Fastly,Country,FAST linear,1.48,3.08,1.62,0.52,1.09,1.41,6,1.34,7775,37.3,13092,62467,151110,85.6,72.4,54.1,39.3,61.3,89.1,1.02,77.4,8.1,3.87,4.96,92,178,143,21108
2024-01-29,App_B,WebOS,Broadband,AWS CloudFront,Region,VOD Movies,1.37,2.88,1.68,0.51,1.07,1.46,6.51,1.51,6626,37.4,11366,54160,114153,88.3,69.8,55.8,41.6,60.5,89.8,1.42,77.6,8,4.88,4.8,94,170,122,14135
2024-01-30,App_A,Tizen,AT&T,Cloudflare,Country,VOD Movies,1.38,2.91,1.24,0.53,0.97,1.59,6.03,1.25,7604,36.6,13567,65505,146742,85.8,68.1,57.2,40.9,64.7,86.9,1.21,75.4,6.8,4.64,4.7,94.5,192,129,20846
2024-01-30,App_B,iOS,Broadband,Akamai,Country,VOD Movies,1.21,2.88,1.4,0.72,1.08,1.61,6.5,1.7,5646,31.9,11982,57361,121910,89.7,74.5,53.2,37,64.5,87.6,1.18,79,8.4,4.44,5.02,93.5,184,129,16905
2024-01-31,App_A,WebOS,Airtel,Cloudflare,Metro,FAST linear,1.3,3.47,1.14,0.63,0.88,2,6.21,1.47,7827,36.1,12719,60981,133214,86.9,71.7,56.3,37.5,65.2,91,1.05,76.8,6.6,3.88,4.32,92.5,164,104,22775
2024-01-31,App_B,WebOS,Jio,Cloudflare,Country,VOD Movies,1.25,2.8,1.54,0.6,0.95,1.7,5.28,1.18,6137,38.6,10809,52144,123419,83.4,74.4,57.4,40,60.5,88.5,1.34,74,6.9,4.16,4.66,94.5,180,105,18858
2024-02-01,App_A,FireTV,Cellular 4G,Akamai,Country,VOD Series,1.18,3.48,1.65,0.61,1.03,1.89,6.15,1.63,7147,34.4,14314,68639,176192,85,71.8,55.2,40,60.9,89.9,1.4,78.1,7.9,4.65,5.23,94.4,192,110,20066
2024-02-01,App_B,WebOS,Wi-Fi,Fastly,Region,VOD Series,1.44,3.05,1.19,0.71,1.01,2.08,5.83,1.28,6118,34.8,11694,56445,131086,86.6,72.6,53.9,41.7,62.5,93,1.19,76.5,6.9,4.91,5.05,94.3,150,110,16253
2024-02-02,App_A,FireTV,Broadband,Akamai,Region,VOD Series,1.21,3.48,1.47,0.61,0.87,1.89,6.18,1.42,8102,35.2,13229,62913,138182,84,73.7,52.9,42.5,61,87.8,1.03,75.6,8.1,4.2,5.23,93.4,144,101,22163
2024-02-02,App_B,Apple TV,Broadband,Akamai,Metro,Live Sports/Events,1.31,2.86,1.45,0.5,1.22,1.64,6.57,1.38,6750,33.7,11651,55479,127515,84.9,67.7,57.6,38.1,61,90.6,1.01,78.2,6.5,4.43,4.98,91.4,150,145,20198
2024-02-03,App_A,Desktop Web,Airtel,Cloudflare,Country,VOD Series,1.38,3.41,1.13,0.55,1.2,1.5,5.29,1.33,7667,37.5,14113,67185,177485,89.3,68.4,52.4,39.6,64.1,89.8,0.99,74.9,8.1,4.17,4.54,93.6,195,120,23335
2024-02-03,App_B,Android,Jio,Akamai,Metro,VOD Movies,1.23,3.57,1.48,0.68,1.11,1.54,6.16,1.62,7131,36.5,11948,57785,136235,89.8,68.4,53.4,41.3,64.1,88.8,1.12,72.6,7.7,4.09,5.02,94.1,171,118,18893
2024-02-04,App_A,Desktop Web,AT&T,Cloudflare,Region,Live Sports/Events,1.31,2.84,1.16,0.69,0.92,1.87,5.45,1.41,7647,38.3,14371,68473,178406,86.1,71.6,55.5,42.6,61.9,88.5,1.17,79.5,7,4.33,4.86,93.5,184,136,23659
2024-02-04,App_B,FireTV,AT&T,Cloudflare,Metro,FAST linear,1.53,2.94,1.21,0.51,1.16,1.99,5.64,1.25,5860,34,10989,52856,116320,84.7,68.1,57.5,42.2,62.8,90.7,1.14,77.7,6.6,4.49,4.71,94.2,189,116,19663
2024-02-05,App_A,iOS,Jio,AWS CloudFront,Country,VOD Movies,1.26,3.22,1.42,0.48,0.85,1.97,6.14,1.19,8848,39,14103,68389,154502,85,72.5,53.4,38.6,62.8,89,1.38,79.2,6.7,4.3,4.34,93.5,166,120,24744
2024-02-05,App_B,Android TV,Cellular 5G,AWS CloudFront,Region,FAST linear,1.21,3.01,1.44,0.6,0.97,2.03,6.23,1.42,6598,37.7,12354,59585,140621,87.5,69.9,55.1,39.6,61.6,87.5,1.29,74.4,8.4,4.3,4.89,94,180,138,21272
2024-02-06,App_A,Android,Cellular 4G,Cloudflare,Country,FAST linear,1.18,2.94,1.45,0.56,1.23,1.59,6.25,1.47,7022,35.3,14619,70624,179855,85.9,69.2,53.2,41.3,64.7,92,1.03,80.9,6.9,3.99,5.16,93.4,159,141,25087
2024-02-06,App_B,Apple TV,Cellular 4G,Akamai,Metro,Live Sports/Events,1.33,3.25,1.55,0.49,0.98,2.09,6.4,1.42,6441,33.6,11822,56992,149735,90,71.4,56.8,39.3,62,91.8,1.25,76.4,6.4,4.51,5.01,92.7,155,129,14811
2024-02-07,App_A,Android TV,Jio,Fastly,Country,VOD Series,1.2,3.56,1.34,0.51,0.85,1.82,5.83,1.5,7206,34.3,14255,67925,184357,84.5,71.2,53,41.6,60.2,91.3,1.06,76.7,6.8,4.13,4.4,92.5,162,121,24307
2024-02-07,App_B,FireTV,AT&T,AWS CloudFront,Region,FAST linear,1.17,3.51,1.35,0.72,0.98,2.03,5.9,1.21,7496,33.4,11215,54083,132677,88.3,73,54,42.1,58.8,88.6,1.03,76.3,7.2,3.9,5.04,92.8,186,120,16696
2024-02-08,App_A,Android,Cellular 4G,Fastly,Region,FAST linear,1.24,3.3,1.2,0.6,0.9,1.57,5.51,1.37,6930,35.4,13717,65544,157307,84.7,71.7,52.3,38.4,65.9,89.2,1.36,78.6,7.1,4.74,5.1,91.6,162,136,18495
2024-02-08,App_B,Desktop Web,Verizon,Akamai,Region,Live Sports/Events,1.3,3.44,1.55,0.67,0.85,1.52,5.72,1.67,5590,36,10691,51014,111580,84.9,71.3,54.6,38.2,62.7,92.2,1.15,74,6.4,4.64,4.39,92.8,173,128,17683
2024-02-09,App_A,Tizen,Comcast Xfinity,Akamai,Metro,VOD Movies,1.44,3.21,1.37,0.49,0.9,1.38,5.86,1.52,6830,34.9,13765,65528,168465,87.4,71,57.8,42.1,59.4,89.4,1.33,78.1,8,4.22,4.58,91.6,151,110,18905
2024-02-09,App_B,Android TV,Cellular 4G,AWS CloudFront,Country,Live Sports/Events,1.28,2.8,1.49,0.72,0.97,1.71,6.36,1.39,6236,37.8,12267,58314,143036,83.4,72.4,53.2,39.8,58.9,92.9,1.09,78.1,6.4,4.79,4.34,93.4,189,136,20989
2024-02-10,App_A,Android TV,Verizon,Cloudflare,Country,FAST linear,1.24,3.07,1.21,0.63,1.1,2.03,5.86,1.14,7491,37.5,12838,61891,139985,86.6,69.9,52.4,38.3,63.4,90.1,1,76.2,8.1,3.84,4.95,94.2,179,124,17218
2024-02-10,App_B,iOS,Jio,Fastly,Country,FAST linear,1.37,3.12,1.71,0.61,1.13,2,5.4,1.3,7560,37.6,11843,57243,145238,87.5,71.1,55.3,37.4,62.7,88.1,1.16,75.2,6.8,3.91,4.33,94.9,161,130,16964
2024-02-11,App_A,Android TV,Wi-Fi,Akamai,Metro,Live Sports/Events,1.4,3.17,1.21,0.64,1.13,2.02,5.85,1.47,8223,35.1,14456,69638,170649,87,70.8,58.3,39.1,63.2,92.8,1.1,73.6,6.5,3.78,4.52,94.6,160,141,20729
2024-02-11,App_B,FireTV,T-Mobile,Fastly,Region,VOD Movies,1.25,3.58,1.23,0.55,1.03,1.98,6.54,1.18,7175,38.6,10729,51538,113192,84.7,70.1,52,37.2,58.3,89.8,1.19,73,7.3,4.09,4.43,94.4,200,109,18022
2024-02-12,App_A,FireTV,Airtel,Cloudflare,Region,FAST linear,1.35,2.97,1.47,0.6,1.18,1.64,5.35,1.13,7935,38.4,14206,67765,181282,87,70.9,54.2,37.9,62.1,88.5,0.99,74.7,6.7,4.15,4.42,94.4,173,138,22843
2024-02-12,App_B,Desktop Web,Broadband,Akamai,Region,VOD Movies,1.47,3.68,1.42,0.69,1.16,1.99,6.02,1.28,6402,32.8,10914,52721,133345,85.9,67.6,57.1,40.3,64.2,88.9,1.2,75.5,7.2,4.87,4.51,93.5,179,123,14932
2024-02-13,App_A,Android,Broadband,Akamai,Region,FAST linear,1.42,3.34,1.34,0.59,1.22,1.89,5.8,1.24,8351,39.5,14527,70374,160536,89.1,69.3,58.4,42.8,60.9,89.3,1.19,77.5,6.1,3.8,4.85,94.6,157,139,25858
2024-02-13,App_B,Desktop Web,Cellular 5G,Cloudflare,Region,VOD Series,1.49,3.14,1.69,0.62,0.99,1.54,6.53,1.16,6322,35.8,11121,53505,130456,89.6,69.1,53.9,42.4,59.2,90.1,1.39,73,8.4,4.16,4.97,91.4,154,130,19677
2024-02-14,App_A,WebOS,AT&T,AWS CloudFront,Region,VOD Movies,1.35,3.3,1.57,0.49,0.95,1.82,5.96,1.6,8067,40.6,12809,62114,128276,84.3,70.4,53.1,41.1,65.8,92,1.36,80.9,6.8,3.74,5.02,93.8,168,105,19206
2024-02-14,App_B,iOS,Broadband,Akamai,Country,VOD Movies,1.36,3.43,1.24,0.55,1.01,2.1,6.46,1.67,6975,34,11804,56744,135348,86.9,67.9,56.6,42.6,61.9,88.7,0.99,77.3,6.3,4.19,4.27,94.4,149,142,19503
2024-02-15,App_A,Android,Wi-Fi,AWS CloudFront,Country,Live Sports/Events,1.27,2.97,1.31,0.69,0.99,1.49,6.73,1.41,9046,36.6,12875,62116,134918,85.5,71.7,54.6,39.8,61.8,91.9,1.32,76.5,7.7,3.85,4.82,92.6,191,118,18026
2024-02-15,App_B,Tizen,Cellular 4G,Fastly,Metro,Live Sports/Events,1.39,3.26,1.34,0.61,0.95,1.58,6.53,1.32,7101,36.7,11852,56498,133133,90,69.9,56.5,41.9,58.1,92.1,1.07,80.3,7.4,4.7,5.09,94.2,186,139,15933
2024-02-16,App_A,FireTV,AT&T,Cloudflare,Region,FAST linear,1.37,2.97,1.6,0.6,1.02,1.45,5.76,1.38,7744,37.8,14828,70899,161656,85.4,72.4,52.4,40.5,64.3,92.8,1.36,80.2,6.8,4.4,4.6,92.1,169,106,21318
2024-02-16,App_B,Tizen,Cellular 5G,Cloudflare,Country,Live Sports/Events,1.37,3.33,1.37,0.63,1.17,1.95,6.29,1.33,5735,39.9,11873,56466,125300,84.4,73.4,53.7,41.1,64,92.9,1.43,78.6,7.6,4.33,5.18,91.6,157,132,19576
2024-02-17,App_A,Android TV,Wi-Fi,Akamai,Country,VOD Series,1.46,3.28,1.13,0.68,1.14,1.78,5.65,1.35,7400,40.3,14594,69530,177062,89.7,73.7,55.7,41.1,65.5,91.5,1.15,78.9,6.4,4.25,4.9,92.9,152,119,18328
2024-02-17,App_B,Android TV,Cellular 5G,Akamai,Country,VOD Movies,1.36,3.31,1.57,0.59,1.16,1.87,5.78,1.65,6523,34,10967,52846,113006,84.1,74.3,56.2,38.2,61.7,88.2,1.34,78,8.3,3.97,5.14,92.2,169,119,14256
2024-02-18,App_A,Tizen,Comcast Xfinity,Akamai,Region,VOD Series,1.21,2.89,1.34,0.62,0.95,1.81,6.42,1.13,8335,33.9,14831,71217,172155,87.2,70.4,53.5,41.4,60.3,86.9,1.23,75.9,6.3,3.75,4.92,94.1,154,135,25224
2024-02-18,App_B,WebOS,Wi-Fi,Fastly,Metro,FAST linear,1.39,3.22,1.34,0.55,1.02,1.88,6.41,1.28,6156,40.1,11490,55211,116296,85.5,74.5,55.4,38.4,59.3,87.2,1.03,77.5,7,4.03,4.54,93.1,150,111,15787
2024-02-19,App_A,FireTV,AT&T,AWS CloudFront,Country,VOD Series,1.09,3.01,1.21,0.66,0.86,1.94,5.31,1.23,8791,38.2,13423,63867,146115,88.1,72.4,56,40.5,62.6,90.1,0.95,78.1,6.8,4.66,4.82,94.4,188,133,19997
2024-02-19,App_B,Android TV,Verizon,Fastly,Country,Live Sports/Events,1.26,3.09,1.69,0.67,0.98,1.71,6.56,1.38,6846,37.1,12637,61006,135346,84.5,67.7,55.4,38.5,60.5,87.5,1.19,80.3,6.3,4.51,5.08,92.3,177,106,22421
2024-02-20,App_A,Apple TV,Jio,AWS CloudFront,Metro,FAST linear,1.21,3.54,1.12,0.55,1.06,1.42,6.35,1.41,6798,35.2,14572,69520,162947,90.1,70.5,56.9,43.1,65.2,93.3,1.33,74.9,7.7,3.99,4.68,94.1,144,117,18889
2024-02-20,App_B,WebOS,Jio,Fastly,Metro,Live Sports/Events,1.45,2.77,1.17,0.56,1.13,2.02,6.36,1.21,6437,38.7,11451,54735,133213,85.1,72.9,52.9,38.7,62.2,88.2,1.05,79.3,7.5,4.34,5.04,93.6,150,112,15533
2024-02-21,App_A,WebOS,AT&T,Akamai,Region,VOD Series,1.46,3.01,1.22,0.69,1.05,1.88,6.01,1.16,7867,40,13875,66377,177561,88.8,68.3,53.1,43.1,60.4,86.6,1.24,80.2,6.4,4.39,4.89,92.4,188,120,19955
2024-02-21,App_B,Apple TV,Wi-Fi,AWS CloudFront,Country,VOD Movies,1.5,3.7,1.46,0.52,0.92,1.56,5.72,1.34,5716,35.8,12687,60866,145252,84.5,70.7,58.4,37.4,64.9,88.1,1.25,73.4,7.5,3.92,5.2,92.9,166,140,15801
2024-02-22,App_A,Android,Airtel,Fastly,Region,VOD Movies,1.46,3.51,1.66,0.66,0.91,1.77,6.03,1.62,8344,39.3,13547,65000,149064,86.9,68.7,57.8,40,63.3,87.7,1.3,77.6,7.5,3.77,4.93,92.2,154,127,20531
2024-02-22,App_B,Desktop Web,AT&T,Akamai,Metro,FAST linear,1.51,3.2,1.31,0.61,1.16,1.48,5.55,1.29,7513,34.6,11142,53705,143431,89.3,70.7,58.5,38.7,64.4,93.2,0.96,78,8,4.4,5.06,93.8,156,111,17181
2024-02-23,App_A,iOS,Wi-Fi,Fastly,Metro,FAST linear,1.17,2.69,1.28,0.68,1.1,1.67,5.8,1.35,8026,40.7,13876,66601,154749,84.3,69.8,55.6,37.9,64.9,90,1.17,77.8,6.2,3.76,5.02,94.3,188,99,23343
2024-02-23,App_B,Tizen,Cellular 5G,Cloudflare,Region,VOD Movies,1.38,2.96,1.57,0.58,1.2,1.68,6.12,1.24,6313,34,12429,59716,135704,87.5,70.2,56.7,38.3,58.5,89.4,1.33,77,8.4,4.75,5.04,94.4,142,107,21623
2024-02-24,App_A,Apple TV,AT&T,Akamai,Region,FAST linear,1.12,3.6,1.18,0.48,1.21,2,5.69,1.52,9021,34.3,14777,70800,174881,89.2,68.7,56.7,42.4,61.1,88.8,1.19,77.8,7.8,4.32,4.59,94.3,186,124,19736
2024-02-24,App_B,FireTV,Broadband,AWS CloudFront,Country,VOD Series,1.25,2.83,1.2,0.57,0.94,1.94,5.77,1.21,7537,35.4,11967,57066,152588,84.6,69.5,55,39.6,60.9,88.9,1.43,75.5,7.2,4.53,4.86,93.5,149,132,17401
2024-02-25,App_A,Desktop Web,Jio,Akamai,Metro,Live Sports/Events,1.18,3.07,1.42,0.52,1.21,1.86,6.57,1.49,6871,35,14049,66809,163142,86.8,68.5,58.6,40.9,60.2,89.4,1.13,79.1,7.9,4.36,5.12,94.6,165,128,23921
2024-02-25,App_B,Android,Verizon,Akamai,Region,FAST linear,1.29,3.11,1.62,0.53,1.14,1.87,5.49,1.22,6010,35.9,11581,55311,132573,86.6,67.8,54.8,38.6,60.3,90.3,1.16,73.4,7.8,4.19,5.02,94.9,187,137,15444
2024-02-26,App_A,FireTV,Airtel,Fastly,Country,VOD Movies,1.44,3.32,1.46,0.51,0.98,1.62,5.61,1.59,8287,34.2,13767,65855,174548,88.4,74.4,55.9,41.2,58.9,89.7,1.12,77.9,6.1,4.08,5.03,91.8,189,128,17428
2024-02-26,App_B,WebOS,T-Mobile,Akamai,Region,VOD Series,1.14,3.58,1.54,0.63,0.93,1.7,5.52,1.17,7065,34.6,11094,53324,136226,87.8,69.1,55.8,39.2,62,89.1,1.06,76.1,7.3,4.38,4.4,91.4,146,123,16997
2024-02-27,App_A,Android TV,Broadband,Fastly,Metro,FAST linear,1.16,3.58,1.46,0.62,1.19,2,6.38,1.15,6838,39.8,13915,66932,150521,83.8,70.2,53.5,39.5,64.1,90.8,1.08,74.6,6.1,4.35,5.01,93.3,169,140,16890
2024-02-27,App_B,WebOS,Verizon,Akamai,Country,VOD Series,1.22,3.34,1.63,0.6,1.17,1.51,6.34,1.6,7280,33.7,12132,57661,154642,88.7,71.9,57.8,42.1,60.1,91.7,1.35,73.8,7.3,4.33,4.87,93.1,194,135,16028
2024-02-28,App_A,WebOS,Broadband,Fastly,Region,Live Sports/Events,1.2,2.92,1.23,0.5,0.82,1.86,5.34,1.14,8645,39.2,14190,68356,142362,87.2,73.3,56,41.8,60.4,93.4,1.15,75.1,6.4,4.66,5.19,92.1,164,135,24448
2024-02-28,App_B,Desktop Web,Cellular 5G,Cloudflare,Region,VOD Series,1.12,3.06,1.33,0.69,1.08,1.66,5.78,1.47,6388,35,12826,61069,142056,90.3,73.9,52.7,37.7,59.9,92,1.16,73.2,6.3,4.81,4.66,92.9,191,110,17668
2024-02-29,App_A,iOS,T-Mobile,AWS CloudFront,Metro,VOD Movies,1.43,2.92,1.12,0.64,0.98,1.49,5.65,1.53,7724,34,15170,72939,182112,85.3,70.4,56.2,38.6,60,91,1.32,79.6,6.3,4.31,4.44,92.9,153,116,20840
2024-02-29,App_B,Android TV,Comcast Xfinity,Akamai,Country,VOD Series,1.17,3.04,1.68,0.66,0.87,1.58,5.96,1.36,7492,39.6,11512,55451,128861,88.5,72,53.7,39,61.8,93,1.38,73,6.9,4.57,4.4,92.5,144,107,18294
2024-03-01,App_A,Android TV,Verizon,Fastly,Metro,VOD Movies,1.34,3.53,1.2,0.65,1.11,1.79,6.3,1.22,7298,40.1,13964,67520,156917,85.7,67.9,56.9,42.6,62.8,89.1,1.26,79.5,6.4,4.56,4.81,94.1,146,133,23647
2024-03-01,App_B,FireTV,Comcast Xfinity,AWS CloudFront,Region,VOD Series,1.23,3.5,1.21,0.54,1.11,1.74,5.62,1.47,7104,36.5,11764,56905,132872,85.3,73.7,52.3,40.5,61.9,90.2,1.1,72.9,6.4,4.33,4.31,93.4,177,105,20014
2024-03-02,App_A,Android,Broadband,Cloudflare,Metro,VOD Movies,1.39,2.93,1.64,0.48,1.12,1.4,5.39,1.58,8433,34.4,14964,72025,190742,88.2,72.7,53.3,43.1,60,91.5,0.98,76.6,6.6,4.13,4.9,92.4,179,126,22384
2024-03-02,App_B,WebOS,Cellular 5G,Akamai,Metro,Live Sports/Events,1.28,3.48,1.36,0.64,0.86,1.89,6.44,1.39,5848,34.8,12660,61001,128626,84.9,70,56.3,37.2,59.2,90.9,1.28,75,7.7,4.04,4.62,92.8,193,122,16314
2024-03-03,App_A,Android TV,Airtel,Akamai,Metro,VOD Series,1.36,2.71,1.41,0.48,1.04,1.93,6.61,1.46,7475,34.9,15210,72855,186298,84.5,71.2,54.5,42.3,63.3,87.8,1.31,80.6,7.4,4.68,5.02,91.5,189,135,25426
2024-03-03,App_B,Desktop Web,Broadband,Fastly,Metro,Live Sports/Events,1.22,2.84,1.15,0.66,1.21,1.65,6.4,1.21,7225,38.7,11742,56416,121797,89,74,55.4,42.7,58.5,89.1,1.03,78.2,8.2,4.44,4.99,95.1,184,125,21091
2024-03-04,App_A,iOS,Airtel,AWS CloudFront,Region,FAST linear,1.23,3.13,1.46,0.6,1.19,1.39,5.52,1.58,8236,35,15058,71579,159170,88.6,72.5,52.8,41.6,64.6,90.2,0.98,80.7,7.4,3.77,4.65,94.1,164,104,21655
2024-03-04,App_B,Android TV,Broadband,Fastly,Country,Live Sports/Events,1.39,3.2,1.47,0.71,0.98,1.74,6.21,1.23,7322,39.3,11161,53224,141818,89.2,71.1,52.6,38.4,60.4,90.5,0.97,78.4,6.6,4.37,4.66,92.1,187,130,15422
2024-03-05,App_A,FireTV,Comcast Xfinity,Akamai,Country,Live Sports/Events,1.32,3.37,1.43,0.63,0.96,1.79,6.53,1.12,7735,39.6,14465,69748,146855,86.8,69.7,52.6,38,63.8,89.3,0.95,81.1,8,4.66,4.38,92.1,189,103,23881
2024-03-05,App_B,Android TV,Jio,Fastly,Region,FAST linear,1.27,2.96,1.62,0.65,1.1,1.82,5.79,1.43,7657,35.7,12298,58659,149151,88.4,73.3,52.6,39.3,62.9,88.6,1.19,79.3,6.5,4.43,4.79,94.3,150,103,15877
2024-03-06,App_A,FireTV,Airtel,Cloudflare,Country,VOD Series,1.39,3.18,1.48,0.66,1.03,1.49,5.64,1.38,7560,40.6,14828,71372,155273,85.9,70.5,57.5,43.3,62.2,93.5,1.35,80.1,7.5,4.59,4.64,92.3,157,135,19007
2024-03-06,App_B,Android TV,Jio,Cloudflare,Region,VOD Series,1.21,3.32,1.45,0.71,1.14,1.43,6.29,1.69,7706,36.8,11886,57556,139014,87.9,69.4,53.5,40,58.2,87.3,1.03,80.5,6.9,4.81,4.75,92.1,152,131,19155
2024-03-07,App_A,iOS,Wi-Fi,Akamai,Region,Live Sports/Events,1.14,3.24,1.61,0.55,1.18,1.98,5.82,1.28,8522,37.5,13972,67117,180391,88.9,71.3,57.3,43,65.2,88.9,1.06,76.4,6.7,4.15,4.91,94.9,167,137,22887
2024-03-07,App_B,Android,Airtel,Fastly,Country,VOD Movies,1.16,3.68,1.63,0.66,1.19,1.94,5.59,1.5,6759,36.8,11755,56175,134334,87.4,71.9,57.8,39.4,58.4,93,0.98,77.1,6.5,4.51,5.15,92.3,174,120,15628
2024-03-08,App_A,Apple TV,T-Mobile,Akamai,Country,VOD Series,1.12,3.13,1.35,0.51,1.14,1.69,6.06,1.64,7906,35.7,13969,66490,180814,84.5,74,54,37.7,63.5,88.2,1.23,75.9,6.7,3.99,4.72,91.6,149,141,19029
2024-03-08,App_B,FireTV,AT&T,Akamai,Region,Live Sports/Events,1.46,3.28,1.48,0.6,1.23,1.57,5.56,1.39,6067,33.7,12181,57932,143732,86.8,74.6,55.4,41.1,63,92,1.32,73.8,6.7,4.36,4.92,94.3,149,117,19827
2024-03-09,App_A,iOS,T-Mobile,Akamai,Region,Live Sports/Events,1.32,3.41,1.3,0.55,1.16,1.62,6.37,1.52,8351,35.7,13986,67278,143343,87.6,68.2,52.3,42.6,62.1,88.7,0.94,77.6,7.1,4.2,4.53,94.6,154,115,24746
2024-03-09,App_B,FireTV,Comcast Xfinity,Cloudflare,Metro,VOD Movies,1.43,3.03,1.37,0.61,1.21,1.45,6.17,1.64,7165,38.1,12779,61258,132086,85.5,74.2,56.3,41.1,59.4,88.9,1.09,76.2,7.7,4,5.09,93,157,143,19239
2024-03-10,App_A,Apple TV,Airtel,Cloudflare,Region,VOD Series,1.34,3.58,1.59,0.67,0.98,1.69,5.78,1.59,8986,36.2,15165,72449,180065,85.6,73.2,56.1,40,64.7,88.8,1.08,78.1,8,4.16,4.74,92.7,161,119,23645
2024-03-10,App_B,Desktop Web,Comcast Xfinity,Fastly,Country,VOD Movies,1.31,3.65,1.33,0.59,0.96,2.01,5.48,1.45,7131,39.1,11102,52903,136138,90.4,67.9,56.3,38.4,62.6,88.8,1.19,77.9,7.9,4.76,4.68,93.5,186,145,13532
2024-03-11,App_A,iOS,Cellular 5G,Fastly,Region,Live Sports/Events,1.16,3.29,1.58,0.68,0.87,1.55,6.56,1.19,8883,35.6,13467,64738,156570,86.8,68.3,53,40.9,65.8,87.2,1.18,76.2,6.1,4.35,4.37,95.1,186,141,17771
2024-03-11,App_B,Tizen,Jio,Akamai,Country,VOD Movies,1.2,2.81,1.36,0.65,0.85,2.03,5.54,1.45,6145,36.2,11178,53881,116528,88.5,68.5,54.5,42.2,64.4,92.9,1.19,73.1,6.4,4.74,5.12,94.4,173,123,19665
2024-03-12,App_A,WebOS,Wi-Fi,Akamai,Country,VOD Series,1.2,3.03,1.19,0.54,1.01,1.73,5.52,1.11,8219,38.6,13211,64011,139503,87.1,68.5,55.6,42,62.2,91.7,0.98,80.8,8,4.26,4.45,93.2,195,130,21556
2024-03-12,App_B,iOS,T-Mobile,Akamai,Region,Live Sports/Events,1.34,2.76,1.28,0.51,0.84,1.87,5.56,1.6,6133,39.8,11005,53069,140932,90,73.7,54.1,42.8,64.2,89.8,1.17,75.7,7.4,4.19,4.79,92.6,173,104,16374
2024-03-13,App_A,Tizen,Verizon,Fastly,Metro,Live Sports/Events,1.38,2.8,1.24,0.46,1.11,1.99,5.35,1.19,7647,38.2,15224,72846,194713,86.2,74.9,55.1,38.7,61.7,89.5,1.14,78.2,7.1,4.29,4.65,94,192,133,25503
2024-03-13,App_B,Tizen,Comcast Xfinity,Cloudflare,Region,Live Sports/Events,1.16,3.66,1.63,0.71,0.98,1.49,5.37,1.45,6853,40.1,11902,56582,154298,86.2,72.2,53.9,39.5,62.7,92.9,1.23,80.4,8.2,3.83,4.41,91.7,144,120,20873
2024-03-14,App_A,Android,Cellular 4G,Akamai,Country,FAST linear,1.24,2.9,1.33,0.63,0.85,1.63,6.1,1.46,9151,40.9,13650,64907,166606,88.4,71.4,56.5,37.8,61,90,1.13,78.4,7.5,3.98,5.19,93.7,166,104,16392
2024-03-14,App_B,WebOS,Verizon,AWS CloudFront,Region,VOD Series,1.12,3.21,1.38,0.57,1.25,2.02,6.64,1.56,6310,34.5,12726,61286,163681,87.4,74.5,53.8,37.4,60.3,88.1,1.01,74.1,8.3,3.94,4.37,92.3,199,124,20498
2024-03-15,App_A,FireTV,Airtel,Akamai,Country,FAST linear,1.31,3.45,1.41,0.52,0.86,2.03,6.44,1.32,9129,37.6,14382,68620,173527,86.8,68.3,57.1,39.2,59.5,93.5,1.15,78,8,4.08,5.18,91.8,182,133,20187
2024-03-15,App_B,Android,Jio,Cloudflare,Region,VOD Movies,1.42,3.14,1.47,0.57,0.97,1.96,6.24,1.41,7105,36.3,12766,60892,146692,85.2,70.7,53.7,41.9,62.7,90.5,1.23,79,8.1,4.51,4.7,91.6,159,106,19118
2024-03-16,App_A,Desktop Web,AT&T,AWS CloudFront,Region,VOD Movies,1.36,2.74,1.57,0.52,1.11,2.03,5.45,1.19,7536,35.7,12979,62654,154724,89.8,69.8,54.7,39.4,65.8,87,1.21,79.4,6.9,3.78,5.33,94.7,177,137,20871
2024-03-16,App_B,Desktop Web,Airtel,Cloudflare,Country,VOD Movies,1.21,3.28,1.39,0.54,1.07,1.72,5.47,1.45,7525,35.7,11168,54134,117485,86.8,69.8,56.6,39.4,64,88.3,0.96,75.4,6.5,4.3,4.53,91.9,182,116,20044
2024-03-17,App_A,Tizen,Cellular 5G,Cloudflare,Metro,VOD Series,1.2,3.3,1.2,0.66,1.08,1.4,5.9,1.4,7568,39.7,13484,64309,144919,89.3,72.6,54.5,41,63.3,90,1,76,6.7,3.96,4.65,93.7,147,109,21829
2024-03-17,App_B,Desktop Web,T-Mobile,Cloudflare,Region,Live Sports/Events,1.5,3.64,1.58,0.49,1.23,1.65,6.66,1.38,7618,34.2,12262,58489,131989,84.1,74.9,57.6,40.5,64.6,92.6,1.3,73.2,7.1,3.95,4.52,94.2,148,110,20085
2024-03-18,App_A,Tizen,Airtel,AWS CloudFront,Country,FAST linear,1.23,3.03,1.33,0.58,1.17,1.92,6.35,1.6,8548,36.8,13856,67043,144477,83.7,70.7,57.4,43.4,62.7,87.4,1.36,74.8,7.5,3.94,5.3,94.2,179,115,17535
2024-03-18,App_B,Apple TV,Cellular 4G,Akamai,Region,FAST linear,1.36,3.56,1.53,0.64,1.02,1.88,5.36,1.68,5958,37.1,10969,52597,115963,84.6,69.7,53.5,41.9,64.9,93.3,1.33,80.1,7.1,4.7,4.78,92.7,192,145,16898
2024-03-19,App_A,Desktop Web,Wi-Fi,AWS CloudFront,Metro,VOD Movies,1.13,3.35,1.35,0.53,0.82,1.64,5.38,1.31,8105,39,14396,69308,146069,87.6,69,58.7,40.9,60.6,88.3,1.34,75,7.9,3.72,5.16,94.9,167,114,20699
2024-03-19,App_B,Tizen,T-Mobile,AWS CloudFront,Country,Live Sports/Events,1.44,3.2,1.58,0.65,0.97,1.73,6.14,1.53,5755,33.3,12598,59917,158899,83.9,72.5,52.6,42,62,91.6,1.11,75.6,6.2,3.81,5.19,93.7,177,110,15225
2024-03-20,App_A,Apple TV,Wi-Fi,Akamai,Metro,Live Sports/Events,1.41,2.93,1.4,0.53,1.15,1.66,6.17,1.42,8433,38.5,14970,72483,178466,84.8,73.5,57.1,42,61.9,89,1.16,79.6,7.8,3.98,4.68,92.9,163,125,20669
2024-03-20,App_B,FireTV,Jio,Fastly,Metro,VOD Series,1.48,3.54,1.3,0.51,1.17,1.58,6.53,1.3,6092,37.5,12091,58482,132699,84.1,72.2,54.4,42.8,61.8,87,1.17,79.2,7.9,4.42,4.86,95,196,127,20093
2024-03-21,App_A,WebOS,Jio,AWS CloudFront,Metro,Live Sports/Events,1.1,3.33,1.35,0.56,0.97,1.55,5.95,1.63,8605,36.8,14927,71189,156121,84.7,74.1,56.2,40.1,62.2,87.7,1.31,79.2,6.6,3.95,4.82,93.7,162,132,24201
2024-03-21,App_B,iOS,Cellular 5G,Fastly,Region,VOD Series,1.3,2.75,1.65,0.55,1.07,1.89,6.56,1.42,6370,37.1,11902,57512,126398,88.3,74.9,56,41.7,62.4,91.2,1.17,74.9,6.7,4.54,4.34,94.6,163,109,21237
2024-03-22,App_A,Android,T-Mobile,AWS CloudFront,Region,VOD Series,1.3,3.19,1.49,0.46,1,1.39,6.66,1.55,7902,36,14186,68649,178102,85.8,68.5,55.3,41.5,65.6,93,1.24,75.8,6.1,4.27,5.06,91.6,145,123,17137
2024-03-22,App_B,Tizen,Cellular 5G,AWS CloudFront,Metro,VOD Movies,1.35,2.83,1.61,0.65,1.04,1.59,5.61,1.15,5944,36.4,10848,52460,118184,85.7,68.2,57.9,37.8,59.2,88,1.3,78.6,7.4,4.7,4.89,94.6,163,119,17690
2024-03-23,App_A,Android TV,Verizon,AWS CloudFront,Country,FAST linear,1.18,3.49,1.47,0.47,0.81,1.76,6.03,1.54,7516,34.2,14633,69649,147844,86.7,74.6,54.3,40.5,63.8,88.1,1.3,75.6,8.1,3.79,5.15,92.8,155,137,20004
2024-03-23,App_B,Android TV,Comcast Xfinity,AWS CloudFront,Region,Live Sports/Events,1.39,2.88,1.49,0.48,1.18,1.91,6.6,1.48,6744,36.7,12693,60710,143522,88.9,67.9,57.6,40.7,64.2,92.7,1.17,79.7,6.8,4.72,4.46,94.3,154,130,16716
2024-03-24,App_A,Desktop Web,T-Mobile,Akamai,Metro,VOD Movies,1.28,3.35,1.45,0.61,0.97,1.86,6.09,1.29,7267,40.7,14360,68848,172605,90.2,68.1,56.4,37.9,59.2,92.5,1.25,74.6,6,3.95,4.9,92.6,185,116,19602
2024-03-24,App_B,Android,Jio,AWS CloudFront,Country,FAST linear,1.42,3.12,1.59,0.63,0.96,1.41,5.35,1.13,6868,33.9,11069,53203,111086,89,74.1,57.6,42.1,64.6,93,0.98,80.4,7.4,3.92,4.91,92.9,156,141,14139
2024-03-25,App_A,WebOS,Cellular 4G,Akamai,Country,Live Sports/Events,1.27,3.43,1.55,0.66,1.19,1.37,5.92,1.61,7482,38.7,14621,70854,189612,84.2,70.7,56.1,40,63.9,93.1,1.13,81.2,7.5,4.18,5.35,93.2,164,99,21289
2024-03-25,App_B,WebOS,T-Mobile,AWS CloudFront,Country,Live Sports/Events,1.45,3.22,1.3,0.51,0.9,1.92,5.57,1.58,6667,35.2,11448,55109,146436,87.3,69.1,55.1,39.3,58.3,90.8,0.96,73.6,6.2,4.73,4.37,93.5,152,140,17625
2024-03-26,App_A,Apple TV,Cellular 5G,AWS CloudFront,Country,FAST linear,1.4,2.75,1.21,0.62,1.08,1.75,6.54,1.5,8169,39.2,13203,63356,148059,87.5,69.4,56.9,43.5,60.2,91.6,1.01,81,6.5,4.66,5.17,91.7,156,99,23512
2024-03-26,App_B,Apple TV,Airtel,Cloudflare,Country,FAST linear,1.13,2.89,1.58,0.67,0.98,2.02,6.71,1.6,7611,34.8,11028,53107,129552,85.5,68.6,56.7,42.3,61.6,90.6,1.33,76,6.4,4.63,4.34,92.2,150,131,18037
2024-03-27,App_A,Apple TV,Broadband,Fastly,Metro,VOD Series,1.13,2.76,1.37,0.68,0.98,1.75,6.49,1.3,7528,40,13656,66125,173829,90,69.9,57.9,41.2,59.9,87.2,1,78.1,7.7,4.01,4.78,91.9,191,129,18301
2024-03-27,App_B,Apple TV,Airtel,Fastly,Region,VOD Series,1.44,3.17,1.63,0.47,0.84,1.78,6.14,1.57,6148,37.9,11012,52765,111789,86.3,69.3,57.3,42.1,61.6,90.7,0.95,80.8,6.6,3.92,4.92,95.1,159,140,14875
2024-03-28,App_A,Desktop Web,AT&T,AWS CloudFront,Metro,VOD Movies,1.26,3.29,1.62,0.52,0.99,1.38,6.48,1.1,8435,36.5,13787,66760,150454,87.9,73.1,57.4,42.7,63.8,90.1,1.14,78.2,7.7,4.06,5.07,91.8,163,98,21833
2024-03-28,App_B,iOS,Wi-Fi,Akamai,Region,Live Sports/Events,1.33,3.2,1.35,0.58,0.94,1.44,6.08,1.14,6619,35.9,11226,53624,127382,86,74.6,52.8,40.6,64.1,92.8,1.17,76,7.4,4.75,4.37,92.2,159,126,15306
2024-03-29,App_A,FireTV,Wi-Fi,AWS CloudFront,Metro,Live Sports/Events,1.14,2.84,1.22,0.54,1.05,1.42,5.68,1.46,7738,37.4,13410,63882,171371,85.7,68.9,54.9,42.4,64,90.3,1.07,78.5,7.2,4.03,5.27,95.1,138,137,22381
2024-03-29,App_B,WebOS,Cellular 4G,AWS CloudFront,Region,Live Sports/Events,1.26,3.6,1.34,0.62,1.05,1.62,6.72,1.15,6671,34,11195,53833,145316,89.3,73.1,55.1,41.3,58.7,91.3,1.15,75.6,7.8,4.65,4.46,95,198,131,16578
2024-03-30,App_A,Desktop Web,AT&T,AWS CloudFront,Metro,Live Sports/Events,1.08,2.72,1.49,0.5,0.88,1.7,6.12,1.54,8832,35.4,13944,66619,180672,84.3,69.1,56.9,41.4,61.8,91.4,1.26,81.7,7.6,4.26,4.96,93.5,176,111,23857
2024-03-30,App_B,Tizen,Wi-Fi,AWS CloudFront,Country,VOD Series,1.33,2.75,1.48,0.57,1.05,1.4,5.98,1.32,6325,38,11531,54810,124701,90.2,72.9,53,42.7,61.9,87.3,1.33,77,7.4,3.92,5.1,93.9,177,104,15522
2024-03-31,App_A,WebOS,Cellular 5G,Akamai,Metro,Live Sports/Events,1.43,3.57,1.14,0.54,0.83,1.51,5.82,1.27,7085,34.5,14145,67220,162556,89,73.1,54.5,42.8,65.5,91.8,1.02,74.8,6.9,4.54,5.08,92.2,167,116,24794
2024-03-31,App_B,Apple TV,Cellular 4G,Akamai,Metro,VOD Series,1.38,3.26,1.48,0.67,1.16,1.83,6.36,1.39,7305,38.5,11689,56471,137231,84.6,68.6,57.6,37.9,60.5,87.9,1.18,79.5,7.4,4.82,4.65,92.8,184,101,15725
2024-04-01,App_A,Desktop Web,AT&T,Akamai,Country,FAST linear,1.34,2.67,1.34,0.68,0.94,1.52,6.49,1.34,7365,34,13471,64354,161730,85.9,68.7,56.6,39.4,61.6,92.1,1.1,74.2,6,3.95,5.31,93.7,184,137,22474
2024-04-01,App_B,Tizen,Comcast Xfinity,Akamai,Region,VOD Series,1.12,3.54,1.2,0.62,1.16,1.88,6.62,1.13,7159,36.5,12026,58197,139383,90.6,69.4,57.2,39.3,63.8,90.9,1.22,75.6,6.9,3.89,4.41,94.9,182,115,18560
2024-04-02,App_A,Tizen,Wi-Fi,AWS CloudFront,Metro,VOD Series,1.34,3.26,1.39,0.65,1.04,1.44,6.3,1.15,7795,34.7,14524,70304,154993,87.4,73.9,53.4,43.5,60.1,92.6,1.02,81,6.8,4.65,5.19,93.2,152,107,19553
2024-04-02,App_B,Tizen,Airtel,Cloudflare,Region,Live Sports/Events,1.47,3.02,1.2,0.69,0.86,1.39,6.19,1.26,7276,39.6,11285,54091,131576,88.8,70.6,55.5,42.6,61.3,89.1,1.18,77.1,6.9,4.6,4.44,94.2,199,110,16978
2024-04-03,App_A,WebOS,Cellular 5G,Akamai,Region,FAST linear,1.33,2.85,1.2,0.5,1.19,1.65,6.69,1.47,6966,34.9,14648,70732,163677,85.4,73.3,54,38.3,62.2,87.5,0.96,77.3,6.9,4.42,4.8,92.3,144,139,23180
2024-04-03,App_B,iOS,Airtel,Akamai,Region,Live Sports/Events,1.45,2.92,1.21,0.56,0.93,1.94,5.83,1.67,7349,32.7,12135,58664,144409,88.8,71.8,54.1,40.9,63.2,88.4,1.01,77.6,7.3,4.07,5.01,92.4,177,135,15361
2024-04-04,App_A,Android,Cellular 4G,AWS CloudFront,Metro,FAST linear,1.1,3.35,1.1,0.68,0.99,1.48,5.81,1.27,8207,38.2,13323,64583,169190,89,71.5,52.7,40.1,59.1,88.7,1.19,74.9,7.4,4.22,4.43,92.9,179,125,16612
2024-04-04,App_B,WebOS,T-Mobile,Akamai,Country,FAST linear,1.12,3.5,1.68,0.57,1.11,1.59,6.47,1.45,6461,35.6,11488,54661,117774,88.7,73.1,54.8,43.1,59.3,93.4,1.33,76.7,7.9,4.23,4.4,94.6,180,100,15507
2024-04-05,App_A,Apple TV,Cellular 5G,Akamai,Region,Live Sports/Events,1.45,2.75,1.43,0.65,0.81,1.74,5.94,1.1,8453,37.5,13487,64706,142769,87.3,68.2,56.2,41.5,63.2,90.2,1.27,81,6.3,3.91,4.6,91.8,146,111,20983
2024-04-05,App_B,WebOS,T-Mobile,Cloudflare,Region,FAST linear,1.43,3.29,1.2,0.58,1.03,1.54,6.32,1.3,5681,39.2,12088,57762,129007,90,68.9,54.2,42.5,61.4,93.1,1.09,74.2,7.6,4.65,5.29,92.1,192,103,17274
2024-04-06,App_A,Desktop Web,Comcast Xfinity,Cloudflare,Region,VOD Movies,1.1,3.16,1.13,0.49,0.81,1.62,5.93,1.13,8709,33,12889,61383,155132,90.7,68.8,54.5,42,61.8,89.9,1.1,74.8,6.8,4.39,4.5,92.6,173,101,16493
2024-04-06,App_B,Android,AT&T,Akamai,Region,VOD Series,1.29,3,1.65,0.64,1.19,1.66,6.28,1.44,6301,37.6,11181,53341,125212,85.2,74,57.8,41.1,64.6,90.9,1.31,80,7.9,4.62,4.82,92.1,154,127,14951
2024-04-07,App_A,Android TV,Airtel,Akamai,Country,VOD Movies,1.09,3,1.14,0.64,1.2,1.98,6.61,1.41,8567,33.3,13309,63930,139535,86.1,68.5,56.2,40.7,60.9,92,1.16,76.4,6.4,4.63,4.65,92.2,182,135,22269
2024-04-07,App_B,Tizen,Verizon,AWS CloudFront,Metro,Live Sports/Events,1.15,3.6,1.55,0.55,1.18,1.44,5.95,1.34,5585,34.8,12148,58310,154337,83.7,73.3,57,42.3,64.1,87.9,1.31,76.1,8,3.82,4.94,91.8,198,121,18434
2024-04-08,App_A,Android TV,AT&T,Fastly,Metro,FAST linear,1.39,3.29,1.28,0.47,0.94,1.93,6.45,1.24,6895,35,12961,61850,130898,87.8,68.2,53.5,39.7,62.9,93.8,0.95,81,7.5,4.39,5.29,92.7,185,138,23239
2024-04-08,App_B,FireTV,Cellular 5G,AWS CloudFront,Metro,VOD Movies,1.48,3.04,1.6,0.55,1.01,1.8,5.84,1.31,7323,33.4,12237,59324,149916,84.1,70.9,55.5,39.2,65,88.7,1.24,80.5,8,3.79,5.02,93.3,196,108,14818
2024-04-09,App_A,Apple TV,Wi-Fi,Fastly,Metro,VOD Movies,1.32,2.95,1.54,0.68,1.12,1.97,5.64,1.63,8454,37.8,14735,70026,152988,85.7,74.3,55.8,38.9,65.6,91.9,0.93,79.1,7.6,4.13,5.23,92.3,135,112,19341
2024-04-09,App_B,Apple TV,T-Mobile,Akamai,Metro,VOD Movies,1.18,3.5,1.52,0.54,0.99,2.04,6.52,1.18,6340,35.2,11314,54633,143283,90.5,68.7,55.1,40.6,64.7,87.7,1.39,78.9,7.1,3.91,5.21,94.5,184,135,15468
2024-04-10,App_A,Android TV,Verizon,Akamai,Metro,VOD Movies,1.11,3.12,1.2,0.66,1.12,1.74,5.85,1.19,7029,37,12861,61969,151009,89.9,71.7,55.9,40.2,64.2,89.9,0.99,75.8,7.8,3.85,5.39,93.5,144,116,22859
2024-04-10,App_B,iOS,Jio,Cloudflare,Country,VOD Series,1.28,3.37,1.44,0.59,1.23,1.45,6.53,1.23,6711,36.7,11955,57859,120469,86,69.2,53.8,38.4,64,87.5,1.23,80.2,7.3,4.59,4.65,92.8,147,129,17985
2024-04-11,App_A,Android,Broadband,Fastly,Metro,VOD Series,1.16,3.17,1.56,0.65,0.9,1.36,6.01,1.09,8337,33.8,13597,65591,148080,84,69.4,56.6,42.5,59.3,87.7,0.95,79.5,7.7,4.6,4.75,93.8,135,103,17630
2024-04-11,App_B,iOS,Verizon,AWS CloudFront,Region,VOD Movies,1.39,3.2,1.57,0.48,1.17,2.03,5.55,1.62,7198,38,12059,57310,129635,84.7,70.3,59.2,41.3,60.5,90,1.17,80.1,6.9,3.85,5.12,91.8,168,122,16153
2024-04-12,App_A,Android TV,Jio,Cloudflare,Region,FAST linear,1.23,3.13,1.11,0.68,1,1.51,5.78,1.37,6775,37.1,13270,63497,160327,86.6,75.1,54.5,38.4,63.8,93.6,1.13,74.5,7.5,4.6,4.5,93.6,182,133,16739
2024-04-12,App_B,Apple TV,Jio,Cloudflare,Region,VOD Series,1.25,3.12,1.56,0.57,0.89,1.65,5.64,1.29,6199,33.1,12199,58498,151172,88.7,74.2,55.4,40.2,59.2,88.9,1.04,75.4,6.6,3.83,4.39,93.7,177,139,18786
2024-04-13,App_A,WebOS,Airtel,Fastly,Metro,VOD Series,1.38,3.38,1.62,0.68,0.9,1.83,5.42,1.62,7729,33.5,13708,65585,146460,84.9,70.4,53,40.3,62.4,91.4,0.92,77.2,7,4.09,4.48,92.1,153,105,17859
2024-04-13,App_B,Tizen,Comcast Xfinity,Akamai,Region,VOD Movies,1.48,2.99,1.56,0.56,1.18,1.85,5.56,1.31,7257,32.7,11953,57391,138186,86.7,72.7,53.1,38.6,59.9,88.9,1.05,77.5,7.4,3.83,4.46,91.9,197,119,14710
2024-04-14,App_A,iOS,Wi-Fi,AWS CloudFront,Region,VOD Series,1.13,2.84,1.19,0.65,0.84,1.66,5.92,1.09,6797,38.2,12925,61501,151690,85.4,69.2,56.2,39.6,62.7,94,1.17,74.3,6.7,3.99,4.45,93.8,155,123,20761
2024-04-14,App_B,Tizen,AT&T,Cloudflare,Metro,VOD Series,1.44,3.06,1.14,0.56,1.03,1.96,5.94,1.63,6562,37.7,11250,53616,134804,84.8,73.6,56.8,38.3,60.5,92.5,0.94,74,8.2,4.56,4.5,94.4,139,130,15179
2024-04-15,App_A,WebOS,Jio,Cloudflare,Country,Live Sports/Events,1.34,2.88,1.61,0.64,0.91,1.76,6.55,1.39,7872,38.8,14364,69487,178148,84.5,68.2,56.9,42.3,66,91.5,1.36,75.6,7,4.1,4.68,94.1,148,120,23589
2024-04-15,App_B,Android TV,Comcast Xfinity,Cloudflare,Metro,VOD Series,1.28,3.52,1.24,0.57,0.88,1.52,6.71,1.26,6026,37.2,10613,51441,131195,89.8,68.2,55.2,38,63.9,87.3,1.14,80.1,7.9,4.43,4.41,94.4,167,127,18524
2024-04-16,App_A,WebOS,Jio,Akamai,Region,VOD Movies,1.16,3.11,1.39,0.66,1.03,1.84,6.35,1.24,7386,32.2,13687,65360,155319,86.7,71.5,55,40.5,61.3,89.3,1.25,75.7,7.9,4.49,4.96,93.8,160,124,20788
2024-04-16,App_B,Android,Wi-Fi,Akamai,Country,VOD Series,1.38,3.65,1.39,0.5,1.17,1.46,5.98,1.39,6456,36.9,11694,55811,124514,89.4,68.6,58.3,40,65.7,90.1,0.98,74.3,8.1,4.71,4.83,92.6,188,136,18318
2024-04-17,App_A,Android TV,T-Mobile,Fastly,Country,Live Sports/Events,1.4,2.94,1.62,0.6,1,1.52,5.72,1.54,7431,35,12667,60640,137940,90.1,71.2,55.5,38.8,62.2,91.9,1.19,79.3,7.2,3.73,4.54,91.9,143,131,17752
2024-04-17,App_B,Android,Cellular 4G,Fastly,Metro,VOD Series,1.47,2.99,1.25,0.53,0.99,2,5.97,1.56,6514,34.2,10492,50583,119668,85.8,72.4,57.2,38.4,61,91.4,1.04,77.3,7.6,4.61,4.67,92.1,188,106,15469
2024-04-18,App_A,Android TV,Comcast Xfinity,AWS CloudFront,Region,FAST linear,1.09,2.71,1.53,0.51,1.12,1.37,6.8,1.15,6902,35.7,13492,64677,164909,87.4,71.3,57.5,42.8,63.1,90.7,1.14,77,6.3,3.75,4.78,93.2,184,116,16992
2024-04-18,App_B,Tizen,Cellular 4G,Fastly,Region,Live Sports/Events,1.24,3.17,1.42,0.66,1.13,1.59,5.99,1.56,6347,33.7,12046,57360,144751,85.3,72.4,57.2,40.2,64.8,87.7,1.11,79.5,7.7,3.93,4.4,95.3,186,117,19437
2024-04-19,App_A,Desktop Web,Broadband,Akamai,Metro,VOD Movies,1.43,3.08,1.29,0.61,1.06,1.71,6.34,1.44,7066,33.3,12902,61510,142297,89.2,70.8,57,38.3,62.6,87.7,1.15,76.2,7.1,3.72,4.77,93.8,137,99,16408
2024-04-19,App_B,FireTV,Comcast Xfinity,Akamai,Country,FAST linear,1.47,2.75,1.34,0.57,1.06,1.9,6.14,1.31,6650,31.8,11731,56199,128964,87.3,72.8,56.7,40.6,62.5,92.2,0.99,76.9,6.7,4.05,4.51,93.5,154,108,17545
2024-04-20,App_A,Android,Jio,Akamai,Metro,VOD Series,1.29,2.79,1.26,0.59,1.14,1.83,6.81,1.39,7252,34.8,13188,63364,169385,86.7,73.3,59.2,43.4,65.9,90.6,1.05,74.6,7.8,3.91,4.65,93.2,156,104,19057
2024-04-20,App_B,iOS,AT&T,Akamai,Country,VOD Series,1.3,3.26,1.54,0.58,1,2.01,5.58,1.57,5485,37.2,11546,54940,129483,90.3,73.4,53.8,41,64.9,89.3,1.13,77.7,6.7,3.97,4.63,94,180,135,15750
2024-04-21,App_A,Apple TV,Cellular 5G,AWS CloudFront,Country,FAST linear,1.37,3.27,1.4,0.59,1.06,1.51,5.89,1.59,8226,35.9,14211,68731,169141,86.6,73.3,53.6,39.8,66,93.8,1.03,78.8,7.9,4.42,4.78,94,170,124,18703
2024-04-21,App_B,WebOS,T-Mobile,Akamai,Metro,FAST linear,1.3,3.32,1.3,0.51,1.11,1.64,5.55,1.65,6842,31.8,10883,52735,131481,87.8,71.5,59.1,37.7,60.4,93.6,0.97,79.7,6.6,3.9,4.47,94.1,146,124,18434
2024-04-22,App_A,Apple TV,T-Mobile,Akamai,Country,VOD Series,1.34,2.74,1.55,0.51,0.81,1.83,5.78,1.46,7255,34,13374,63638,147745,84.6,74.2,56.9,41.7,59.2,88.2,1.2,75.6,6.7,4.67,4.89,93.3,164,121,19752
2024-04-22,App_B,Android TV,T-Mobile,Cloudflare,Metro,FAST linear,1.12,3.22,1.2,0.47,0.88,1.92,5.52,1.14,6772,36.5,11261,54214,127129,86.1,69,57.7,43.3,60.7,87.8,1.24,76.5,7,4.1,4.95,92.6,179,107,17463
2024-04-23,App_A,Android TV,Wi-Fi,Akamai,Region,VOD Movies,1.12,3.31,1.48,0.52,0.89,1.94,5.85,1.54,7390,37.4,13385,64677,160081,89.9,68.6,54.7,40,64,89.6,1.22,79.9,6.8,4.25,5.2,94.9,157,128,16846
2024-04-23,App_B,Apple TV,Wi-Fi,AWS CloudFront,Metro,VOD Series,1.48,3.49,1.46,0.61,0.98,1.83,6.3,1.5,5756,38.1,11492,55203,146438,84.7,69,58.4,41.6,65.2,87.5,1.16,77.7,6.4,4.27,5.26,92.6,151,134,20175
2024-04-24,App_A,Android TV,Jio,Cloudflare,Country,Live Sports/Events,1.25,2.85,1.52,0.56,0.95,1.56,6.12,1.62,7632,36.1,13477,64557,152532,89.2,69.4,53.8,38.6,63.1,89.8,1.25,75.1,7.8,3.9,4.65,93.8,145,115,19456
2024-04-24,App_B,Android,Jio,Fastly,Region,VOD Movies,1.16,3.66,1.3,0.53,1.11,1.95,6.7,1.3,6107,35.1,11495,54885,146416,85.1,74.5,52.8,39.4,60,87.3,1.11,79.6,6.8,4.74,4.75,93.2,142,130,19221
2024-04-25,App_A,WebOS,Airtel,Akamai,Metro,VOD Series,1.44,2.96,1.51,0.56,1.12,1.72,6.28,1.58,7806,35.6,13642,64808,160488,90.1,73.7,56.8,38.5,60.8,94,1.28,74.3,7.3,4.54,4.64,91.8,148,122,22715
2024-04-25,App_B,Apple TV,Comcast Xfinity,Akamai,Region,VOD Series,1.1,2.79,1.14,0.51,1.17,1.75,6.78,1.34,6289,31.3,10341,49995,122720,88.6,68.2,58.1,42.6,62.8,93.9,1.17,79.5,6.4,4.51,4.76,93.3,169,131,14254
2024-04-26,App_A,Tizen,Broadband,Akamai,Region,FAST linear,1.19,3.32,1.16,0.48,1.07,1.49,6.22,1.24,8165,34.6,13091,62893,159120,84.9,68.6,57.2,39.7,61.4,87.3,0.93,79.6,7.6,3.96,5.2,91.6,135,121,18872
2024-04-26,App_B,Apple TV,Wi-Fi,Akamai,Region,FAST linear,1.17,3.04,1.12,0.66,1.09,1.52,5.63,1.22,6775,34.3,10496,50203,121490,87.2,71.1,57.2,39.3,62.5,89.1,1.24,76.2,6.7,4.77,5.32,92.9,150,121,14900
2024-04-27,App_A,WebOS,Verizon,Cloudflare,Metro,Live Sports/Events,1.3,3.52,1.32,0.59,0.84,1.86,5.61,1.6,8565,38.4,14084,67164,167711,87.4,69.2,52.9,40.9,63,88,1.14,78.4,6.9,3.94,4.84,92.4,182,107,17608
2024-04-27,App_B,iOS,Broadband,Cloudflare,Metro,VOD Movies,1.25,3.19,1.56,0.65,0.96,1.91,5.88,1.58,6029,37.3,11568,55928,133872,89.4,69.1,57.2,41,60.1,93.5,1.24,79.3,7.7,3.84,5.28,95,157,99,15445
2024-04-28,App_A,iOS,Comcast Xfinity,AWS CloudFront,Country,VOD Movies,1.28,3.33,1.24,0.57,0.81,1.44,5.98,1.21,8143,34,13558,64586,160578,88.9,71.2,58.9,43.4,63.6,91.3,1.26,74.4,7.5,4.41,5.17,92,153,116,18117
2024-04-28,App_B,Android TV,Cellular 5G,Fastly,Metro,Live Sports/Events,1.24,3.52,1.36,0.61,0.89,1.77,6.36,1.46,5752,33.6,10288,48953,110458,87.6,70.7,54.4,42.7,64.9,91.5,1.3,81.1,8,4.32,4.77,95.2,178,114,16270
2024-04-29,App_A,Apple TV,Wi-Fi,Akamai,Metro,VOD Movies,1.22,3.27,1.29,0.56,1.11,1.84,5.66,1.4,6944,34.4,12503,59918,153366,88.7,69,57.6,43.8,62.7,88.8,1.25,78.6,6.8,4.16,5.39,94,155,112,19376
2024-04-29,App_B,Desktop Web,Wi-Fi,Cloudflare,Metro,Live Sports/Events,1.35,3.08,1.63,0.56,1.08,2.03,5.63,1.3,5949,32.8,11252,54362,118250,86.6,69,58.7,39.9,60.9,88.1,1.1,76.6,6.5,3.89,5.31,94.2,151,139,18957
2024-04-30,App_A,Apple TV,Airtel,Fastly,Region,FAST linear,1.11,2.95,1.21,0.57,1.1,1.43,6.21,1.21,6550,32.7,12796,60920,153375,85.7,70.5,54.7,42.4,65.9,88,1.15,79,6.4,4.01,4.87,93,136,98,16884
2024-04-30,App_B,WebOS,Broadband,Fastly,Country,VOD Movies,1.13,3.32,1.44,0.57,1.09,2.04,5.95,1.25,5387,37.1,11092,53231,142595,84.8,71.4,55.2,39.5,60.6,90.4,1.38,81.3,8.2,3.89,5.36,93.9,148,99,17716
2024-05-01,App_A,Android,Cellular 5G,Fastly,Region,VOD Series,1.41,3.31,1.48,0.57,1.14,1.81,6.15,1.38,8391,36.6,13568,64996,167600,84.7,69.1,58.4,43,59.6,89.2,1.11,77.3,6.2,4.61,4.84,93.6,136,127,19046
2024-05-01,App_B,Apple TV,Verizon,Fastly,Region,Live Sports/Events,1.47,3.45,1.19,0.68,1.2,1.65,5.53,1.29,6669,36.9,10796,52281,131217,90.7,72.6,53.6,42.7,65.9,89.3,0.99,73.7,7.5,4.33,4.8,94.5,161,132,15670
2024-05-02,App_A,iOS,Cellular 5G,Cloudflare,Country,VOD Movies,1.22,3.21,1.52,0.59,0.92,1.8,6.81,1.32,7552,33.2,13759,65855,150456,88,73.4,53.8,42.5,59.3,90.1,1.29,75.8,7.7,4.41,4.79,93.3,134,128,19703
2024-05-02,App_B,Desktop Web,T-Mobile,Akamai,Country,Live Sports/Events,1.24,3.42,1.48,0.68,1.18,1.73,6.38,1.34,6600,34.2,11173,53100,112563,86.2,73.6,58.2,39.5,62.1,88,0.94,80.9,6.9,4.61,5.08,94.6,145,126,17750
2024-05-03,App_A,Android,AT&T,Cloudflare,Metro,Live Sports/Events,1.27,2.81,1.16,0.53,1.13,1.53,5.94,1.45,8456,33.3,13204,62890,139820,89.3,74.1,57.6,41.8,66.8,89.4,1.01,77.9,7.4,4.42,4.6,95.3,157,97,19671
2024-05-03,App_B,Android TV,Jio,Fastly,Region,VOD Movies,1.47,3.46,1.25,0.69,1.18,1.65,6.68,1.6,5550,36.5,11292,54295,129280,89.1,70.2,59.2,42.6,63.4,90.8,1.08,80.8,7.7,4.67,5.15,92.9,161,106,18958
2024-05-04,App_A,Android,Cellular 4G,Akamai,Metro,VOD Series,1.12,3.23,1.21,0.5,0.92,1.69,6.08,1.59,6528,31.1,12591,60525,160655,89.9,70,55.7,38.7,60.8,88.9,1.33,74.7,6.6,4.29,5.43,93,142,104,21523
2024-05-04,App_B,WebOS,Verizon,Fastly,Country,VOD Movies,1.1,2.89,1.16,0.49,0.86,1.57,5.35,1.38,6311,31.6,10814,51801,122366,90.1,72.6,58.6,38,59.6,87.4,1.09,76.1,6.9,4.27,4.9,94.1,157,134,17439
2024-05-05,App_A,FireTV,AT&T,AWS CloudFront,Metro,VOD Series,1.13,2.83,1.33,0.67,0.85,1.89,5.74,1.27,7242,31.5,12423,60149,135516,86.7,75.3,58,41.5,60.8,87.8,1.03,77.5,8,4.33,5.37,93.7,140,102,15742
2024-05-05,App_B,Apple TV,Verizon,Akamai,Region,VOD Movies,1.37,3.15,1.27,0.58,1.1,1.74,5.65,1.25,5682,34.4,11823,56344,139790,86.5,73.2,57.3,38.1,62.7,92.6,1.31,81.1,6.2,4.39,4.54,94,139,135,19785
2024-05-06,App_A,FireTV,Jio,Fastly,Metro,Live Sports/Events,1.3,2.91,1.6,0.54,1.18,1.4,6.01,1.14,8226,32.6,12387,59900,125309,90.5,70,56.4,39.8,64.3,87.4,0.91,75,7.1,4.36,4.81,95.2,178,132,15342
2024-05-06,App_B,Desktop Web,Jio,Cloudflare,Region,Live Sports/Events,1.2,3.23,1.17,0.52,1.08,1.83,6.56,1.24,5660,33.2,11630,55605,123221,85.3,74.7,52.9,41.1,63.1,91.7,1.14,77.9,7.2,4.32,5.36,94.5,154,125,14756
2024-05-07,App_A,Android,Airtel,Cloudflare,Country,Live Sports/Events,1.18,3.18,1.59,0.65,0.8,1.78,5.78,1.41,6412,35.1,12169,58103,151880,88.2,72.1,55.7,40.1,64.1,89.8,0.97,80.1,7.1,3.83,4.94,91.7,155,123,15523
2024-05-07,App_B,Android,T-Mobile,Akamai,Region,FAST linear,1.39,3.2,1.41,0.48,1.15,1.76,6.68,1.5,5673,31.8,10791,52025,125148,85.9,74.4,58,41.5,59.6,94.1,1.37,76.3,7.6,4.77,5.23,92.2,157,100,17049
2024-05-08,App_A,WebOS,Airtel,AWS CloudFront,Country,Live Sports/Events,1.41,2.89,1.1,0.48,0.98,1.98,5.57,1.29,7126,31.7,12773,60854,149069,85.6,73.5,58.8,38.9,60.1,93.3,1.3,81.4,6.9,3.93,4.94,95,140,120,18702
2024-05-08,App_B,FireTV,Broadband,Fastly,Country,VOD Movies,1.39,2.74,1.53,0.61,1.07,1.6,6.2,1.56,5326,33.1,10308,49959,108541,90.6,74.1,56.7,42.7,59.1,91.5,1.15,75.8,6.3,4.7,4.42,93.2,175,109,12916
2024-05-09,App_A,FireTV,T-Mobile,Fastly,Country,VOD Movies,1.27,3.07,1.09,0.52,1.1,1.4,6.16,1.45,7396,35.5,13784,65507,162799,89,68.6,54.8,42.1,65.2,93.4,1.22,74.7,7.9,3.77,5.41,92,135,122,24667
2024-05-09,App_B,Android,Broadband,Fastly,Metro,FAST linear,1.41,2.76,1.34,0.67,0.95,1.38,5.57,1.64,5638,37.3,10575,50358,120771,88.7,72.8,57.2,38.5,62.6,90.6,1.13,74.6,8,4.73,4.61,91.8,146,131,15324
2024-05-10,App_A,iOS,Cellular 4G,Cloudflare,Metro,Live Sports/Events,1.09,3.42,1.42,0.65,0.87,1.75,6.58,1.41,6645,31.7,13818,65815,142455,86.8,74.2,58,40.7,63,88.1,1.11,81.6,6.8,3.98,5.43,94.4,145,111,24486
2024-05-10,App_B,Apple TV,Comcast Xfinity,Akamai,Country,Live Sports/Events,1.35,3.45,1.11,0.51,0.97,1.67,5.77,1.54,5635,32.3,10622,51075,106531,85.4,71.3,55.5,40.6,62.6,90.4,1,74.7,7.9,4.15,4.51,95.3,152,112,17836
2024-05-11,App_A,Apple TV,Jio,Akamai,Region,VOD Movies,1.37,3.27,1.31,0.56,1.17,1.53,5.64,1.46,6962,32,12313,59160,152783,84.5,69,57.3,43.5,60.5,92.2,0.98,75.2,7,3.9,5.36,92,190,101,19028
2024-05-11,App_B,Apple TV,Cellular 5G,Akamai,Metro,FAST linear,1.26,2.91,1.5,0.54,1.2,1.4,6.73,1.46,5565,31.2,10537,50575,122583,90.6,73,58.8,38,60.8,92.9,1,77.2,8,4.55,4.69,93.4,158,106,17960
2024-05-12,App_A,Apple TV,Cellular 5G,AWS CloudFront,Region,VOD Movies,1.09,2.78,1.53,0.67,0.97,1.51,6.27,1.29,6691,36.6,13386,64204,147327,87.3,74.4,56.1,43.5,62.8,92.7,1.3,78.6,6,4.22,5.22,93.9,142,109,17194
2024-05-12,App_B,FireTV,AT&T,Fastly,Country,VOD Movies,1.36,3.11,1.17,0.63,1,1.81,6.53,1.53,5295,34,10924,52018,120631,84,70.2,58,38.1,65.2,92.6,1.2,79.6,7.3,4.37,5.03,92,163,131,15242
2024-05-13,App_A,Android,Comcast Xfinity,Cloudflare,Metro,VOD Movies,1.11,3.5,1.58,0.49,0.86,1.52,6.21,1.3,6696,35.6,13547,65256,151448,90.2,71,53.9,40.9,63.6,87.6,1.27,79.9,6.5,4.28,5.44,94.5,178,102,24123
2024-05-13,App_B,Apple TV,T-Mobile,Fastly,Country,VOD Movies,1.17,2.91,1.14,0.49,0.88,1.82,6.63,1.58,5436,37,10512,50589,117053,88.3,71.4,58.3,38.1,59.1,89.1,1.34,81.1,6.5,4.33,5.09,93.1,157,110,13411
2024-05-14,App_A,Android,AT&T,Akamai,Region,FAST linear,1.4,2.65,1.07,0.51,0.8,1.79,5.82,1.41,6779,32.3,13193,63298,134757,87.3,75.2,58.9,39.6,66.2,92.3,1.01,77.3,7,4.34,5.12,92.1,171,110,23328
2024-05-14,App_B,Desktop Web,Cellular 5G,Cloudflare,Region,FAST linear,1.17,2.78,1.35,0.58,1.15,1.39,5.5,1.26,6363,34.8,11356,54596,123210,84.7,70.7,59.1,41.7,63,91.5,1.23,75.1,7.2,4.35,5.07,93.5,189,104,19510
2024-05-15,App_A,Android TV,Comcast Xfinity,Akamai,Region,VOD Series,1.41,2.97,1.15,0.53,0.89,1.78,6.51,1.49,7888,36,13569,65447,148075,88.2,68.9,53.8,42.6,59.9,92.2,1.18,81.8,7.9,3.81,4.52,92.5,155,120,16863
2024-05-15,App_B,WebOS,Cellular 4G,Akamai,Metro,FAST linear,1.21,3.45,1.49,0.48,1.11,1.66,6.55,1.59,5820,31,10003,48088,128881,90.4,70.2,57,42.2,59.8,90.5,1.33,76.2,8,4.13,5.12,93.7,138,138,13205
2024-05-16,App_A,iOS,Cellular 5G,Akamai,Metro,FAST linear,1.4,3.21,1.11,0.66,0.8,1.45,6.33,1.57,7853,37.1,11846,57244,151057,88,69.4,52.8,39.5,60.1,87.5,1,75.4,6.3,4.58,5.16,92.2,181,134,15967
2024-05-16,App_B,Android,T-Mobile,Fastly,Country,VOD Series,1.11,3.17,1.26,0.5,0.98,1.83,5.8,1.17,6720,36.3,11395,54417,115124,84.1,74.3,56,38.1,60.4,89.1,1.32,78.6,6.6,3.76,4.76,91.7,192,106,18637
2024-05-17,App_A,Tizen,Verizon,Fastly,Country,FAST linear,1.41,3.51,1.58,0.48,1.18,1.67,6.83,1.2,6930,33,13418,64975,135582,87.2,70,58.1,39.2,64,88.6,1.05,77.1,6.3,3.93,5.33,95.3,158,112,17368
2024-05-17,App_B,Android TV,Broadband,Akamai,Region,VOD Series,1.25,2.7,1.52,0.63,0.87,1.5,5.75,1.42,5271,36.4,10827,51766,128192,87.5,72.6,58.6,38.6,58.9,92.5,1.24,74.8,6.5,4.25,5.18,94.3,157,98,19049
2024-05-18,App_A,WebOS,Cellular 5G,AWS CloudFront,Country,VOD Movies,1.16,3.24,1.2,0.58,0.85,1.68,6.48,1.28,6413,35,12167,58933,122132,86.1,74.5,59.1,40.8,61,93.5,0.9,75.4,6.6,4.24,4.58,94.9,138,101,17696
2024-05-18,App_B,Tizen,Comcast Xfinity,Cloudflare,Country,VOD Movies,1.22,3.41,1.61,0.61,0.99,1.54,6.83,1.41,6889,35.8,10334,49777,114975,90.6,69.3,53.2,41,61.3,90.2,1.28,75.1,8.1,4.57,5.26,94.9,148,103,18025
2024-05-19,App_A,Apple TV,Airtel,Cloudflare,Country,FAST linear,1.32,3.42,1.42,0.6,1.15,1.78,6.77,1.42,7845,30.6,13834,66264,157930,90.3,68.5,58.2,42.3,62.7,88.1,1.14,81.8,7.3,3.7,5.05,92.9,174,129,17653
2024-05-19,App_B,Apple TV,T-Mobile,AWS CloudFront,Region,Live Sports/Events,1.41,3.28,1.12,0.55,0.85,1.89,6.39,1.29,6979,34.4,11225,53628,122836,85.1,68.9,57.5,40.7,63.6,89.6,1.29,78.4,7,3.89,5.38,93,184,123,19737
2024-05-20,App_A,WebOS,T-Mobile,Akamai,Region,Live Sports/Events,1.19,3.08,1.09,0.55,1.01,1.52,5.59,1.58,6424,37,12913,62512,149247,87.6,70.4,54.2,42.3,60.4,90.3,1.23,77.4,7.3,3.87,4.53,95.1,160,96,20495
2024-05-20,App_B,Android TV,Cellular 5G,Akamai,Country,Live Sports/Events,1.15,3.58,1.63,0.48,0.86,1.48,6.16,1.53,5425,33.5,11072,52936,122638,86.1,72,58,39.8,65.2,93,1.07,81.3,6.3,3.95,4.81,92.6,178,135,13754
2024-05-21,App_A,iOS,Cellular 5G,Fastly,Region,VOD Movies,1.18,3.02,1.5,0.48,1.13,1.54,6.27,1.07,6170,34.2,12272,59132,135552,85.6,75.1,55.3,38.8,62.8,89.7,1.01,76.4,7.4,4.19,4.96,95.1,153,128,20814
2024-05-21,App_B,WebOS,Cellular 4G,Akamai,Metro,VOD Series,1.22,3.3,1.23,0.66,0.99,1.63,6.27,1.55,6979,35.3,10843,52051,121384,86.9,71.4,54.3,39.9,65.9,88.9,1.35,76,6.9,4.2,5.19,95.4,159,135,13302
2024-05-22,App_A,Tizen,Comcast Xfinity,AWS CloudFront,Metro,VOD Series,1.15,3.35,1.44,0.46,1.08,1.83,5.87,1.44,7503,35.9,11871,57446,119321,88.5,70.7,54.5,43.7,66,89.1,0.99,75.6,6.9,4.46,4.67,91.9,137,129,14942
2024-05-22,App_B,FireTV,AT&T,AWS CloudFront,Country,VOD Series,1.43,3.61,1.44,0.55,0.93,1.74,6.46,1.34,5857,31.8,10759,51910,126444,87.6,70.9,56,41.1,65,89.1,1.21,80.8,7.9,4.63,4.84,92.3,163,105,14333
2024-05-23,App_A,Desktop Web,Wi-Fi,Fastly,Metro,Live Sports/Events,1.38,2.72,1.49,0.57,1.07,1.86,5.56,1.5,7552,34.8,12245,58579,131105,87.9,70.7,57.7,41,61.2,93.1,1.34,80.3,6.6,4.39,4.64,94.4,139,124,19136
2024-05-23,App_B,Apple TV,Verizon,Fastly,Country,VOD Movies,1.46,3.37,1.49,0.49,1.08,1.38,5.54,1.23,5639,31.1,11544,55275,145650,88.1,68.5,55.7,41.2,64.3,89.6,1.13,80.9,6.6,4.48,4.58,94.8,186,127,17667
2024-05-24,App_A,iOS,Broadband,Akamai,Country,VOD Series,1.2,2.93,1.09,0.57,0.8,1.41,6.54,1.12,7794,32.4,13762,66723,163632,86.2,69.4,58.5,42.5,59.9,94.1,1.14,76.9,7.4,4.17,5.4,92.5,141,108,18663
2024-05-24,App_B,iOS,Comcast Xfinity,Akamai,Region,VOD Movies,1.21,3.11,1.55,0.61,1.08,1.61,6.74,1.45,6528,32.4,10471,50319,109990,85.3,74.8,55.8,40.7,64.4,88.5,1.14,77,6.1,4.05,4.73,92.8,170,125,16907
2024-05-25,App_A,iOS,Comcast Xfinity,Fastly,Country,VOD Movies,1.4,3.03,1.1,0.47,0.8,1.59,5.57,1.25,7648,31.1,12264,59006,123347,86.5,70.7,53.4,39.7,62.6,87.3,0.95,75.6,6.9,4.53,4.83,93.3,159,101,17481
2024-05-25,App_B,Android,Comcast Xfinity,Cloudflare,Country,VOD Movies,1.32,2.79,1.56,0.52,1.11,1.53,5.44,1.21,6952,30.5,11429,54556,135955,89.1,70.6,54.3,39.7,59.6,88.7,1.12,75.5,6.7,4.46,5.1,95.3,184,134,18941
2024-05-26,App_A,Desktop Web,Comcast Xfinity,Fastly,Region,Live Sports/Events,1.16,3.2,1.24,0.55,0.85,1.51,5.45,1.21,7193,30.6,11919,57410,138748,86.8,69.5,58.5,41.9,65.6,91.8,0.92,78.3,6.7,4.48,4.52,93.1,183,121,21012
2024-05-26,App_B,Tizen,Comcast Xfinity,Fastly,Region,Live Sports/Events,1.19,2.88,1.39,0.63,1.13,1.6,5.62,1.37,5163,31.6,9891,47194,125728,86.9,74.8,55.3,38.2,59.9,93.4,1.02,80.9,6.8,3.98,4.83,93.3,188,133,14685
2024-05-27,App_A,Tizen,AT&T,AWS CloudFront,Country,FAST linear,1.1,3.48,1.4,0.58,0.84,1.62,6.39,1.4,7114,31.5,12938,62670,135176,84.4,75,59.3,43.9,65.8,87.6,1.26,74.6,6.1,3.93,5.08,93,156,124,20551
2024-05-27,App_B,Tizen,Verizon,Akamai,Country,VOD Series,1.41,3.29,1.47,0.47,1.07,1.81,5.43,1.36,6507,32.2,11043,52655,112014,90.5,74.8,53.5,41.5,62.7,87.1,1.29,76.8,6.5,4.25,5.23,94.3,194,127,16528
2024-05-28,App_A,WebOS,Jio,Fastly,Metro,Live Sports/Events,1.12,2.65,1.21,0.51,0.8,1.67,5.75,1.33,6674,31.5,12715,61464,130072,84.4,71.1,57.5,42.5,60.6,89.1,1.12,74.9,6.3,4.18,5.41,93.2,156,117,21198
2024-05-28,App_B,iOS,Broadband,Cloudflare,Country,VOD Series,1.45,2.78,1.29,0.5,0.94,1.74,6.08,1.17,5426,31.3,11302,53928,137533,86.3,71.8,57.3,38.8,60.6,92.2,1.14,75.3,6.3,4.12,4.69,93.3,193,99,18201
2024-05-29,App_A,Tizen,AT&T,Fastly,Country,Live Sports/Events,1.08,2.9,1.45,0.49,0.89,1.49,6.19,1.5,6893,35.3,13377,64335,169826,86.3,69,53,39.4,63.5,90.1,1.25,75.6,6.7,3.97,5.35,91.8,133,128,21215
2024-05-29,App_B,Android TV,Broadband,Fastly,Country,VOD Movies,1.46,3.15,1.24,0.6,1.15,1.78,5.94,1.54,6880,32.5,10285,49515,107218,85.7,72.1,52.9,38.4,62,90.6,0.97,77.3,6.7,4.45,5.32,94.3,144,103,16582
2024-05-30,App_A,Android TV,T-Mobile,Akamai,Country,VOD Movies,1.34,3.4,1.36,0.53,0.86,1.42,6.01,1.51,6599,31.6,11999,57308,146484,88.1,73.1,58.1,42.8,62.2,87.3,0.91,79.5,6.6,3.94,4.72,93.1,147,106,19525
2024-05-30,App_B,Tizen,Wi-Fi,AWS CloudFront,Metro,FAST linear,1.24,3.24,1.16,0.56,0.93,1.92,6.81,1.32,6330,35.8,10226,49073,114488,88.2,73.5,55,42.7,63.3,92.6,1.2,80.6,7.6,4.26,4.51,93.8,172,135,14770
2024-05-31,App_A,Android,Verizon,AWS CloudFront,Metro,VOD Series,1.11,3.22,1.34,0.56,0.95,1.53,6.17,1.51,6345,36.2,13308,63801,138581,90.5,69.3,57,38.5,66.7,91.6,0.94,77.8,7.1,3.72,5.36,93.8,144,134,23614
2024-05-31,App_B,WebOS,T-Mobile,Cloudflare,Country,VOD Series,1.33,3.06,1.3,0.55,0.89,1.66,5.79,1.26,6258,30.3,10594,50768,114575,88.5,71.4,53.2,40.6,65,87.8,1.17,75.3,6.4,4.43,4.71,91.8,182,111,14588
2024-06-01,App_A,Apple TV,Airtel,Fastly,Metro,VOD Series,1.22,2.66,1.31,0.54,1.13,1.77,6.17,1.08,7094,33.7,13239,64125,133378,89.4,74.3,53,41.6,63.2,90.3,1.24,76.7,7.3,3.98,5.39,94.9,144,116,16503
2024-06-01,App_B,WebOS,Jio,Cloudflare,Country,FAST linear,1.14,3.19,1.39,0.64,0.94,1.58,6.82,1.61,5186,36.3,10040,47729,105030,87.2,70.9,53.7,43.4,63.6,89.1,0.96,80.4,8.1,4.52,4.86,93.4,166,133,13291
2024-06-02,App_A,Android TV,Broadband,Akamai,Country,VOD Series,1.22,3.28,1.19,0.51,1.09,1.51,6.71,1.31,7815,34.1,13642,66049,168069,90,70.3,56.6,38.5,61,88,1.17,80.7,6.8,4.46,4.85,93.6,188,103,17214
2024-06-02,App_B,WebOS,Broadband,Akamai,Country,Live Sports/Events,1.1,3.09,1.28,0.56,1.01,1.92,6.64,1.6,6104,30.8,9952,48222,127574,85.1,72.2,55,41,63.2,90.1,1.06,77.8,7.6,4.26,4.63,92.9,147,120,13281
2024-06-03,App_A,Tizen,Airtel,Akamai,Region,Live Sports/Events,1.31,2.63,1.58,0.53,0.99,1.55,6.77,1.28,6880,31.3,11717,55765,134053,89.5,72.9,59.5,40.8,61.6,92.4,1.12,75.1,7.3,3.98,4.69,95.4,141,119,15882
2024-06-03,App_B,Desktop Web,AT&T,AWS CloudFront,Region,VOD Series,1.22,3.14,1.54,0.63,1.18,1.74,5.66,1.46,5437,30.9,10852,51726,113297,87.2,69.9,55.7,43.3,60.4,91.3,1.18,75.9,6.9,4.08,4.53,92.2,139,99,14962
2024-06-04,App_A,Apple TV,Airtel,Akamai,Metro,Live Sports/Events,1.19,3.25,1.4,0.5,0.78,1.65,5.45,1.52,7169,36,13605,65574,170962,87.7,72.1,54.2,42.2,66.5,93,1.03,79.1,6.2,4.06,5.29,92.9,141,111,21345
2024-06-04,App_B,WebOS,AT&T,AWS CloudFront,Country,VOD Movies,1.23,2.94,1.52,0.5,1.1,1.83,6.29,1.25,6938,35.8,11100,52796,137436,88.1,72.4,58.2,39.2,62.3,91.2,0.92,76.8,7.6,4.68,4.76,92.8,152,133,17132
2024-06-05,App_A,WebOS,T-Mobile,Akamai,Metro,Live Sports/Events,1.35,3.22,1.31,0.54,0.91,1.6,5.66,1.37,6534,34,13241,63016,167862,90.4,73.3,54.4,39.7,61.2,93.1,1.32,76.2,7.5,4.03,5.33,92.5,156,108,17285
2024-06-05,App_B,Tizen,AT&T,Cloudflare,Metro,FAST linear,1.33,3.28,1.27,0.55,1.18,1.58,5.93,1.52,5872,32.2,10631,51332,128016,84.1,73.9,57.6,41.4,63.9,88.7,1.12,75,7.3,4.16,5.26,93.5,143,129,13156
2024-06-06,App_A,Android TV,Airtel,Fastly,Region,FAST linear,1.36,2.67,1.41,0.59,1.06,1.56,5.98,1.56,6540,30.3,12146,58227,134353,90.7,73.1,56.4,42.8,62.5,92.9,1.06,80.1,6.6,3.76,5.1,92.3,182,110,15306
2024-06-06,App_B,FireTV,Cellular 4G,Fastly,Region,FAST linear,1.35,3.11,1.31,0.57,0.97,1.36,6.33,1.31,6286,32.8,10867,52113,139162,89.6,72.4,53.9,39.1,62.7,92.7,1,76.1,7.5,4.39,4.96,92.6,182,115,16074
2024-06-07,App_A,Tizen,T-Mobile,AWS CloudFront,Metro,VOD Series,1.3,3.34,1.42,0.59,0.99,1.72,5.8,1.56,7319,31.4,11755,56117,144957,84.1,75.2,57.7,41.3,62.8,89.1,1.18,77.4,6.6,4.15,4.97,93.3,160,113,19342
2024-06-07,App_B,WebOS,Airtel,Akamai,Country,VOD Series,1.23,3.59,1.61,0.58,0.82,1.58,6.27,1.19,6454,30.6,10880,52392,110472,89.8,72.9,57.7,39.9,66.2,94.1,1.21,77,6.9,4.3,5.23,94.8,170,130,16733
2024-06-08,App_A,Android TV,T-Mobile,Cloudflare,Country,Live Sports/Events,1.31,3.52,1.17,0.47,1.06,1.87,6.91,1.33,6137,36.1,11967,57576,135707,90.7,74.6,57.7,40.5,59.8,87.4,0.91,81.5,6.2,4.19,4.96,94.6,186,104,18117
2024-06-08,App_B,Android,Cellular 4G,Cloudflare,Metro,Live Sports/Events,1.33,3.46,1.25,0.55,1.11,1.78,6.41,1.11,5907,33.6,11416,54862,134268,85.4,75.1,54.4,39.7,63.5,88.1,1.25,75.7,7.1,4.64,5.06,92.7,140,125,18408
2024-06-09,App_A,FireTV,Verizon,AWS CloudFront,Region,VOD Series,1.22,3.48,1.41,0.52,0.89,1.6,6.72,1.32,7669,34.3,13252,63246,162123,87.8,75.5,52.9,43.2,65.1,91,0.9,77.7,5.9,4.48,5.29,93,136,125,19066
2024-06-09,App_B,Desktop Web,Broadband,Cloudflare,Country,Live Sports/Events,1.24,2.69,1.45,0.56,1.11,1.74,6.14,1.18,6876,35.4,11060,52652,116999,90.9,70.8,59.5,40.8,62.4,88.4,1.22,79.9,6.8,4.55,5.43,92.7,190,126,16730
2024-06-10,App_A,Apple TV,Wi-Fi,Akamai,Region,VOD Movies,1.37,3.09,1.46,0.47,1.09,1.84,5.86,1.3,6832,35.1,12980,62422,136401,85.9,74.4,54.9,43.1,67,89.3,0.96,76,7.7,4.42,5.31,92.7,146,97,18408
2024-06-10,App_B,Android TV,Jio,Fastly,Country,VOD Series,1.43,3.41,1.24,0.61,1.19,1.68,6.69,1.12,5752,35.6,10250,49676,102558,90,70.9,59.4,43.2,66.3,89.7,1.14,79.3,7.7,4.21,4.68,92.6,175,133,17986
2024-06-11,App_A,Desktop Web,AT&T,AWS CloudFront,Country,Live Sports/Events,1.17,3.18,1.17,0.47,0.92,1.53,5.78,1.22,6751,35.3,13331,63595,165895,87.9,73.6,59.6,40,65.5,91.4,1.16,75.1,7.1,3.92,4.97,92.9,172,100,22018
2024-06-11,App_B,FireTV,Broadband,Akamai,Metro,FAST linear,1.4,3.61,1.48,0.51,1.02,1.97,6.18,1.58,5225,35.7,10852,52403,123725,90,72.8,55.6,39.8,60.5,93.3,1.28,81.7,6.8,4.71,5.25,93.3,137,109,14294
2024-06-12,App_A,Android,Wi-Fi,Cloudflare,Country,Live Sports/Events,1.3,3.34,1.54,0.49,1.13,1.53,6.29,1.15,7610,32.1,13141,63046,165642,88.6,73.9,58.2,42.5,61.1,93.6,1,76.4,6.3,4.17,5.44,94,148,113,19648
2024-06-12,App_B,Apple TV,Airtel,Akamai,Country,Live Sports/Events,1.45,3.44,1.44,0.6,0.96,1.64,6.01,1.25,5975,30.2,11163,53389,122894,87.7,74.7,54.3,41.1,66.5,92.2,1.34,81.2,6.1,3.98,5.36,94.9,187,127,13415
2024-06-13,App_A,Desktop Web,Airtel,Cloudflare,Region,Live Sports/Events,1.1,3.07,1.37,0.55,0.79,1.78,6.55,1.1,6682,34,11737,56863,144914,85.3,71.9,54.3,41.4,66.9,90.7,1.05,77.3,6.2,3.94,5.5,94,132,94,21043
2024-06-13,App_B,Tizen,Cellular 4G,Akamai,Metro,VOD Series,1.26,2.97,1.4,0.54,0.86,1.47,5.48,1.49,5131,31.7,9919,47870,100526,89.4,72.5,55.9,38.7,66.1,92.8,1.34,75.9,6.5,4.12,5.3,92.8,134,122,13081
2024-06-14,App_A,Tizen,T-Mobile,AWS CloudFront,Metro,VOD Series,1.26,3.41,1.25,0.55,1.06,1.32,6.02,1.51,6556,31,12622,61100,128392,90.6,75.5,53.5,40,65.5,91.3,1.14,76.6,6.8,4.25,4.53,93.8,154,114,21977
2024-06-14,App_B,iOS,Airtel,Fastly,Metro,VOD Movies,1.11,2.77,1.33,0.49,0.87,1.43,6.33,1.11,6717,36.3,10852,52113,114524,88.1,69.3,57.4,38.2,62.3,91.8,0.94,78.1,7.5,4.47,5.23,94.2,189,121,18306
2024-06-15,App_A,Desktop Web,Jio,Cloudflare,Country,Live Sports/Events,1.38,2.96,1.27,0.64,0.79,1.59,6.22,1.14,6469,36.7,12048,57763,150290,84.3,74.9,56.4,41.7,65.3,89.8,0.95,75.1,5.9,4.09,4.82,95.5,143,122,17799
2024-06-15,App_B,Desktop Web,T-Mobile,Akamai,Metro,VOD Series,1.17,3.02,1.54,0.59,1.11,1.93,6.45,1.1,6634,34.1,11119,53202,123431,87.2,69.1,55.3,41,64.3,91.8,1.33,76.8,7.8,4.31,4.92,94.7,181,105,19640
2024-06-16,App_A,Android TV,Jio,AWS CloudFront,Country,VOD Series,1.1,3.4,1.4,0.54,0.89,1.38,6.71,1.35,6879,34.2,13081,62758,153811,90.1,70.4,59.2,41.3,67,93.7,0.94,78,6,4.45,4.87,93,174,114,16376
2024-06-16,App_B,Apple TV,Jio,Cloudflare,Region,VOD Series,1.44,3.2,1.17,0.53,1.17,1.96,5.98,1.37,5938,33.6,10824,52103,124762,89.4,72.1,59.3,40,63.1,90.8,1.08,76,6.6,3.99,5.46,91.9,191,108,17811
2024-06-17,App_A,iOS,Cellular 5G,Fastly,Country,VOD Series,1.39,3.24,1.51,0.63,0.88,1.8,5.47,1.44,7099,30.2,12045,57667,154121,86.2,74.1,56.6,40.4,64,90.8,1.29,76.6,7.7,4.09,5.27,92.6,163,104,19695
2024-06-17,App_B,Android TV,Broadband,Cloudflare,Country,VOD Series,1.14,2.68,1.62,0.53,1.04,1.94,6.48,1.26,6042,35.1,11330,54798,133578,86.3,71.1,54.2,43.8,60,89,1.25,75.2,6.3,4.44,4.79,93.5,191,108,17377
2024-06-18,App_A,Apple TV,T-Mobile,Fastly,Metro,FAST linear,1.41,3.21,1.17,0.6,1,1.66,6.42,1.18,8020,33.6,12048,57911,150676,88.6,71.1,58.4,42.9,60.6,92.8,1.22,81.1,6.2,3.71,4.99,93.5,152,109,14885
2024-06-18,App_B,WebOS,Verizon,Akamai,Region,Live Sports/Events,1.14,3.52,1.15,0.47,0.96,1.5,6.09,1.61,6107,30.2,11233,54451,126109,85.4,73.1,58.9,42.1,64.5,89.8,1.19,79.4,6.3,4.1,5.17,94.7,142,98,14372
2024-06-19,App_A,Tizen,Cellular 4G,AWS CloudFront,Metro,VOD Movies,1.33,2.62,1.44,0.56,1,1.47,6.86,1.07,6140,34.8,13233,63710,148076,90.1,75.3,53.7,38.7,66.3,93.6,1.04,77.7,7.5,4.41,5.04,92.3,162,128,16472
2024-06-19,App_B,WebOS,T-Mobile,Cloudflare,Region,FAST linear,1.21,3.02,1.47,0.67,1.18,1.74,6.49,1.2,5412,33,10061,48478,129681,87.4,71.7,59.3,44,64.4,89.9,1.18,74.3,6.2,4.07,5.2,92.6,176,137,12451
2024-06-20,App_A,Android TV,AT&T,Akamai,Country,VOD Series,1.14,3.2,1.14,0.54,1.05,1.93,6.71,1.34,7591,30.4,12771,61788,128615,90.9,70.1,54,41.9,64.3,87.3,1.14,81.8,6.7,3.64,4.65,91.9,131,105,20914
2024-06-20,App_B,Tizen,Cellular 5G,Akamai,Metro,Live Sports/Events,1.44,2.8,1.47,0.46,1.17,1.51,5.89,1.2,5509,35.4,10319,49798,127963,85.2,74.4,56.3,40,59.4,92.4,1.22,76.8,6.8,3.87,5.06,92.1,142,101,18110
2024-06-21,App_A,FireTV,Airtel,Cloudflare,Region,VOD Movies,1.18,3.05,1.28,0.53,0.96,1.64,5.95,1.48,6739,35.7,12409,59453,136533,90.4,71.8,54.6,38.5,64,94,0.99,82.5,7.4,4.02,4.78,92,138,132,21764
2024-06-21,App_B,iOS,Cellular 4G,AWS CloudFront,Region,Live Sports/Events,1.19,3.02,1.52,0.59,0.99,1.71,6.38,1.58,6624,36.3,10965,52536,138216,84.5,71.6,53.7,39.6,61.1,93,1.06,75,7.7,4.68,5.17,93.6,146,99,16608
2024-06-22,App_A,Android TV,Cellular 4G,Akamai,Country,Live Sports/Events,1.05,3.5,1.49,0.65,0.89,1.62,6.49,1.15,7346,30.2,12129,58071,129603,88,68.9,55.2,43.6,65.6,90.9,1.3,81,7.7,4.1,4.64,91.9,137,122,17102
2024-06-22,App_B,iOS,Verizon,Akamai,Country,Live Sports/Events,1.24,2.92,1.57,0.53,1.17,1.69,6.3,1.41,5405,30.2,11487,55130,129447,87,69,57,38.3,66.6,90.3,1,80.1,7.4,4.5,5.27,92.5,185,98,19880
2024-06-23,App_A,Android,Cellular 5G,Cloudflare,Country,FAST linear,1.39,2.84,1.28,0.45,0.82,1.49,6.27,1.43,6505,32.3,11984,58005,148230,85.8,74.6,57.2,40.2,66.4,93.1,1.07,77.2,6.5,4.35,5.22,94.1,146,128,18324
2024-06-23,App_B,Apple TV,AT&T,Fastly,Metro,Live Sports/Events,1.09,3.38,1.08,0.64,0.98,1.52,6.1,1.09,6483,35.4,9851,47222,122438,87.6,69,53.2,40.5,64.1,88.1,1.27,74.4,7.2,4.7,4.65,95.5,175,113,16214
2024-06-24,App_A,WebOS,Comcast Xfinity,AWS CloudFront,Region,VOD Series,1.25,2.61,1.11,0.57,0.78,1.79,6.07,1.39,7345,31,12301,58944,133407,89.1,69.5,54.7,41.3,63.9,87.6,0.99,77.6,6.2,3.64,4.98,94.3,184,112,17702
2024-06-24,App_B,FireTV,Comcast Xfinity,AWS CloudFront,Metro,VOD Movies,1.22,3.48,1.56,0.67,0.91,1.58,5.6,1.19,6231,32.4,11380,54209,118535,87.7,71,59.5,43,65.1,89.7,1.01,77.8,6,4,4.53,95.3,168,96,14433
2024-06-25,App_A,Apple TV,Cellular 4G,AWS CloudFront,Metro,Live Sports/Events,1.25,3.17,1.19,0.52,1.15,1.7,6.94,1.47,8169,32,13140,62607,144506,89,75.4,56.5,42.7,62,88.1,0.94,76.1,6.9,4.36,4.79,93.2,186,102,21362
2024-06-25,App_B,Desktop Web,Verizon,Cloudflare,Region,FAST linear,1.41,2.74,1.53,0.54,0.86,1.4,5.98,1.3,6903,32,10618,51207,134626,88.7,71.8,53.8,39.5,60.5,90.5,0.99,77.7,7.8,4.31,4.74,92.9,185,117,14373
2024-06-26,App_A,Tizen,Broadband,Cloudflare,Region,Live Sports/Events,1.11,3.44,1.45,0.49,1.11,1.65,5.71,1.24,7488,31.6,13622,64853,154587,89.1,74.9,56.7,42.3,66.4,93.6,0.97,74.9,6.9,4.42,4.66,92.9,150,124,22930
2024-06-26,App_B,Desktop Web,T-Mobile,AWS CloudFront,Region,FAST linear,1.23,3.05,1.12,0.54,0.8,1.77,5.7,1.33,5999,36.3,10504,50222,119730,87.3,69.8,56,40.7,64.7,90.6,1.14,78,6.5,4.37,4.73,94.1,179,116,13328
2024-06-27,App_A,Android TV,Comcast Xfinity,Akamai,Metro,FAST linear,1.13,2.64,1.31,0.62,1.06,1.56,5.85,1.51,7347,35.5,13593,64593,159158,86.8,73.8,53.1,41.5,60.6,88.6,1.08,81,5.8,3.68,5.1,95.1,155,125,20618
2024-06-27,App_B,Desktop Web,Jio,Akamai,Country,Live Sports/Events,1.3,2.95,1.1,0.54,0.87,1.99,5.82,1.53,6933,30,11439,55472,145199,85.9,73.8,59.7,39,66.1,89,1.12,77.9,7.4,3.74,5.18,92.4,187,103,19599
2024-06-28,App_A,Android TV,Airtel,AWS CloudFront,Region,Live Sports/Events,1.41,3.1,1.19,0.61,1.07,1.82,5.53,1.36,6633,30.3,12584,60424,136739,89.4,74.2,53.9,38.7,61.5,92.5,1.1,80.4,7.6,4.07,5.46,95.2,140,119,17129
2024-06-28,App_B,Android,Cellular 5G,AWS CloudFront,Country,VOD Series,1.27,3.53,1.39,0.62,0.89,1.66,6.93,1.22,6659,30.3,10361,49292,121876,85.6,72.4,55.1,43.9,65.4,90.3,1.31,76.6,6.6,4.5,5.41,95.5,142,111,17944
2024-06-29,App_A,WebOS,T-Mobile,AWS CloudFront,Metro,VOD Series,1.05,3.35,1.09,0.57,0.96,1.56,5.79,1.07,6764,34.7,13667,65144,150019,89.1,72.9,54.3,39.7,65.9,88.1,0.98,80.1,6.7,3.97,4.71,93.1,164,121,18576
2024-06-29,App_B,WebOS,Wi-Fi,AWS CloudFront,Metro,VOD Movies,1.12,2.97,1.12,0.62,0.99,1.99,5.47,1.21,5432,33.8,10802,52226,133941,88.4,75.3,53.5,43.2,64.1,93.2,1.16,82.1,6.6,4.06,5.41,93.1,176,96,17394
2024-06-30,App_A,Android,Comcast Xfinity,AWS CloudFront,Region,Live Sports/Events,1.11,3.08,1.42,0.62,1,1.92,5.8,1.45,6747,34.8,12665,60609,147185,87.7,69.4,58.5,44.3,63.3,91,1.18,81.5,5.9,4.32,5.33,94.4,133,113,19446
2024-06-30,App_B,iOS,Cellular 5G,AWS CloudFront,Region,Live Sports/Events,1.37,2.67,1.42,0.54,0.82,1.79,5.62,1.28,6853,30,11000,53295,112067,86.4,70.2,57,43.1,66,89.9,1.12,80.8,7,4.69,5.15,92.1,150,135,19237
2024-07-01,App_A,iOS,Jio,Akamai,Metro,VOD Series,1.37,3.16,1.19,0.51,0.92,1.48,5.59,1.32,8220,34.5,12162,58171,152143,88.3,74.6,55.1,42.2,61.1,87.6,1.28,79.8,7.2,4.03,4.57,93.3,142,112,17136
2024-07-01,App_B,Desktop Web,Verizon,Cloudflare,Region,FAST linear,1.29,2.99,1.18,0.66,1.05,1.95,6.51,1.2,5439,33.2,10870,52216,112940,86.4,72.8,59.3,41.1,65.8,92.8,1.16,80.5,7,4.43,5.03,93.3,141,116,19419
2024-07-02,App_A,Tizen,Airtel,Fastly,Region,FAST linear,1.05,3.25,1.28,0.46,1,1.71,6.33,1.5,6178,31.6,12533,59704,155721,86.2,74.4,58.3,38.9,63,88.6,1.19,79.4,7.8,3.78,5.5,94.1,156,104,21578
2024-07-02,App_B,Apple TV,Airtel,Fastly,Country,Live Sports/Events,1.12,2.91,1.59,0.49,1.1,1.39,5.58,1.13,6716,30,10308,49615,129722,85.4,69.3,54.4,40.9,66,87.5,1.06,77.3,6.5,4.05,5.36,94.8,153,124,13174
2024-07-03,App_A,Tizen,T-Mobile,AWS CloudFront,Region,Live Sports/Events,1.05,3.26,1.05,0.6,1.04,1.79,6.51,1.5,7041,33.5,13289,64221,165454,86.4,71.3,54.8,40.5,64.4,93.7,0.92,79.5,7,3.61,4.66,94.4,131,99,19906
2024-07-03,App_B,Android,AT&T,Cloudflare,Region,VOD Series,1.14,3.55,1.46,0.65,0.81,1.49,5.71,1.34,5993,36.3,9897,47786,123612,84.3,73.8,56.2,38.4,60.6,87.5,1.21,75.3,6.5,4.17,5.13,94.1,136,116,16416
2024-07-04,App_A,Android,Jio,Akamai,Country,Live Sports/Events,1.31,3.21,1.16,0.54,0.82,1.59,6.58,1.52,7307,32.4,11968,56932,124339,87.9,72.6,56,40.9,61.3,94.5,1.16,75.5,6,3.76,5.44,92.6,150,93,18422
2024-07-04,App_B,Android,T-Mobile,Fastly,Country,FAST linear,1.23,3.58,1.5,0.67,1.04,1.58,5.86,1.36,6907,30.1,11313,54303,119316,90.2,75.6,56.4,39.6,65.9,93.1,1.33,74.7,6.4,4.49,5.21,93.8,134,133,17314
2024-07-05,App_A,Tizen,Comcast Xfinity,Cloudflare,Region,Live Sports/Events,1.33,2.93,1.38,0.61,1.01,1.72,6.36,1.44,7342,33.1,13599,64955,141529,90,73.7,57.3,39.4,61.6,90.9,1.26,81,7,3.89,5.19,92.5,149,111,23260
2024-07-05,App_B,Desktop Web,Cellular 5G,Fastly,Metro,VOD Series,1.41,3.5,1.6,0.54,0.92,1.48,6.22,1.54,5533,34.1,11058,53152,112510,84.5,72.3,55.7,41.8,64.9,89.7,1.21,77,6.6,4.06,4.91,92.5,162,134,14092
2024-07-06,App_A,FireTV,Verizon,Cloudflare,Region,Live Sports/Events,1.38,3.18,1.36,0.46,0.98,1.4,5.51,1.51,6367,33.6,12779,60889,159231,84.6,75.3,57.2,42.2,65.9,92.5,1.02,79.5,7.5,3.97,5.04,95.3,167,124,22757
2024-07-06,App_B,Apple TV,AT&T,AWS CloudFront,Region,VOD Series,1.41,3.02,1.47,0.5,1,1.86,5.86,1.17,5578,32.2,11424,54718,131211,86.3,72.5,54.6,41.3,63.9,89.9,0.93,80.7,7.2,4.52,4.61,94.1,147,108,19773
2024-07-07,App_A,Tizen,Comcast Xfinity,Fastly,Region,VOD Movies,1.36,3.39,1.14,0.46,1.1,1.55,5.58,1.26,8246,33.8,12697,60330,141844,86,75.2,59.5,39.2,59.9,94,1.31,76.4,5.8,4.5,4.73,93.5,177,131,19437
2024-07-07,App_B,iOS,Broadband,Cloudflare,Country,FAST linear,1.07,2.98,1.34,0.63,0.84,1.63,5.69,1.08,6383,30.8,10045,47786,110841,90.5,73.3,57.3,41.8,63.4,91.1,1.16,79.6,6,4.58,5.18,92.8,157,105,12883
2024-07-08,App_A,Apple TV,AT&T,Fastly,Country,FAST linear,1.37,3.1,1.2,0.44,0.85,1.79,6.2,1.39,7114,31.7,12735,61726,160935,87,69,53.4,40.7,67,87.4,1.3,81.4,6.9,3.97,4.86,94.7,140,104,17472
2024-07-08,App_B,WebOS,AT&T,AWS CloudFront,Country,VOD Movies,1.4,3.08,1.18,0.63,1.12,1.64,6.61,1.57,6217,33.2,10487,49938,116781,89.4,73.1,59.3,40,61.5,89.1,1.17,78.3,6.9,4,5.02,95.6,167,131,18220
2024-07-09,App_A,Tizen,AT&T,Akamai,Country,VOD Movies,1.25,2.84,1.44,0.5,1.03,1.81,6.1,1.07,8163,32.7,11842,56450,142907,90.7,71.9,54.5,40.6,62.8,90.7,1.19,77.2,7.5,4.24,5.5,93.6,159,103,21313
2024-07-09,App_B,WebOS,Airtel,Akamai,Country,FAST linear,1.41,2.66,1.23,0.63,0.92,1.37,5.68,1.4,6247,30.8,10999,52963,128474,89.5,73.2,56.7,42.4,62.2,88,1.28,75.6,7.8,4.01,4.74,92.6,148,134,16205
2024-07-10,App_A,Tizen,Wi-Fi,Akamai,Metro,FAST linear,1.26,2.87,1.28,0.46,1.01,1.38,5.97,1.31,6264,35.9,12049,57953,141173,86.4,75.6,55.8,42.4,61.6,89,0.89,81.6,6.2,4.03,5.15,92.2,171,97,18419
2024-07-10,App_B,Android,Comcast Xfinity,AWS CloudFront,Region,FAST linear,1.23,2.99,1.46,0.61,1.07,1.4,6.74,1.08,5811,36.2,10030,48479,101459,85.5,68.7,55.7,41.3,64.6,93.5,0.95,75,6.7,4.43,5.01,92.3,142,134,14584
2024-07-11,App_A,Tizen,Verizon,Cloudflare,Region,VOD Series,1.31,3.14,1.18,0.61,1.06,1.87,6.2,1.33,7908,34.3,12374,58878,145396,85.4,73.5,58.6,43.5,64.4,94.1,0.93,76.7,7.4,4.45,4.91,93.1,129,119,16531
2024-07-11,App_B,FireTV,Airtel,Fastly,Metro,VOD Series,1.14,3.07,1.36,0.48,1.11,1.43,6.67,1.1,6883,31.6,10212,49227,117319,89.2,69.5,56.6,41.2,65.4,90.3,1.15,78.7,7.8,4.14,4.83,93.8,176,113,15813
2024-07-12,App_A,Apple TV,Verizon,Fastly,Country,FAST linear,1.29,3.33,1.56,0.47,0.86,1.69,5.79,1.09,6343,35,12559,60172,130017,89.9,70.9,54.3,39.7,61.6,88.8,0.91,81.5,7.7,4.26,5.17,93.2,167,99,19656
2024-07-12,App_B,iOS,Comcast Xfinity,Cloudflare,Region,FAST linear,1.25,3.4,1.29,0.57,1.06,1.99,5.94,1.35,5235,30.4,10671,51561,136651,90.3,73,54,44.1,66,89,1.2,76.2,6.3,4.25,4.91,95.5,174,106,16324
2024-07-13,App_A,Desktop Web,Verizon,Fastly,Metro,FAST linear,1.07,3.01,1.14,0.49,1.14,1.78,6.19,1.3,7126,32.2,13315,63257,152168,90.3,73.9,56.2,41.8,65.6,91.7,1.02,78.7,6.7,4.1,4.72,94.4,142,132,19376
2024-07-13,App_B,WebOS,Airtel,Cloudflare,Metro,FAST linear,1.17,2.77,1.19,0.51,1.14,1.87,6.61,1.38,5854,36.7,11336,54322,140251,86.5,73.6,57.4,39.6,62,90.1,1,75.9,7.3,4.51,5.32,92.6,187,112,15282
2024-07-14,App_A,Tizen,Broadband,Akamai,Region,Live Sports/Events,1.09,2.83,1.3,0.54,1.02,1.76,6.83,1.39,6222,32.2,12581,59772,154788,90.9,74.7,56.3,41.3,61.1,94.3,1.11,80.6,6.6,4.15,5.32,94.1,157,94,19785
2024-07-14,App_B,iOS,Broadband,Cloudflare,Region,FAST linear,1.21,2.83,1.21,0.65,1.07,1.43,6.93,1.27,5462,30.4,9900,47951,105638,88.8,71.5,57.8,40,60.9,88.5,1.12,75.7,7.4,3.9,5.22,92.9,156,109,14182
2024-07-15,App_A,Tizen,Jio,Fastly,Region,VOD Movies,1.17,3.01,1.09,0.6,0.89,1.77,6.42,1.21,8242,32.2,13205,63163,154251,90.3,72.2,53.8,44.4,60.8,92.5,1.2,77.4,7.6,3.73,4.88,92.4,156,110,16194
2024-07-15,App_B,Tizen,Wi-Fi,Cloudflare,Metro,Live Sports/Events,1.25,3.44,1.26,0.59,0.97,1.52,6.2,1.14,6212,31.3,11446,55123,140226,86.2,69.8,56.2,39.3,62,88.8,1.15,74.9,6.2,4.66,4.94,95.3,169,114,20551
2024-07-16,App_A,Android,Jio,Cloudflare,Region,FAST linear,1.11,2.81,1.27,0.58,0.77,1.44,5.72,1.39,7775,30.2,13196,63360,166939,85.2,71.3,59.2,38.7,63.5,89,1.1,78,6.2,4.24,5.39,93.3,139,96,21817
2024-07-16,App_B,Android TV,Wi-Fi,Akamai,Country,VOD Movies,1.34,3.37,1.54,0.57,0.97,1.4,6.59,1.3,5327,31.2,10050,48184,107337,84.3,71.6,58,39,61.4,91.5,1.11,81.5,7.6,3.79,4.96,95.1,166,132,14937
2024-07-17,App_A,iOS,Airtel,Fastly,Metro,FAST linear,1.33,3.19,1.24,0.44,1.09,1.33,6.34,1.34,8277,32.2,12219,58937,136332,87.2,74.5,56,40.6,65.3,87.4,1.17,76.4,6.8,3.74,5.48,92.9,169,96,21243
2024-07-17,App_B,Desktop Web,Verizon,Fastly,Region,Live Sports/Events,1.18,2.85,1.27,0.53,0.8,1.8,5.93,1.14,6389,34.5,11522,54915,121904,90.9,71.6,53.5,40.6,64,90.8,1.04,75,6.2,4.32,5.06,92.5,151,134,14536
2024-07-18,App_A,iOS,T-Mobile,Cloudflare,Region,VOD Movies,1.14,3.3,1.35,0.51,1,1.84,6.64,1.54,7263,34.6,12572,60003,162350,90.1,69.6,54.9,44.5,65,91.7,1.09,78.9,5.9,4.23,4.81,93.5,147,102,15520
2024-07-18,App_B,Android,AT&T,Cloudflare,Metro,VOD Movies,1.11,3.07,1.48,0.56,1.08,1.78,6.38,1.15,6534,35,11002,52522,139583,90.9,71.6,57.6,42.4,61.5,91.1,1.09,82,6.5,4.29,5.44,93.2,132,103,13505
2024-07-19,App_A,Android,AT&T,AWS CloudFront,Country,FAST linear,1.17,2.66,1.2,0.61,0.77,1.65,5.78,1.11,6694,33.1,11870,57465,120312,89.9,75.5,53.5,43.3,66,88.8,1.02,75,5.8,3.66,5.06,93.7,131,111,15895
2024-07-19,App_B,iOS,AT&T,Fastly,Metro,VOD Series,1.28,3.48,1.41,0.51,1.03,1.46,6.85,1.39,6180,35.8,10985,52876,124315,87,69,53.4,41.6,64.9,91.1,1.1,77.2,6,4.15,4.84,92.4,139,107,15894
2024-07-20,App_A,Android TV,Airtel,Fastly,Region,VOD Movies,1.26,3.08,1.49,0.64,0.8,1.82,6.62,1.28,7958,35.2,12417,59434,158179,90,72.8,54.8,41,59.8,90,0.87,81,7,4.44,4.93,93.7,149,110,22150
2024-07-20,App_B,FireTV,AT&T,Cloudflare,Metro,FAST linear,1.33,2.94,1.52,0.6,1.09,1.96,6,1.27,6095,36.5,9871,47491,110227,89.6,71.3,54.7,42.6,65.9,93.4,1,82.1,7.8,3.98,4.96,94,160,95,12267
2024-07-21,App_A,Desktop Web,Wi-Fi,Akamai,Region,FAST linear,1.11,2.89,1.52,0.52,0.84,1.7,6.38,1.52,7392,32.5,12165,58282,155684,85.5,75.4,53.3,40.8,63,93.9,0.96,77.3,7.7,3.77,5.1,95.3,130,131,16784
2024-07-21,App_B,Desktop Web,Comcast Xfinity,Fastly,Country,VOD Movies,1.32,2.77,1.41,0.59,0.78,1.99,5.49,1.49,5361,32.1,10390,50006,121344,88.9,72.1,59.1,41.9,67,88.3,1.06,75.9,7.2,4.63,5.34,95.4,185,108,12550
2024-07-22,App_A,iOS,AT&T,Akamai,Metro,FAST linear,1.38,3.34,1.35,0.58,0.97,1.67,6.25,1.12,6727,32.7,13792,66368,158440,91.1,75,59.3,42.7,61,91,0.89,80.4,7.8,4.12,4.89,92.2,162,92,19310
2024-07-22,App_B,FireTV,Broadband,AWS CloudFront,Region,VOD Movies,1.07,2.99,1.3,0.51,0.79,1.82,5.72,1.24,6871,32.8,10271,48827,115737,85.5,76,56.8,44.3,62.8,89.5,1.14,77.7,6.7,4.1,5.32,95.1,152,125,13053
2024-07-23,App_A,Tizen,Verizon,Fastly,Metro,Live Sports/Events,1.11,2.61,1.38,0.54,0.98,1.41,6.13,1.21,7243,31.8,13443,64103,143709,85.9,75.4,55.3,43,63.8,94.3,1.01,80.4,7.5,3.62,5.39,92.8,184,113,22741
2024-07-23,App_B,Android TV,Cellular 4G,Fastly,Country,VOD Movies,1.34,2.84,1.45,0.51,1.12,1.54,5.94,1.51,6205,33.3,10866,52675,114920,85.1,71.1,56.5,41.1,64,89.5,1.18,75,7,4.43,5.45,95.4,180,109,17368
2024-07-24,App_A,WebOS,Wi-Fi,Akamai,Region,VOD Series,1.24,3.35,1.36,0.56,0.98,1.34,5.79,1.23,7487,35.3,12282,59047,153261,89.7,74.1,55.4,39,67.1,88.5,1.22,77,7.2,4.4,5.5,95.6,172,117,18175
2024-07-24,App_B,FireTV,Jio,Akamai,Region,Live Sports/Events,1.36,2.81,1.56,0.58,1.08,1.42,6.55,1.07,6860,35.2,10648,50909,112335,88.5,70.5,56.1,40.2,66.5,94,1.27,79,7.2,4.59,5.27,93.7,170,101,16099
2024-07-25,App_A,WebOS,Cellular 4G,Cloudflare,Region,Live Sports/Events,1.13,2.6,1.34,0.55,0.79,1.74,5.67,1.41,7142,35.2,11903,56824,145197,88.9,71.6,59.1,41.3,60.9,88.1,1.28,80,6.2,4.08,4.83,94.9,167,129,15173
2024-07-25,App_B,FireTV,Verizon,Cloudflare,Metro,FAST linear,1.18,2.77,1.22,0.49,1.12,1.67,6.29,1.27,6358,32.2,10258,49019,111062,88.8,74.4,53.4,42.5,59.9,91.3,1.06,76.3,7.3,3.88,4.63,94.4,147,99,12453
2024-07-26,App_A,Android TV,Jio,Akamai,Country,VOD Movies,1.32,3.21,1.38,0.53,0.89,1.65,5.58,1.21,6720,33,12035,57625,141038,88.9,74.7,54.8,40.2,67.1,89.6,1.29,79,6.2,3.77,4.68,92.5,163,106,15740
2024-07-26,App_B,FireTV,AT&T,AWS CloudFront,Metro,VOD Movies,1.41,2.64,1.06,0.52,0.87,1.38,5.93,1.14,6658,30.7,10922,52908,141188,90.1,68.9,54.7,43.6,64.3,92.3,1.19,79.3,6.9,4.19,5.07,92.1,164,109,19135
2024-07-27,App_A,Tizen,Cellular 4G,Fastly,Country,FAST linear,1.24,3.31,1.21,0.51,1.12,1.8,5.88,1.52,7840,32.4,13436,64217,159615,87.3,75.5,56.1,42.2,64,88.6,0.87,79,6.3,3.92,4.73,93.8,183,93,21310
2024-07-27,App_B,Android TV,Verizon,Akamai,Region,Live Sports/Events,1.18,3.32,1.22,0.64,1.06,1.46,6.08,1.06,5776,33.9,11077,52863,114165,84.8,74.1,56.9,38.7,61.2,94.4,1.07,80.3,7.9,4.54,5.53,95.2,140,126,15013
2024-07-28,App_A,Tizen,Comcast Xfinity,Akamai,Country,VOD Movies,1.2,2.94,1.46,0.43,0.88,1.49,6.34,1.05,6884,34.7,13446,65212,174376,90.4,74.5,54,41,65.6,89.2,1.19,76,6.3,4.14,4.84,92.6,176,114,20020
2024-07-28,App_B,FireTV,Cellular 4G,AWS CloudFront,Region,VOD Movies,1.42,3.04,1.57,0.52,0.94,1.55,6.89,1.16,6899,33.8,10875,52640,113479,89.5,72.4,53.9,41.3,66.1,93,0.93,75.9,7.9,3.9,4.58,94.5,179,100,17348
2024-07-29,App_A,WebOS,Jio,Cloudflare,Metro,Live Sports/Events,1.39,3.35,1.53,0.64,1.12,1.6,6.25,1.31,6522,31.4,12232,58527,143060,85.8,71.2,55.6,38.9,62.6,88.6,1.05,82.5,5.8,4.5,4.83,94.2,132,115,15267
2024-07-29,App_B,FireTV,Cellular 4G,Cloudflare,Region,VOD Series,1.24,2.67,1.56,0.64,0.88,1.64,6,1.57,6705,31.5,11309,53990,121917,88.4,72.4,59.5,42.5,65.3,91.1,0.95,81.5,6.8,4.28,4.74,94.9,159,122,13891
2024-07-30,App_A,Tizen,Comcast Xfinity,Akamai,Country,VOD Series,1.11,3.09,1.54,0.53,0.81,1.75,6.97,1.18,7271,35.1,13177,63228,150374,85,70.4,55,44.1,61.3,93.5,1.05,82.7,6.3,4.43,5.54,92,166,125,20075
2024-07-30,App_B,Desktop Web,Verizon,AWS CloudFront,Country,FAST linear,1.32,3.46,1.16,0.44,0.93,1.65,6.07,1.22,6829,34.5,10202,49378,131659,87.4,71.3,56.2,41.7,66.8,88.4,1.01,78.9,6,4.49,5.07,93.9,161,96,12458
2024-07-31,App_A,Tizen,AT&T,Akamai,Country,FAST linear,1.04,2.62,1.36,0.48,1.07,1.65,5.99,1.41,7035,35.8,13153,63370,163509,87.1,73.3,54.5,40.6,60.7,91.7,1.02,80.6,6.2,3.65,5,94.9,159,131,22670
2024-07-31,App_B,Android TV,Verizon,AWS CloudFront,Region,Live Sports/Events,1.37,2.81,1.09,0.66,1.09,1.6,6.42,1.12,5258,36.4,10695,51380,122480,90.9,70.8,58.3,44.1,60.3,93.5,0.95,80.2,7.6,3.98,4.9,94.1,161,128,16635
2024-08-01,App_A,FireTV,Airtel,Akamai,Metro,VOD Movies,1.2,3.39,1.2,0.45,0.97,1.42,6.91,1.08,6974,31.7,12009,57775,150288,89.7,71.5,54.1,44.1,62.1,88.7,0.98,78.5,6.6,3.97,4.94,95.7,147,110,19201
2024-08-01,App_B,Tizen,AT&T,Cloudflare,Metro,FAST linear,1.27,2.98,1.17,0.53,0.96,1.36,6.31,1.34,5552,36.3,11451,54553,137368,89.4,75.1,57.9,38.9,60.9,90.9,0.93,82.4,7,3.85,4.98,93.6,170,129,18099
2024-08-02,App_A,Tizen,T-Mobile,Fastly,Metro,Live Sports/Events,1.27,2.96,1.25,0.51,0.89,1.46,6.26,1.45,6584,34.8,11834,57263,125928,88.9,70.1,54.2,39.7,62.6,90.7,0.87,78.3,6.3,3.89,5.14,93.6,132,121,16616
2024-08-02,App_B,Desktop Web,Cellular 5G,AWS CloudFront,Region,Live Sports/Events,1.1,3.35,1.54,0.59,0.91,1.54,6.84,1.38,5525,32.7,9868,47406,123836,87,70.3,59.2,42.3,60.1,92.7,1.3,79.2,7.2,3.68,5.03,93.6,161,96,13951
2024-08-03,App_A,iOS,Wi-Fi,Akamai,Region,VOD Series,1.24,3.06,1.05,0.61,0.79,1.66,6.68,1.39,7482,31.4,12824,61314,139593,87.3,70.2,53.7,42.7,61.2,92,0.95,79.5,6.5,4.11,4.96,92.8,151,111,19410
2024-08-03,App_B,Desktop Web,Airtel,Fastly,Metro,Live Sports/Events,1.39,3.52,1.15,0.65,0.93,1.72,5.91,1.38,6368,36,10167,48767,119997,90.9,74.2,53.8,38.8,65.8,87.8,1.04,76.4,6.5,4.38,5.18,93.2,137,94,16044
2024-08-04,App_A,FireTV,Jio,AWS CloudFront,Metro,Live Sports/Events,1.15,2.88,1.16,0.56,1,1.31,6.91,1.46,7240,35.3,12986,62822,163406,85.4,74.4,58.8,43.4,60.3,92.9,1.12,81.8,7.5,3.86,5.34,95.1,134,111,19298
2024-08-04,App_B,WebOS,Cellular 5G,Cloudflare,Metro,FAST linear,1.41,3.37,1.21,0.5,0.98,1.76,5.52,1.16,5415,30,10011,47576,118373,89.5,69,53.7,43.2,65.2,91.3,1.23,79.3,7.4,3.88,5.56,93.8,141,101,17641
2024-08-05,App_A,Apple TV,Jio,AWS CloudFront,Country,VOD Movies,1.36,2.88,1.03,0.5,1.13,1.37,6.07,1.19,7989,33.9,12897,61791,137434,86.9,71.5,57.2,40.8,61.6,94.6,1.24,75.8,5.9,3.83,5.38,93.6,130,92,22785
2024-08-05,App_B,iOS,Jio,Cloudflare,Region,VOD Movies,1.32,2.8,1.52,0.5,1.14,1.7,6.51,1.06,6466,32.5,10299,49476,125235,85.6,70.5,58.6,40.9,59.9,89.4,1.05,79.6,6.2,3.82,5.21,95.2,173,99,16018
2024-08-06,App_A,iOS,Broadband,Akamai,Country,VOD Series,1.03,3.41,1.1,0.49,0.87,1.72,6.13,1.51,7765,30.4,13594,65540,155567,86.1,72.5,56,44,66.3,92.7,1.12,77,6.4,4.07,5.52,95.3,128,103,22155
2024-08-06,App_B,Apple TV,Verizon,Akamai,Metro,FAST linear,1.18,3.25,1.4,0.64,0.94,1.88,6.13,1.14,6603,34.6,9952,47426,121448,88.8,73.8,54.7,39.9,66.1,89.9,0.89,80.4,7.6,4.2,4.95,94.7,172,101,16955
2024-08-07,App_A,iOS,Airtel,Fastly,Country,FAST linear,1.16,3.28,1.17,0.6,0.92,1.85,6.19,1.09,6662,34.2,12965,62683,139758,87.7,70.7,57.2,42.8,63.2,89.4,1.23,75.4,6.9,4.09,5.13,93.2,127,94,19310
2024-08-07,App_B,FireTV,Cellular 4G,Fastly,Region,VOD Movies,1.24,3.25,1.47,0.5,1.11,1.74,6.89,1.55,5223,34.9,11468,55024,132375,84.7,69.2,59.1,42.7,60.3,92.5,1.19,76.2,7.8,3.82,5.28,92.5,151,105,16570
2024-08-08,App_A,Android TV,Broadband,AWS CloudFront,Region,Live Sports/Events,1.09,2.85,1.24,0.59,1.1,1.73,5.62,1.22,7545,30.3,12469,60142,135794,89.2,74.9,56.4,39.2,61.4,89,1,80,5.7,3.73,5.23,94.5,142,118,16481
2024-08-08,App_B,Desktop Web,Wi-Fi,AWS CloudFront,Metro,FAST linear,1.42,2.75,1.42,0.45,1.15,1.58,6.64,1.34,5279,33.5,9794,47215,105037,90.2,75.3,57.7,40.3,60.8,88.6,1.1,77.5,7.5,4.25,4.76,95.1,180,120,17353
2024-08-09,App_A,Desktop Web,T-Mobile,Fastly,Region,FAST linear,1.15,3.07,1.16,0.45,0.91,1.64,5.73,1.04,7738,35.9,11805,57098,135962,86.9,74.7,54.2,43.2,65.5,93.3,1.24,79,7.7,3.63,4.97,92.6,165,127,18386
2024-08-09,App_B,Android TV,Verizon,Cloudflare,Country,VOD Movies,1.3,2.92,1.25,0.55,1.12,1.34,5.8,1.39,6212,36,10936,52923,114285,84.7,69.9,59.2,42.2,60.9,92.9,1.18,75.6,7.3,4.42,5.1,92.4,181,119,13516
2024-08-10,App_A,Apple TV,Cellular 5G,AWS CloudFront,Region,VOD Movies,1.07,3.04,1.39,0.53,0.8,1.41,6.9,1.32,8176,32.1,13305,63720,170397,87.7,73.7,54.5,43.5,66.1,93.5,1.07,75.7,6.2,3.88,5.18,92.2,167,98,20164
2024-08-10,App_B,iOS,Cellular 5G,AWS CloudFront,Country,FAST linear,1.18,2.98,1.37,0.6,1.02,1.79,5.59,1.35,6433,32.1,10857,51807,113813,88.8,74.9,53.6,41,65.6,90.9,1,75.3,5.9,4.31,4.98,92.2,183,131,19162
2024-08-11,App_A,FireTV,Verizon,Akamai,Country,Live Sports/Events,1.21,3.15,1.23,0.48,1.02,1.42,6.61,1.46,7606,34,11673,55481,125438,88.6,71.6,56.8,44.5,62.4,92.7,1.19,75.6,6.5,4.2,4.9,93.8,174,98,18102
2024-08-11,App_B,Android TV,Cellular 4G,Cloudflare,Metro,Live Sports/Events,1.16,3.04,1.47,0.56,1.08,1.73,5.75,1.4,6632,33.3,10792,51744,133892,85.7,70.5,56.7,40.6,66.7,90,1.05,81.1,7.9,4.1,5.57,95.4,176,122,18562
2024-08-12,App_A,Apple TV,Cellular 5G,Akamai,Metro,VOD Series,1.23,3.05,1.15,0.55,0.94,1.88,6.4,1.31,8150,34.6,12513,59704,147717,84.7,74.1,60,44.6,63.5,92.1,0.96,76.7,6.7,3.58,4.72,92.6,182,104,22174
2024-08-12,App_B,FireTV,T-Mobile,Fastly,Metro,VOD Series,1.18,3.07,1.13,0.57,0.93,1.67,6.98,1.53,5783,35.6,10307,49453,122713,90.8,71.4,55.6,42.9,63.5,93.1,1.1,80.9,7.7,4.49,4.92,93.1,149,106,15090
2024-08-13,App_A,WebOS,Cellular 4G,Fastly,Region,Live Sports/Events,1.07,2.65,1.08,0.63,0.91,1.47,6.26,1.47,7734,35.4,11901,56948,121262,89.8,70.6,57.7,41.9,63.5,91.6,1.11,81.9,6.5,3.61,5.53,92.3,157,97,19019
2024-08-13,App_B,Android TV,Wi-Fi,Akamai,Metro,VOD Movies,1.13,3.09,1.09,0.55,0.93,1.38,7,1.27,5486,34.9,10926,52183,119261,87.8,72.6,60,41.4,61.7,88.5,1.26,77,5.8,4.27,4.82,94.5,145,106,14946
2024-08-14,App_A,Desktop Web,Verizon,Akamai,Region,VOD Series,1.17,3.45,1.47,0.55,1,1.33,6.45,1.33,7126,36,11746,55795,140405,86.1,70.4,56.5,39.9,60.3,91,1.27,79,7.1,4.21,5.38,94.9,133,101,17751
2024-08-14,App_B,Android,AT&T,Cloudflare,Region,FAST linear,1.27,3.42,1.37,0.61,0.94,1.71,5.65,1.23,5784,35.3,9997,48099,107271,87,74.1,58.5,42.5,61.8,91.8,0.9,75,7.6,4.08,4.9,92.1,158,114,14915
2024-08-15,App_A,Tizen,Jio,Cloudflare,Metro,VOD Series,1.04,3.47,1.44,0.49,1.12,1.57,5.72,1.23,7245,35.6,11823,56768,124840,84.9,73.5,59.5,43.1,64.9,89.6,1.25,80,7.1,3.73,4.94,93.1,150,119,15410
2024-08-15,App_B,Apple TV,Broadband,Cloudflare,Region,VOD Series,1.25,3.21,1.4,0.65,1.14,1.5,6.46,1.5,6716,32.4,10181,49144,115679,87.9,71.2,59.5,44.1,62.2,89.7,1.21,79.5,6.6,4.42,4.91,93.3,161,132,14961
2024-08-16,App_A,Apple TV,Airtel,Fastly,Metro,Live Sports/Events,1.17,3.02,1.27,0.63,0.79,1.39,6.69,1.2,7065,31.6,12315,59221,142780,90.6,70,57.2,43,65.9,94.8,0.86,80.1,6.1,4.16,4.93,93.9,163,123,21495
2024-08-16,App_B,iOS,T-Mobile,AWS CloudFront,Metro,Live Sports/Events,1.29,3.21,1.15,0.58,0.85,1.69,6.34,1.5,6742,30.4,10943,52109,124658,86.4,75.1,54.6,43.9,61.7,90.9,0.91,75.9,7,4.57,4.68,94.1,147,95,17302
2024-08-17,App_A,Tizen,Verizon,Fastly,Region,FAST linear,1.04,2.67,1.14,0.44,0.8,1.74,5.76,1.23,7623,29.8,12608,60413,133376,90.8,70.3,57.2,40.2,63,92.8,0.9,78,7.5,4.39,5.52,94,128,94,21880
2024-08-17,App_B,iOS,Jio,AWS CloudFront,Metro,VOD Series,1.35,3.07,1.2,0.52,0.8,1.94,5.81,1.13,5645,32.8,9747,46337,110100,88.2,69.9,53.5,42.3,64.7,91.3,0.92,78.9,7.4,4.09,5.33,92.5,180,130,14902
2024-08-18,App_A,FireTV,Broadband,Fastly,Country,VOD Movies,1.38,2.6,1.32,0.43,0.77,1.75,6.97,1.15,6364,29.6,11693,55641,140743,89.2,70.4,59,40.1,66.7,94.3,1.21,77.5,7.7,4.35,5.07,93.8,146,113,16545
2024-08-18,App_B,Android TV,Comcast Xfinity,AWS CloudFront,Metro,FAST linear,1.05,3.51,1.45,0.47,1.15,1.54,6.93,1.17,5067,34.3,10046,48189,106146,90.9,69,54.5,40.9,64.3,90.3,1.31,78.3,6.2,4.02,5.01,93.8,161,114,15579
2024-08-19,App_A,iOS,Wi-Fi,Akamai,Region,FAST linear,1.33,3.28,1.08,0.63,0.95,1.31,7.05,1.47,8072,31.9,12807,62097,136642,85.3,69.4,57.3,42.3,67.1,90.3,1.12,77.2,6.5,4.16,5.52,94.2,180,128,15475
2024-08-19,App_B,Tizen,Comcast Xfinity,Fastly,Country,Live Sports/Events,1.34,3.24,1.26,0.49,0.88,1.35,6.64,1.26,6333,30,10154,48887,103801,87.2,72.8,57.8,44.6,67.2,92.7,1.1,79.9,5.8,3.93,5.09,93.7,163,122,13845
2024-08-20,App_A,iOS,Cellular 4G,AWS CloudFront,Region,VOD Series,1.07,2.75,1.03,0.53,1.11,1.71,7,1.25,6816,36,11804,56457,152545,90.7,75.8,58.6,40.7,61.3,91.6,1.26,77.1,5.7,3.84,4.84,92.5,135,130,15038
2024-08-20,App_B,Tizen,Wi-Fi,AWS CloudFront,Metro,VOD Movies,1.39,3.27,1.36,0.62,1.01,1.45,6.57,1.33,5519,30.2,10924,52400,129533,91.4,74.5,56.2,44.6,63.9,91,0.91,80.6,6.3,3.72,5.58,94,159,132,15583
2024-08-21,App_A,Apple TV,Wi-Fi,Cloudflare,Country,VOD Movies,1.21,3.08,1.41,0.52,1.12,1.41,6.31,1.33,6809,31.6,11623,55329,144678,90.1,73.8,56.9,43,63.2,89.3,1.03,76.9,7.3,4.16,5.18,94.3,169,125,18628
2024-08-21,App_B,WebOS,AT&T,Fastly,Metro,VOD Series,1.12,3.03,1.42,0.45,0.77,1.82,6.5,1.49,5466,34.3,10176,49004,113392,91.4,69.5,54.6,40.7,62,94.1,1,77.9,6.4,4.55,4.66,94.4,169,110,12710
2024-08-22,App_A,Android,Cellular 5G,Fastly,Region,FAST linear,1.29,3.29,1.14,0.55,0.8,1.91,5.82,1.25,6564,33.2,13070,62679,148113,87.7,70,57.3,44.3,62.6,91,0.97,80.4,6.4,4.32,4.86,92.2,143,97,19406
2024-08-22,App_B,Android TV,Comcast Xfinity,Akamai,Country,VOD Series,1.3,3.12,1.21,0.58,0.86,1.44,5.91,1.13,6603,33.7,10302,49217,111988,84.9,71.8,57.2,40.8,66.1,93.6,1.17,77.6,7,4.23,5.09,92.7,144,106,13976
2024-08-23,App_A,Android,Verizon,Akamai,Country,VOD Series,1.32,2.66,1.52,0.63,1.02,1.41,5.94,1.42,6092,35.6,12147,58780,139778,87,75.9,56.4,44.6,61.1,88.2,1.28,81.6,6.8,4.39,5.49,94.9,127,107,15546
2024-08-23,App_B,WebOS,Verizon,Fastly,Region,Live Sports/Events,1.28,3.52,1.25,0.52,0.92,1.89,5.75,1.25,5912,35.1,10338,49603,109761,90.3,74,59.7,43.2,63.2,87.7,1.05,81.1,7.8,4.14,4.72,95.7,135,121,13873
2024-08-24,App_A,Apple TV,Broadband,AWS CloudFront,Metro,VOD Series,1.32,3.07,1.34,0.61,0.77,1.57,5.85,1.38,7479,32.2,13287,63296,169477,89.3,69.4,60.2,39.8,64.2,88.7,0.97,76.8,7.3,4.44,5.58,95.1,177,107,22818
2024-08-24,App_B,Tizen,T-Mobile,Fastly,Region,VOD Movies,1.2,2.8,1.11,0.6,1.02,1.73,5.61,1.27,5551,29.4,9727,46725,122211,87.4,69.2,56.1,42.2,65.5,91.8,0.94,82.6,6.9,3.86,4.85,95.5,137,130,11813
2024-08-25,App_A,WebOS,Comcast Xfinity,Fastly,Country,Live Sports/Events,1.27,2.58,1.44,0.53,1.09,1.32,6.88,1.42,7543,31.4,13125,63418,146315,87.9,73.3,58.3,39.2,60.2,87.9,1.13,75.7,7.3,4.05,5.34,93.4,145,91,15770
2024-08-25,App_B,Android TV,Broadband,Cloudflare,Region,VOD Movies,1.34,3.48,1.48,0.5,1.11,1.91,6.51,1.32,5510,34.7,11029,52419,111731,87.6,73.1,57.5,43,65.1,88.8,1.22,80.6,7.3,4.03,4.95,94.1,170,127,15060
2024-08-26,App_A,FireTV,T-Mobile,AWS CloudFront,Region,FAST linear,1.18,2.58,1.49,0.61,0.99,1.84,6.06,1.17,6269,34.5,11832,57138,119678,86.4,75.3,55.6,40.2,64.7,88.2,1.12,77.9,7.6,4.02,4.69,93.9,170,122,18416
2024-08-26,App_B,Apple TV,Airtel,Cloudflare,Metro,VOD Series,1.26,2.99,1.07,0.59,1.11,1.44,5.77,1.28,5779,31.7,10554,50876,126824,86.5,72,60.1,43.5,63.3,88.7,1.25,79.7,6.6,4.06,4.76,95.2,167,103,14243
2024-08-27,App_A,iOS,AT&T,Cloudflare,Country,FAST linear,1.36,2.95,1.27,0.43,0.96,1.81,5.88,1.48,6629,32.9,13286,64151,139320,89.5,75.4,57,41,64.3,92.6,1.28,79.7,7.2,4.1,5.29,93.8,139,101,21585
2024-08-27,App_B,Desktop Web,Wi-Fi,Akamai,Region,Live Sports/Events,1.06,2.75,1.35,0.56,0.98,1.89,6.83,1.41,5019,32.2,10541,50577,121935,84.8,75.6,59.1,41.8,62.5,89.9,0.91,78.6,7.1,4.51,5.52,94.7,142,95,16269
2024-08-28,App_A,FireTV,AT&T,Cloudflare,Region,VOD Series,1.1,3.44,1.34,0.45,0.75,1.83,6.02,1.45,7454,32.3,13136,63055,155491,86.4,70.6,53.8,39.8,63.6,89.8,0.88,82,5.8,3.68,4.83,94.9,166,113,22609
2024-08-28,App_B,Tizen,Broadband,Cloudflare,Metro,VOD Movies,1.34,2.76,1.18,0.63,1.06,1.37,5.6,1.39,5077,29.1,10781,52044,122281,88.7,72.4,59.1,40.8,60.7,90.9,1.28,77.3,6.7,4.27,4.83,95.2,141,132,13575
2024-08-29,App_A,Android,Verizon,Akamai,Region,Live Sports/Events,1.15,3.19,1.38,0.46,1.12,1.49,6.23,1.34,5998,34.5,12921,61471,167144,89.7,75.6,57.8,42.2,64,93.2,0.86,81.6,6.9,4.33,5.5,93.9,173,103,22351
2024-08-29,App_B,FireTV,Broadband,AWS CloudFront,Region,VOD Movies,1.18,3.17,1.31,0.6,1.02,1.6,6.56,1.37,6154,31.6,10912,52264,116944,89.7,72.7,55.9,40.3,67.5,94.5,0.89,79.9,5.8,3.66,5.45,94.8,133,93,14762
2024-08-30,App_A,FireTV,Broadband,Cloudflare,Metro,Live Sports/Events,1.27,3.45,1.43,0.51,0.8,1.64,5.59,1.43,7279,31.1,11732,56585,132868,84.7,69.3,53.6,42.6,61.1,93.3,1.22,81.7,7.3,4.38,5.54,92.4,178,113,14901
2024-08-30,App_B,WebOS,Jio,Cloudflare,Country,VOD Movies,1.12,3.01,1.3,0.61,1.07,1.94,7.05,1.46,6524,35.1,11027,52473,137809,84.6,71.9,59.9,40.8,65.5,88.3,1.04,79.5,6.6,4.28,5.55,93.8,181,121,16461
2024-08-31,App_A,iOS,Airtel,Akamai,Metro,VOD Series,1.36,2.81,1.46,0.53,0.88,1.69,6.98,1.17,6198,30,11743,56054,126231,89.8,70.4,59.1,42,62.5,91.5,0.93,78.6,6.3,3.56,5.24,92.2,129,91,20411
2024-08-31,App_B,Tizen,Wi-Fi,Cloudflare,Country,FAST linear,1.37,3.46,1.48,0.46,0.83,1.62,6.16,1.14,6208,33.2,10803,51399,115612,88.7,74.9,58.6,42.6,66.1,91.7,0.96,80.5,7.8,3.79,5.33,92.9,180,101,19219
2024-09-01,App_A,iOS,Cellular 4G,Akamai,Metro,VOD Series,1.19,2.64,1.05,0.46,0.8,1.7,6.46,1.42,7622,31.2,12871,61275,164135,90.9,76.2,59.4,44.9,62.2,89.6,0.89,80.6,7.4,3.98,5.2,95.2,146,94,21676
2024-09-01,App_B,Apple TV,Cellular 5G,AWS CloudFront,Metro,Live Sports/Events,1.21,3.14,1.11,0.46,0.91,1.91,6.93,1.29,6601,31.6,10063,47888,128659,88.7,74.7,56.1,41,67,94.3,0.99,81.6,7,3.75,4.71,92.8,158,126,13976
2024-09-02,App_A,FireTV,T-Mobile,Cloudflare,Metro,VOD Movies,1.18,2.89,1.44,0.52,0.8,1.55,5.65,1.47,5873,29,12481,60252,151893,88.5,73.3,59,40.6,65.5,90.5,0.94,81.2,7.3,3.97,5.22,92.2,181,98,15891
2024-09-02,App_B,Desktop Web,Wi-Fi,Cloudflare,Country,VOD Series,1.2,3.13,1.28,0.58,0.93,1.91,6.01,1.53,5421,31.6,10443,50009,127222,84.8,74.6,53.7,43.3,63.4,92.1,1.18,81.1,7.5,4.26,5.11,93.9,159,125,14856
2024-09-03,App_A,iOS,Cellular 4G,Cloudflare,Region,VOD Movies,1.26,3.32,1.31,0.53,0.84,1.45,6.26,1.21,6787,30.6,12846,62276,145631,85,73,53.8,42,63.5,90.2,1.25,75.9,6.8,4.31,5.52,93.9,146,112,22537
2024-09-03,App_B,WebOS,T-Mobile,Akamai,Metro,FAST linear,1.06,2.61,1.12,0.48,0.87,1.4,6.96,1.16,5579,32.5,9767,46979,100408,85.2,70.7,58.1,41.6,64.4,89.8,0.93,78.1,7.4,4.29,5.15,93.3,161,116,13716
2024-09-04,App_A,iOS,T-Mobile,AWS CloudFront,Metro,VOD Movies,1.22,2.57,1.21,0.62,0.84,1.65,7.09,1.21,7167,32.1,12847,62072,132638,86.9,76.2,53.9,42.2,61.5,93.6,1.16,78.6,7,3.59,5.3,93.8,142,121,21771
2024-09-04,App_B,FireTV,Airtel,Fastly,Country,FAST linear,1.36,2.82,1.05,0.45,0.96,1.49,7.05,1.4,5222,29.8,10654,51085,108598,88.1,72.8,59.2,44.4,62.4,88.4,0.94,80.5,7.1,3.99,5.31,95,184,122,16429
2024-09-05,App_A,Tizen,Comcast Xfinity,Fastly,Country,Live Sports/Events,1.28,3.3,1.3,0.43,0.91,1.3,5.99,1.33,6679,32,12881,62283,134744,84.6,72.5,56,41.2,65.8,94.5,1.15,76.2,7.5,4.02,4.73,95.2,153,114,16402
2024-09-05,App_B,Desktop Web,Cellular 5G,Fastly,Region,FAST linear,1.34,2.62,1.52,0.65,1,1.32,6.31,1.07,5493,28.9,11019,52401,130490,86.2,71.4,55.8,40,61.6,93.3,1.19,77.6,7.5,4.48,5.36,93,134,110,18845
2024-09-06,App_A,Android TV,Broadband,Fastly,Country,Live Sports/Events,1.36,2.66,1.36,0.54,0.94,1.8,6.46,1.34,7542,33.7,11587,55858,119889,89,74.4,56.8,44.1,66.4,88.7,0.89,81.6,5.8,3.82,4.82,94,170,113,20819
2024-09-06,App_B,WebOS,Airtel,AWS CloudFront,Metro,FAST linear,1.18,2.83,1.39,0.44,0.89,1.48,6.57,1.27,6601,30.6,9708,46949,113564,86.3,74.7,56.7,40.8,61,90.1,0.91,80.2,6.3,3.97,5.41,93.7,130,93,13179
2024-09-07,App_A,iOS,T-Mobile,Fastly,Region,VOD Series,1.27,3.3,1.03,0.6,1.01,1.85,6.39,1.08,7111,33.7,11457,54565,141322,89.5,75.7,53.7,43.8,64.3,95,0.94,81.2,6.3,4.26,5.26,94.4,143,105,14397
2024-09-07,App_B,Tizen,Jio,Cloudflare,Country,Live Sports/Events,1.34,3.18,1.39,0.57,1.07,1.89,5.9,1.31,6371,32.1,9381,45007,108597,85.5,73.8,54.3,41.9,61.9,91.6,1.23,76.3,7.8,3.77,5.48,93,178,108,16637
2024-09-08,App_A,iOS,Verizon,AWS CloudFront,Country,VOD Series,1.29,2.56,1.49,0.49,0.87,1.55,6.42,1.08,7731,29,12929,62646,153868,84.5,73.5,55.3,44.1,67.6,93.1,1.01,79.1,7.5,3.93,5,94,153,103,21600
2024-09-08,App_B,Apple TV,Cellular 4G,Akamai,Metro,VOD Series,1.31,3.09,1.38,0.48,1.1,1.82,6.16,1.13,5206,34.4,10122,48596,106422,87.6,75.7,58.4,39.9,62.1,89.5,1.19,77.1,5.9,4.04,4.76,92.5,151,109,16579
2024-09-09,App_A,Desktop Web,Cellular 4G,Fastly,Metro,Live Sports/Events,1.34,2.64,1.46,0.47,1.04,1.82,6.55,1.09,6582,30,11488,55296,140932,90.1,71.7,60.3,44.4,60.4,93.1,1.08,77.5,6.8,4.17,4.9,92.7,156,111,15649
2024-09-09,App_B,iOS,Broadband,Fastly,Region,Live Sports/Events,1.06,3.13,1.07,0.59,0.87,1.94,6.93,1.04,6540,31.3,9610,46278,96544,86,71.3,55.9,43,65.7,93.3,1.08,75.5,6.5,3.62,4.93,94.4,134,119,14607
2024-09-10,App_A,iOS,AT&T,Fastly,Country,Live Sports/Events,1.09,2.8,1.03,0.6,0.91,1.33,5.71,1.51,6659,32.6,12763,61754,157878,86.6,74.9,57.7,41.8,63.6,93,1.15,78.3,7.6,3.67,5.61,95.3,149,123,18623
2024-09-10,App_B,Android,Wi-Fi,Akamai,Region,VOD Series,1.4,3.46,1.54,0.46,0.9,1.61,5.86,1.35,6267,28.4,9556,45409,121440,88.6,72,53.8,43.7,65.1,91.5,0.88,79.7,7.1,4.16,5.14,95,178,97,12778
2024-09-11,App_A,WebOS,Cellular 5G,AWS CloudFront,Country,VOD Movies,1.19,2.64,1.43,0.55,1.04,1.46,5.93,1.08,6719,31.4,11202,53843,113405,86.1,74.2,55.9,39.5,67.6,94.3,0.91,77.6,7.4,3.94,5.57,93.3,132,117,19066
2024-09-11,App_B,iOS,Cellular 4G,Fastly,Country,Live Sports/Events,1.38,3.47,1.06,0.55,0.8,1.38,6.6,1.06,5073,28.3,9918,47761,124848,87.4,71.9,54.2,44.4,60.4,95,0.91,77.6,7.2,3.98,5.1,93.6,133,108,16082
2024-09-12,App_A,Apple TV,Cellular 5G,Akamai,Region,Live Sports/Events,1.28,3.1,1.25,0.48,0.86,1.41,6.19,1.49,7191,33.8,11920,57066,136552,87.3,74,57.5,41.4,65.9,89.3,1.21,81.8,6.9,4.34,5.26,95.1,173,122,20096
2024-09-12,App_B,Android,Cellular 5G,AWS CloudFront,Metro,FAST linear,1.12,3.33,1.05,0.51,0.88,1.65,5.81,1.08,6210,34.4,9591,45913,115729,91.1,75.3,57.7,44.1,60.8,90.2,0.9,79.7,6.8,3.86,5.4,94.2,145,100,16943
2024-09-13,App_A,FireTV,Wi-Fi,AWS CloudFront,Region,VOD Series,1.12,3.01,1.07,0.62,1.06,1.59,6.96,1.4,6393,33.6,11280,53765,121684,85.1,72.3,56.3,39.3,63,87.8,1.17,80.9,7.3,4.28,4.83,95.1,145,125,13772
2024-09-13,App_B,WebOS,Broadband,AWS CloudFront,Metro,FAST linear,1.35,3.31,1.47,0.58,0.82,1.44,5.62,1.2,4961,30.2,10706,51917,110622,90.6,74.5,55.5,39.9,62.7,92.1,0.88,76.4,6.4,4.12,5.65,92.4,177,122,17399
2024-09-14,App_A,Desktop Web,Jio,AWS CloudFront,Country,Live Sports/Events,1.12,3.28,1.5,0.49,1.08,1.9,6.73,1.44,6454,31,12167,58700,153324,88.8,71.8,56.1,44.6,61.5,88.1,1.02,79.1,6.2,4.4,4.94,94.6,176,124,14621
2024-09-14,App_B,Tizen,Cellular 4G,Akamai,Region,Live Sports/Events,1.26,2.72,1.37,0.5,1.14,1.32,5.77,1.45,6467,33,10777,52069,116855,91.1,70.5,60.4,43.9,65.7,89.8,1.25,79.3,6.1,4.46,5.39,92.3,163,122,15808
2024-09-15,App_A,Tizen,Verizon,AWS CloudFront,Metro,VOD Movies,1.18,2.58,1.11,0.59,0.9,1.78,6.94,1.36,6284,30.6,12310,59324,141454,91.2,75.2,54.4,41.6,63.5,94.9,0.89,78.6,6.7,4.35,4.8,95.8,165,107,15666
2024-09-15,App_B,WebOS,Airtel,Akamai,Region,FAST linear,1.19,3.45,1.08,0.54,0.81,1.74,6.46,1.13,6307,32.9,9236,44624,104942,88.7,71.5,55,40.3,64.9,94.2,1.08,79.3,6.6,4.29,5.11,92.8,140,127,12014
2024-09-16,App_A,Android TV,Broadband,Akamai,Metro,VOD Series,1.11,3.19,1.23,0.57,1.03,1.85,5.63,1.3,6765,34.1,11164,53871,126998,85.2,75.2,55.1,42.8,65.2,90.2,0.92,77,5.9,4.26,4.77,94.5,173,111,18669
2024-09-16,App_B,Android TV,Airtel,Akamai,Country,Live Sports/Events,1.07,2.97,1.15,0.55,0.95,1.78,6.03,1.47,6201,29.4,9741,46590,115830,84.8,72.3,53.7,43.7,61.6,88,0.95,80.2,7.3,3.64,4.79,92.5,166,125,17079
2024-09-17,App_A,Tizen,Wi-Fi,Cloudflare,Region,Live Sports/Events,1.06,2.82,1.38,0.53,1.06,1.29,5.97,1.41,5758,33.1,12011,58087,140542,91.2,70.3,59.8,44.3,66.7,88.8,0.98,83.4,6.9,3.8,5.13,94.1,172,104,14868
2024-09-17,App_B,iOS,Airtel,AWS CloudFront,Metro,Live Sports/Events,1.04,3.26,1.25,0.54,0.89,1.53,6.63,1.05,6416,30.9,10548,50467,119997,86.3,71.2,57.3,39.7,65.2,90.7,1.29,77.7,5.9,4.23,5.64,94,130,122,18473
2024-09-18,App_A,iOS,Airtel,Fastly,Metro,VOD Series,1.13,2.94,1.2,0.51,1.09,1.56,6.81,1.41,6544,28.9,11456,54938,147290,87.3,70.7,55.8,41.3,61.5,93,1.21,79,6.6,3.63,4.97,93,139,98,14102
2024-09-18,App_B,iOS,Cellular 5G,Cloudflare,Country,Live Sports/Events,1.2,3.03,1.45,0.6,0.97,1.52,5.93,1.53,6412,29.3,9816,47248,116420,89.7,69.4,60.4,42.2,61.5,89,1.01,76,6.6,4.04,5.31,92.3,149,111,14231
2024-09-19,App_A,iOS,Wi-Fi,AWS CloudFront,Region,Live Sports/Events,1.35,3.04,1.5,0.48,1.04,1.6,6.39,1.41,6430,33.2,12252,59241,147413,89.4,70.3,56,44.6,61.2,90.8,1.12,76.3,6,3.73,4.98,93.1,154,113,15084
2024-09-19,App_B,iOS,Airtel,Cloudflare,Region,VOD Series,1.35,3.21,1.11,0.48,0.84,1.35,6.46,1.13,6171,28.3,9427,45365,105371,87.9,71.9,53.7,39.9,66.5,89.5,0.93,79.7,6.3,4.08,5.69,94.3,129,105,13072
2024-09-20,App_A,Android,Verizon,Akamai,Metro,Live Sports/Events,1.05,2.6,1.44,0.5,0.9,1.37,6.61,1.02,6442,30.9,12649,60575,152216,90.5,72.3,60,42.5,66.6,88.9,1.18,80.6,5.9,3.79,5.49,92.3,129,128,20957
2024-09-20,App_B,Android TV,Comcast Xfinity,Akamai,Region,VOD Series,1.33,3.4,1.38,0.48,1.09,1.86,6.8,1.52,6112,29.3,9822,47599,119087,89,75,57.6,42.7,67.3,88.6,0.87,80.5,7.3,4.51,5.33,95.9,137,112,14271
2024-09-21,App_A,iOS,Verizon,Cloudflare,Region,FAST linear,1.34,2.95,1.24,0.6,0.78,1.89,6.8,1.11,6544,28.5,11659,55582,118966,86,76.1,55.5,40.9,66.1,94.2,0.86,78.8,5.8,4.23,4.75,93.9,172,122,18426
2024-09-21,App_B,FireTV,Airtel,Cloudflare,Region,VOD Series,1.14,3.16,1.14,0.54,0.98,1.46,6.27,1.31,6248,31.2,9517,45853,111985,89.8,74,55.7,41.5,60.3,90.9,1.07,78.3,6.6,3.89,5.03,95,138,129,16051
2024-09-22,App_A,Apple TV,Cellular 4G,AWS CloudFront,Metro,VOD Series,1.35,2.92,1.37,0.63,1,1.42,5.93,1.26,5861,32.7,10949,52572,120625,85.4,72.5,57.1,42.3,65.9,93.7,0.88,82.4,6.5,4.46,5.15,92.6,130,126,19131
2024-09-22,App_B,iOS,Wi-Fi,Akamai,Metro,VOD Movies,1.1,2.66,1.47,0.5,0.8,1.54,6.04,1.52,5781,30.6,9250,44243,110033,86.4,70.9,59.5,41.6,63.4,94.5,1.05,78.9,6,4.01,5.4,94.5,164,116,11395
2024-09-23,App_A,Android TV,Cellular 5G,AWS CloudFront,Country,VOD Movies,1.14,3.38,1.48,0.48,0.76,1.72,6.32,1.12,6157,30.1,11911,56847,125375,91,72.4,59.2,42.5,63,90,1.1,81.1,5.9,3.85,5.34,93,152,116,20121
2024-09-23,App_B,Android TV,Jio,AWS CloudFront,Region,Live Sports/Events,1.11,2.8,1.05,0.44,0.95,1.58,6.72,1.44,5095,32.3,9871,47664,119097,84.9,76.2,54.6,40.3,64.3,91.7,1.06,81.2,7.4,4.12,5.22,94.1,147,98,12340
2024-09-24,App_A,iOS,T-Mobile,AWS CloudFront,Region,VOD Series,1.13,3.15,1.19,0.52,1.08,1.35,6.63,1.28,7246,32.1,12482,59844,159856,86.8,72.5,59.2,42,62.6,89.4,1.1,81.1,6.5,4.34,4.81,93.6,167,118,16105
2024-09-24,App_B,Android TV,Comcast Xfinity,Akamai,Country,Live Sports/Events,1.33,2.85,1.51,0.53,0.85,1.41,6.11,1.22,5862,31.4,9904,47455,105062,88.4,74,58.3,40.8,61.8,93.5,1.02,80.6,5.8,4.05,4.79,94.2,141,113,12152
2024-09-25,App_A,Android,Airtel,Cloudflare,Country,VOD Movies,1.24,2.84,1.49,0.43,1.02,1.53,6.11,1.21,6489,31,10828,52306,118911,90,73.2,56.2,43,60.6,91.6,1.12,80.5,6.7,4.04,5.46,92.6,149,99,14784
2024-09-25,App_B,Android,Jio,Cloudflare,Country,VOD Movies,1.26,3.18,1.32,0.46,0.91,1.65,7.04,1.19,5678,32.5,9254,43972,118708,89.8,76.3,57.7,41.3,63.4,90.9,1.18,83.3,7.6,4.48,5.22,93.4,130,127,12426
2024-09-26,App_A,Android,Comcast Xfinity,Fastly,Metro,VOD Movies,1.09,2.97,1.26,0.54,0.99,1.32,6.22,1.39,6518,30,10750,51940,131215,91.1,70.5,59.5,39.5,66.6,94.7,1.16,77,6.8,4.35,5.04,93.8,154,100,14183
2024-09-26,App_B,Android TV,Comcast Xfinity,Fastly,Region,Live Sports/Events,1.04,3.38,1.43,0.57,1.09,1.85,6.56,1.32,5654,31.3,9041,42982,106281,86.4,71.7,60.1,43.9,64.7,90.8,1.17,76.7,6.3,4.49,5.68,93.2,160,129,14918
2024-09-27,App_A,iOS,Comcast Xfinity,Akamai,Region,FAST linear,1.16,2.71,1.27,0.55,0.85,1.88,6.67,1.17,5907,31.6,12374,59010,156660,87.3,70.3,60.4,43.7,60.7,92.1,1.04,83.3,5.6,3.77,5.66,92.5,168,98,15788
2024-09-27,App_B,Apple TV,Jio,Fastly,Region,VOD Movies,1.37,3.49,1.39,0.45,0.95,1.35,6.13,1.46,5088,27.5,9291,44947,117610,89.8,71.1,58.5,41.4,62.7,88.7,1.22,80.6,7,3.61,4.87,94.6,137,105,16723
2024-09-28,App_A,FireTV,Cellular 4G,Fastly,Country,VOD Series,1.17,3.41,1.03,0.53,0.93,1.68,6.27,1.08,5585,28.1,10727,51193,126900,90.2,70.1,54.1,43.5,66,90.3,0.9,81.7,7.6,3.8,4.82,94.7,146,106,14982
2024-09-28,App_B,Tizen,AT&T,Cloudflare,Metro,Live Sports/Events,1.17,3.44,1.09,0.58,0.95,1.82,6.59,1.4,5179,28.6,9429,45690,120700,91,71.5,59.5,41.8,66.5,94.2,0.89,78,6.4,4.23,5.08,94.8,167,107,14598
2024-09-29,App_A,WebOS,Cellular 4G,Akamai,Metro,FAST linear,1.14,2.58,1.5,0.59,0.99,1.61,7.01,1.32,6773,29.6,10891,52232,124621,89.2,74.1,58.6,40.4,67.9,88.8,0.9,82.5,7,4.37,4.78,94.1,154,95,16261
2024-09-29,App_B,Android,Airtel,Akamai,Region,VOD Movies,1.19,2.64,1.27,0.48,0.97,1.55,6.27,1.43,5420,29.4,10401,50266,125301,86.9,72.8,60.6,42.5,65.2,93.5,0.94,76.9,5.9,4.1,5.1,95.1,133,127,13947
2024-09-30,App_A,Android TV,Jio,Akamai,Metro,FAST linear,1.11,2.9,1.09,0.63,0.99,1.42,7.01,1.17,6078,31.4,11250,53624,114477,90.6,76.1,56.1,41.6,64.6,89.2,1.21,75.9,6.2,3.7,4.76,93.7,167,103,19884
2024-09-30,App_B,Android,Wi-Fi,Akamai,Region,FAST linear,1.08,2.96,1.52,0.5,1.01,1.3,6.5,1.42,5425,32,9874,47517,106313,88.6,73.7,60.2,43,64.7,94.4,1.19,80.4,5.9,3.81,5.71,95.3,127,118,17048
2024-10-01,App_A,Android TV,Jio,Fastly,Metro,VOD Movies,1.34,3.03,1.01,0.44,0.76,1.8,6.57,1.02,5924,32.2,10664,51650,128995,88.5,76.4,56.6,42.2,60.4,92.9,0.85,82.1,7.3,4.07,5.7,94.2,166,95,17410
2024-10-01,App_B,Tizen,Wi-Fi,Akamai,Region,VOD Movies,1.2,3.15,1.18,0.59,0.91,1.64,6.7,1.09,4845,31.2,9098,43691,110045,86.3,73.4,55.8,44,63.7,89,0.89,80.9,6.3,3.88,4.75,92.4,164,122,12511
2024-10-02,App_A,WebOS,Broadband,Akamai,Region,VOD Movies,1.32,2.86,1.1,0.49,0.79,1.48,6.42,1,7136,31,10570,50607,134318,86.1,70.7,55.2,43.7,63.8,91.4,1.02,81.1,6.2,4.02,5.01,94.8,143,100,18889
2024-10-02,App_B,Apple TV,Cellular 4G,AWS CloudFront,Country,Live Sports/Events,1.19,2.61,1.33,0.63,1.09,1.41,6.57,1.25,5612,27.7,9041,43311,115085,90.2,70.3,60.4,45.1,67.9,91.6,0.92,75.8,6.7,4.09,4.84,94.2,156,109,12340
2024-10-03,App_A,WebOS,T-Mobile,Cloudflare,Country,Live Sports/Events,1.34,3.16,1.2,0.53,1.02,1.8,6.42,1.4,7075,29,11358,54762,116586,90.1,71.9,59.7,41.4,67.3,93.7,0.9,81.1,6.8,3.72,5.66,94.8,164,119,14156
2024-10-03,App_B,Desktop Web,Cellular 5G,Cloudflare,Region,Live Sports/Events,1.04,2.94,1.3,0.59,1,1.38,6.54,1.17,5473,27.2,9411,45420,108196,85.7,72.1,55.5,44,63.1,93.2,1.04,82.9,7.6,4.17,5.32,95.2,127,120,15500
2024-10-04,App_A,Apple TV,T-Mobile,Fastly,Region,VOD Series,1.02,3.07,1.19,0.6,0.75,1.32,5.99,1.22,6691,28,12164,57985,134638,88.7,74.3,58.2,40.6,63.3,91.8,0.99,77.8,7.3,4.32,5.37,95.2,177,124,18536
2024-10-04,App_B,WebOS,Comcast Xfinity,Cloudflare,Region,VOD Series,1.12,2.7,1.22,0.57,0.82,1.56,6.76,1.22,5381,31.5,9630,46681,100345,90,70.5,57.9,40.9,63.7,93,0.91,81.4,7.7,4.04,4.96,95.1,157,107,14453
2024-10-05,App_A,WebOS,Comcast Xfinity,Akamai,Metro,FAST linear,1.14,2.59,1.32,0.5,0.96,1.78,5.88,1.47,6242,30.7,10581,50970,120602,91.4,70.7,56.2,41.3,62.4,90.8,0.89,82.9,6.4,3.81,4.87,93.6,145,96,13514
2024-10-05,App_B,Apple TV,Broadband,Akamai,Country,Live Sports/Events,1.26,2.63,1.08,0.5,0.87,1.36,6.62,1.14,5465,31.3,9295,44804,99021,85.7,73.3,55.6,39.9,61.9,89.8,1,78,7.2,4.46,4.86,94.3,159,100,13116
2024-10-06,App_A,WebOS,Comcast Xfinity,Akamai,Country,VOD Series,1.17,2.99,1.04,0.55,0.93,1.58,7.08,1.29,6385,30.8,11417,54775,143368,91.5,72.3,55.6,39.5,67.3,88.9,1.03,78.7,6.2,3.77,5.21,95.9,178,127,14547
2024-10-06,App_B,Apple TV,Airtel,Akamai,Metro,VOD Movies,1.35,2.85,1.48,0.58,1.01,1.55,6.81,1.39,5433,31.9,9836,46941,106382,89.7,73,57.7,44.8,66.3,88.8,0.91,82.4,7.4,3.64,5.03,94,148,96,17418
2024-10-07,App_A,Apple TV,Verizon,Cloudflare,Metro,VOD Movies,1.07,2.66,1.48,0.58,0.87,1.85,6.72,1.07,7257,32.3,11801,56651,140589,87.6,70.2,56.2,43.6,67.2,95.1,1.1,76.8,7.3,4.44,5.06,92.8,124,116,18104
2024-10-07,App_B,Android TV,Jio,Akamai,Metro,VOD Movies,1.2,3.26,1.23,0.56,1.05,1.52,6.09,1.43,5553,28.6,9767,47038,102393,89.6,76.3,57,42.6,62.6,92.2,1.16,76.9,7.2,3.59,5.16,95.5,137,124,16126
2024-10-08,App_A,Desktop Web,AT&T,Akamai,Region,VOD Series,1.01,2.63,1.19,0.58,0.95,1.28,5.66,1.34,7268,32.1,10973,52278,124254,88.4,74.4,56.7,43.5,64.2,90.4,1.16,82.2,6.2,3.96,4.86,92.4,174,104,18623
2024-10-08,App_B,Android,T-Mobile,Cloudflare,Country,VOD Movies,1.29,3.44,1.3,0.47,0.96,1.37,5.91,1.09,5166,31.7,9119,43444,92819,86.7,72,58.6,45.1,62.7,93.6,1.21,81.5,7,4.56,5.05,93.2,152,120,15094
2024-10-09,App_A,Tizen,Broadband,Cloudflare,Country,FAST linear,1.06,3.27,1.48,0.59,0.98,1.63,6.36,1.13,7285,32,11282,54522,119112,87.5,75.9,60.1,40.2,66.8,93.5,0.96,83.5,7.3,4.12,5.26,93.5,174,118,19568
2024-10-09,App_B,WebOS,Broadband,Akamai,Country,FAST linear,1.13,3.02,1.09,0.56,0.85,1.65,7.02,1.14,4953,28.6,9559,45854,104588,88.4,72.7,60.5,40,60.4,94.3,0.96,79.1,5.9,3.79,4.99,95.8,129,103,15127
2024-10-10,App_A,FireTV,Comcast Xfinity,Cloudflare,Metro,VOD Series,1.06,2.74,1.01,0.46,0.88,1.52,6.3,1.05,5613,27.3,10602,51289,126184,86.8,69.3,57.2,42.6,61.4,94.5,1.09,82.8,5.7,3.63,4.78,93.6,141,104,15912
2024-10-10,App_B,WebOS,Airtel,Akamai,Country,Live Sports/Events,1.38,3.29,1.11,0.47,0.82,1.88,6.08,1.25,6156,27.4,9494,45367,107607,90.6,70.9,56.3,41.9,61,90.9,1.27,81.9,6.9,3.79,4.83,93.4,148,129,15244
2024-10-11,App_A,Android,Comcast Xfinity,Akamai,Metro,FAST linear,1.21,3.32,1.35,0.52,1.1,1.36,6.56,1.15,6353,30.7,11865,57209,142472,88.5,70.8,55.7,40.7,64.6,90.7,1.13,81.2,5.7,4.03,5.53,95.4,175,91,18673
2024-10-11,App_B,Android TV,T-Mobile,AWS CloudFront,Metro,Live Sports/Events,1.17,3.24,1.34,0.49,0.82,1.84,5.68,1.51,5211,32.4,9073,43584,97735,85.4,72.3,54.7,44.6,62.2,94.9,0.96,80,6.3,4.23,4.76,92.3,131,112,14738
2024-10-12,App_A,WebOS,Verizon,Cloudflare,Region,Live Sports/Events,1.19,2.91,1.13,0.53,1.06,1.46,5.93,1.05,5904,30.4,11539,55847,124005,89.5,75.3,55.6,40.6,63.4,89.5,1.22,76,6.7,4.08,5.4,94,153,110,17711
2024-10-12,App_B,Apple TV,Wi-Fi,Cloudflare,Region,Live Sports/Events,1.28,2.95,1.17,0.55,0.78,1.44,6.89,1.5,6000,26.5,9127,43731,97072,89.4,71.2,58.1,39.8,65,92.5,1.08,79.2,6.4,4.21,5.12,92.8,167,113,11903
2024-10-13,App_A,Tizen,Cellular 5G,Cloudflare,Country,VOD Series,1.05,3,1.38,0.53,0.89,1.71,6.45,1.27,5576,31.3,10849,51633,116097,88.7,75.9,58.9,40.7,61.8,90,1.2,82,6.9,3.63,5.75,95.9,142,116,19488
2024-10-13,App_B,Apple TV,T-Mobile,Akamai,Region,VOD Movies,1.08,3.39,1.48,0.49,0.89,1.38,6.47,1.04,4763,29.3,8770,42028,109465,91.6,70.1,56.7,41.7,61.4,89.7,1.17,82.9,5.9,3.68,5.63,95.6,175,109,12002
2024-10-14,App_A,iOS,Jio,Fastly,Country,Live Sports/Events,1.34,3.04,1.37,0.43,0.79,1.87,5.9,1.38,6608,30.3,11742,55975,121365,87.1,73.5,59.7,39.6,63.4,95,1.18,80.5,7.3,3.56,5.38,94.1,138,93,20640
2024-10-14,App_B,WebOS,Wi-Fi,Akamai,Region,FAST linear,1.23,2.9,1.29,0.53,1.08,1.3,6.55,1.03,5032,31.1,9754,46427,105470,85.4,73,58.8,42.5,65.7,93.3,0.88,78.1,7.1,4.34,5.64,94.9,128,128,12394
2024-10-15,App_A,Android,Wi-Fi,Akamai,Metro,VOD Movies,1.19,3.39,1.4,0.43,0.85,1.34,6.36,1.2,7127,28.5,11653,55661,132937,84.8,70.3,60.6,40.7,68.2,93,1.1,81.1,5.8,4.01,5.25,94,129,124,20686
2024-10-15,App_B,WebOS,Verizon,Akamai,Region,FAST linear,1.07,2.85,1.04,0.61,1.09,1.37,5.78,1.34,5931,27.6,9576,46395,120156,89.1,75.1,58.2,40.5,61.5,91,1.21,81.9,6.6,4.05,4.88,94,176,108,13391
2024-10-16,App_A,iOS,T-Mobile,Cloudflare,Country,FAST linear,1.02,2.78,1.33,0.58,0.86,1.63,5.65,1,5790,28.6,11191,54185,112317,87.8,71.4,59.4,40.7,62.6,89.5,1.02,79,6.5,4,5.21,92.9,130,121,16078
2024-10-16,App_B,WebOS,Wi-Fi,AWS CloudFront,Country,VOD Series,1.17,3.17,1.43,0.57,0.82,1.63,6.86,1.23,5283,32,8703,41514,89558,86.8,70.5,58.9,41.4,61.9,88.6,0.9,81.1,7.5,3.73,5.47,92.9,131,110,11766
2024-10-17,App_A,Android TV,Jio,Cloudflare,Country,FAST linear,1.14,2.88,1.21,0.46,0.84,1.57,6.47,1.35,6004,31.9,10627,51067,117634,85.1,76.1,58.4,40.5,61.4,95,1.11,83,5.6,3.77,5.58,92.9,147,124,17775
2024-10-17,App_B,Tizen,Airtel,Akamai,Country,Live Sports/Events,1.18,2.71,1.05,0.46,1.01,1.58,6.14,1.44,6104,29,8777,42381,112058,86.6,73.6,56.8,40.7,67.1,91.6,1.21,79.6,7.5,4.03,5.54,95.7,155,92,13562
2024-10-18,App_A,FireTV,Cellular 5G,Cloudflare,Metro,VOD Movies,1.18,2.67,1.34,0.51,0.93,1.33,6.17,1.05,6800,29.1,11744,56458,132576,89.3,75.2,59.3,39.6,64.6,88.1,0.95,82,5.7,4.33,5.53,94.6,164,111,18380
2024-10-18,App_B,WebOS,Verizon,AWS CloudFront,Country,FAST linear,1.21,3.35,1.08,0.63,1.04,1.71,6.23,1.49,4840,27.4,9475,45240,106090,86.8,73.3,56.8,40.7,66.1,94.6,1.01,77,6.6,4.13,4.81,95.4,164,101,14963
2024-10-19,App_A,Desktop Web,Broadband,Cloudflare,Country,Live Sports/Events,1.07,3.1,1.09,0.46,0.84,1.65,6.22,1.03,5583,27.3,10977,52910,125071,89.5,75.6,59.9,40.1,68.1,92.6,1.02,82.4,5.7,3.54,5.04,95.8,174,96,16971
2024-10-19,App_B,Desktop Web,Cellular 5G,Fastly,Region,FAST linear,1.2,3.42,1.47,0.43,0.98,1.59,5.74,1.01,4969,26.5,9503,45240,104340,89.6,71.3,58.3,41,62.4,91.5,1.26,83,6.2,4.46,5.49,93.2,146,110,15362
2024-10-20,App_A,Desktop Web,Jio,AWS CloudFront,Country,FAST linear,1.08,3.31,1.09,0.44,1.02,1.62,6.08,1.21,6332,31.3,10552,50661,130439,85,70,56,43.1,65.6,88.9,0.98,83.3,6.9,4.04,5.38,94.8,132,110,16425
2024-10-20,App_B,iOS,Cellular 4G,Cloudflare,Region,Live Sports/Events,1.25,2.67,1.48,0.5,1.05,1.75,6.1,1.08,5081,27.8,9125,43718,117632,89.5,74.8,59.3,44,66.6,92.5,0.89,77,7.2,3.65,5.47,94.7,177,128,11856
2024-10-21,App_A,Desktop Web,Airtel,Akamai,Metro,Live Sports/Events,1.13,3.07,1.15,0.58,0.74,1.62,7.12,1.34,5535,30.6,10667,51198,124154,87.8,75.2,60.1,41.4,61.3,94.8,0.95,80.9,7.1,3.63,5.24,95.6,139,123,15233
2024-10-21,App_B,Desktop Web,Cellular 5G,AWS CloudFront,Metro,Live Sports/Events,1.36,2.81,1.46,0.56,0.74,1.81,7.04,1.05,6012,26.5,8762,42278,107710,86,73.9,60.4,44,68,92.3,0.92,75.8,6.1,3.67,4.79,93.2,132,97,15444
2024-10-22,App_A,Android TV,Wi-Fi,AWS CloudFront,Country,VOD Series,1.03,2.61,1.02,0.52,1.04,1.42,5.7,1.14,5663,28.7,10686,51516,137289,89.6,71.5,54.9,44.4,67.4,88.2,1.19,79.7,5.6,3.71,5.03,95.6,156,97,12940
2024-10-22,App_B,Tizen,T-Mobile,Cloudflare,Region,Live Sports/Events,1.08,3.44,1.48,0.63,1.03,1.87,5.69,1.49,4728,32,9585,45759,116803,88.4,76.3,55.6,41.5,63.3,91.5,0.95,82,6,4.17,4.96,93.6,144,97,13129
2024-10-23,App_A,Tizen,Comcast Xfinity,Cloudflare,Country,FAST linear,1.29,3.15,1.2,0.42,0.92,1.45,6.59,1.37,6765,27.1,11230,53431,140364,86.2,71.2,58,39.7,67.6,91.7,1.08,82.8,5.8,3.52,5.53,94.9,129,96,16867
2024-10-23,App_B,iOS,AT&T,Akamai,Country,VOD Movies,1.11,2.88,1.14,0.56,0.81,1.88,5.66,1.13,5426,27.1,8920,42827,108848,88.5,74.6,56.7,40.1,65.7,90.3,1.22,83.2,6.6,3.78,5.66,92.4,131,102,13930
2024-10-24,App_A,Tizen,AT&T,Akamai,Country,FAST linear,1.34,2.67,1.16,0.57,0.82,1.68,6.22,1.45,6571,28.8,11860,56699,127579,86.6,76.6,58,45,67,95,0.89,76.4,6.6,3.82,5.2,95.2,132,125,20009
2024-10-24,App_B,FireTV,Broadband,Fastly,Metro,Live Sports/Events,1.33,3.18,1.36,0.61,1.11,1.53,6.37,1.33,5550,31.6,9208,43796,103486,89.6,76,58.6,44,60.7,94.7,0.86,82.1,7.1,4,4.88,94.4,176,116,11373
2024-10-25,App_A,WebOS,Broadband,AWS CloudFront,Region,FAST linear,1.16,3.04,1.4,0.55,1.01,1.43,6.13,1.01,6123,26.9,11108,52794,143381,90.3,74.4,56.4,45.3,65.4,89.2,0.87,81.4,6.5,4.11,5.11,95.4,154,105,14305
2024-10-25,App_B,iOS,T-Mobile,Cloudflare,Country,VOD Series,1.19,3.43,1.18,0.53,0.94,1.86,6.44,1.03,5232,29.4,9801,47049,103327,86.8,70.2,60.6,40.2,68.1,91.9,0.97,77.4,7.1,3.7,5.2,95.1,145,116,13123
2024-10-26,App_A,Apple TV,Cellular 4G,Fastly,Metro,Live Sports/Events,1.34,3.39,1.06,0.61,0.98,1.45,6.2,1.47,5547,27,10659,51211,108681,86,73.3,59.4,40.3,64.4,90.3,1.05,82,6.2,4.31,5.61,93.6,174,93,14113
2024-10-26,App_B,Apple TV,T-Mobile,Cloudflare,Metro,FAST linear,1.12,2.73,1.17,0.51,0.83,1.72,6.18,1.41,4743,31.3,8830,42019,91496,87.1,73.6,54,39.5,65,89.8,1.25,78.7,5.8,4,5.12,93.3,138,118,13496
2024-10-27,App_A,Tizen,T-Mobile,Cloudflare,Metro,Live Sports/Events,1.03,2.69,1.16,0.55,0.93,1.57,6.26,1.11,7035,28.8,11409,54774,130037,87.6,73.8,59.7,45.4,66.6,91.2,1.01,77.7,6.2,4.4,5,95.8,138,104,16808
2024-10-27,App_B,Android,Wi-Fi,Akamai,Metro,Live Sports/Events,1.35,2.74,1.13,0.59,0.76,1.85,5.67,1.35,4616,30.5,8649,41855,100175,90.1,71.6,58.8,43.2,66.9,92.8,0.99,77.8,7.6,4.41,5.03,93.1,132,108,14678
2024-10-28,App_A,Apple TV,Cellular 5G,Cloudflare,Country,Live Sports/Events,1.31,3.08,1.44,0.62,0.91,1.73,6.55,1.3,6070,28,11957,57619,143046,88.7,74.8,57.1,41.7,62.5,91.9,0.98,79.7,6.7,4.28,5.04,94.8,170,121,20648
2024-10-28,App_B,Android,Verizon,Akamai,Metro,VOD Series,1.22,3.34,1.44,0.44,0.83,1.49,6.01,1.4,5392,30.4,9770,46479,115792,90.4,70.1,59.6,43.4,65.7,92.2,0.98,81.7,6.6,3.8,5.62,96.1,165,104,16128
2024-10-29,App_A,Android,AT&T,AWS CloudFront,Metro,VOD Series,1.23,2.57,1.47,0.56,1.08,1.5,7,1.34,5600,30.1,11285,54581,118686,84.9,70.2,55.7,41,61.8,92.3,0.84,79.3,6.7,4.19,5.12,94.1,171,99,18491
2024-10-29,App_B,WebOS,Cellular 4G,Akamai,Country,VOD Movies,1.2,3.24,1.2,0.49,1.1,1.9,6.62,1.02,5365,26.4,9479,45200,108980,85.7,74.9,54.7,44.1,63,90.4,0.91,82.6,7.1,3.63,5.76,94.4,142,119,14438
2024-10-30,App_A,Android TV,Cellular 4G,Fastly,Region,VOD Series,1.03,2.78,1.14,0.51,0.85,1.6,5.91,1.4,6606,30.2,10418,49626,121623,87.3,76.2,58.5,44,63.4,89.5,1.21,79.5,6.5,4.2,4.96,94.2,144,89,14476
2024-10-30,App_B,Android TV,Jio,Cloudflare,Country,VOD Movies,1.02,3.09,1.47,0.52,0.83,1.67,5.68,1.04,4650,26.5,8791,42092,96164,87.7,70.1,56.5,43.7,61.5,90.7,0.98,76.6,6.2,3.97,4.77,92.8,132,108,15312
2024-10-31,App_A,Desktop Web,T-Mobile,AWS CloudFront,Metro,FAST linear,1.03,3.07,1.29,0.44,1.06,1.4,6.63,1.4,5831,30.6,11385,54355,129697,86.6,69.7,55.5,45.4,61.2,93.4,0.96,77.6,6.2,3.58,4.99,94,133,101,18574
2024-10-31,App_B,iOS,Broadband,AWS CloudFront,Region,FAST linear,1.1,3.16,1.15,0.55,0.77,1.7,6.49,1.17,5241,27.2,9311,44314,105124,86.8,69.5,56,42.4,61,91,0.91,82.6,6.9,4.35,5.43,92.6,151,105,15894
2024-11-01,App_A,Apple TV,Jio,AWS CloudFront,Metro,VOD Movies,1.26,3.11,1.12,0.46,0.73,1.39,7.05,1.25,6739,30.9,11293,54311,118855,87.3,70.6,57.6,39.6,62.5,91.1,1.2,78.9,5.6,3.62,5.67,93.2,170,102,15181
2024-11-01,App_B,FireTV,Broadband,Cloudflare,Metro,VOD Series,1.3,3.15,1.06,0.62,0.96,1.87,5.88,1.32,5466,27,9404,45217,94666,87.9,74.2,58.4,42.3,62.1,88.5,1.23,83.5,7.6,4.37,4.82,95.5,125,93,12941
2024-11-02,App_A,Tizen,Comcast Xfinity,AWS CloudFront,Metro,VOD Movies,1.3,3.22,1.4,0.55,0.98,1.37,5.73,1.32,5498,30.2,11931,56866,152938,89.5,69.7,57.4,44,63.2,94.9,1.2,76.6,6.7,3.98,4.75,95.5,142,96,17958
2024-11-02,App_B,WebOS,Broadband,Cloudflare,Region,FAST linear,1.3,3.22,1.09,0.43,0.92,1.81,5.77,1.14,4985,26.5,8980,42950,108548,88.5,71,57.5,41.1,62.1,88.5,1,81.3,7.1,3.71,5.03,94.3,127,98,13757
2024-11-03,App_A,Android,Jio,AWS CloudFront,Country,VOD Series,1.32,2.91,1.46,0.43,1.04,1.39,6.77,1.17,5698,28.2,11314,54816,114483,88.8,72.9,55.1,40.5,62.2,90.5,1.03,81.2,5.8,3.71,5.5,94.2,131,93,16181
2024-11-03,App_B,Tizen,Wi-Fi,Akamai,Metro,VOD Series,1.06,2.83,1.04,0.48,1.04,1.65,7.04,1.36,4828,27.8,9158,43761,107789,86.6,73.2,59.8,41.7,66.5,90.5,0.88,76,6,4.08,5.19,95.4,131,104,12844
2024-11-04,App_A,Tizen,Comcast Xfinity,Akamai,Country,VOD Series,1.28,3.25,1.47,0.52,0.82,1.66,5.88,1.12,6572,31.3,11283,53677,119484,89.3,72.2,59.7,45.2,63.7,89.9,1.04,76,5.7,3.88,5.26,92.8,145,100,18342
2024-11-04,App_B,Android,Broadband,Cloudflare,Country,VOD Series,1.12,2.84,1.38,0.6,0.79,1.44,6.79,1.28,5122,27.4,9687,46261,105288,85.9,72.3,59.8,40.9,62.2,92.4,1.12,82.2,7.2,3.91,4.79,92.5,158,104,13388
2024-11-05,App_A,iOS,Airtel,Fastly,Metro,VOD Movies,1.13,3.31,1.18,0.54,0.81,1.56,6.28,1.04,6229,28.1,10471,50059,113753,90.7,76.5,56.9,43.5,67.5,92.5,1.12,78.4,7.1,4.05,5.55,94.7,168,116,15885
2024-11-05,App_B,Tizen,Airtel,Akamai,Metro,FAST linear,1.29,2.59,1.07,0.56,1.03,1.55,5.87,1.26,5330,28.8,9857,47775,127719,87,73.1,59.9,40.2,67.6,94.9,0.9,80.8,5.7,4.48,5.41,92.8,146,111,12335
2024-11-06,App_A,Android TV,Wi-Fi,AWS CloudFront,Region,VOD Movies,1.07,3.21,1.31,0.5,0.89,1.52,6.08,1.17,6174,27.7,11888,57370,144883,88,71.4,56.2,43.2,61.1,92.9,1,76.3,6.4,4.25,4.86,94.5,131,95,19225
2024-11-06,App_B,WebOS,AT&T,Akamai,Region,Live Sports/Events,1.34,3.43,1.21,0.43,1.02,1.87,5.7,1.23,5212,31.5,9218,43840,109150,89.6,73.1,54.3,42.3,64.8,93.8,1.19,76.1,6.7,4.04,5.22,95.3,139,115,13026
2024-11-07,App_A,Apple TV,Jio,Fastly,Metro,Live Sports/Events,1.16,3,1.05,0.52,0.77,1.28,5.9,1.25,6930,28.4,11539,55860,139744,87.2,76.5,60.8,39.7,68.2,91.5,0.97,77,7.4,4.08,5.04,92.7,166,125,19261
2024-11-07,App_B,Android TV,Jio,AWS CloudFront,Country,Live Sports/Events,1.34,2.92,1.22,0.57,1.09,1.85,6.86,1.12,5006,30.9,9076,43161,117405,86.8,75.7,57.3,44.3,65.2,94.4,0.95,80.4,5.7,3.75,4.88,94.7,166,106,15442
2024-11-08,App_A,Android,Broadband,Akamai,Region,Live Sports/Events,1.08,2.85,1.01,0.5,0.75,1.85,7.12,1.15,6284,29.4,10754,51348,124672,90.8,75.7,60.6,42.8,61.7,89.2,1.05,78.4,6.5,4.02,5.19,93.6,148,117,16291
2024-11-08,App_B,Android,T-Mobile,Akamai,Region,VOD Movies,1.34,2.83,1.33,0.42,0.74,1.33,6.41,1.49,5158,29.6,8850,42250,89235,87.2,76,57,41.7,62,93.9,1.1,83.7,6.5,3.83,5.52,94.4,128,117,12492
2024-11-09,App_A,iOS,Cellular 5G,Akamai,Country,VOD Movies,1.26,3.01,1.16,0.51,0.94,1.35,5.89,1.38,6852,32,10508,50588,109547,88.9,70.8,58.8,40.6,61.9,91.4,0.91,79.3,7.3,3.67,5.37,94.6,134,104,14859
2024-11-09,App_B,Tizen,Cellular 4G,Akamai,Region,VOD Series,1.26,3.35,1.17,0.57,1.08,1.71,6.99,1.32,4917,26.4,9906,47623,116831,88.4,69.5,60,42.6,67.5,91.9,1.05,77.5,7,4.44,5.62,93.6,155,96,14465
2024-11-10,App_A,Android TV,Cellular 4G,Cloudflare,Metro,VOD Series,1.14,2.97,1.17,0.47,1,1.29,6.9,1.37,5801,30.9,10482,50647,106778,89.8,73.9,56.2,45.5,67.6,92.4,1.05,82.2,5.9,3.9,5.36,92.4,141,116,18515
2024-11-10,App_B,Tizen,Cellular 4G,Cloudflare,Country,Live Sports/Events,1.33,3.3,1.4,0.56,1.02,1.33,7.05,1.23,5233,28.4,10173,48561,110989,87.8,70.6,58.1,40.8,65.2,94.8,1.13,77.7,6.1,3.77,5.63,96,135,120,14701
2024-11-11,App_A,Tizen,Jio,Akamai,Metro,Live Sports/Events,1.31,3.31,1.31,0.54,0.9,1.74,6.72,1.15,6218,32,10736,51909,111111,87.3,72.1,59.6,42,63.4,88.2,1.14,81.5,6.7,4.11,5,94.1,128,111,15663
2024-11-11,App_B,FireTV,Cellular 5G,AWS CloudFront,Region,Live Sports/Events,1.28,3.31,1.4,0.43,0.82,1.55,6.22,1.32,5585,30.7,9368,45185,119704,87.4,72.1,60.6,40.8,60.9,95.1,1.11,80.1,7.2,3.93,5.61,93.8,161,103,12005
2024-11-12,App_A,Apple TV,Cellular 4G,AWS CloudFront,Region,VOD Movies,1.11,2.95,1.33,0.51,0.95,1.53,7.12,1.18,6429,29,11445,55114,145313,84.9,74.1,57,43.4,64.1,94,1.05,77.2,5.9,3.95,5.57,93.2,136,115,18289
2024-11-12,App_B,Apple TV,Jio,Fastly,Region,VOD Series,1.21,2.81,1.32,0.58,0.75,1.42,6.87,1.34,5593,29.8,9516,45572,118651,89.1,71.2,60.7,43,62.2,88.2,1.23,81.7,6.6,3.97,5.05,94.9,143,103,14455
2024-11-13,App_A,Tizen,AT&T,Fastly,Metro,VOD Series,1.29,3.38,1.17,0.61,0.95,1.66,5.75,1.45,6473,27,12222,59194,141041,87.2,73.8,55.5,44,61.6,94.1,1.08,81.7,6.1,4.38,5.78,94.9,142,104,18915
2024-11-13,App_B,Apple TV,Verizon,AWS CloudFront,Country,VOD Series,1.37,3.04,1.35,0.63,0.79,1.66,6.36,1.1,4765,30.8,8985,42956,109212,90.8,76.7,57.7,39.7,67.7,95.1,1.2,81.7,6.3,3.58,4.8,92.6,171,95,13871
2024-11-14,App_A,FireTV,Cellular 4G,Akamai,Metro,VOD Series,1.11,3.37,1.31,0.58,1.06,1.6,6.58,1.12,6251,31.2,11263,53695,117581,89.3,74.5,54.4,42.2,65.2,89.5,1.21,77.8,6.1,4.04,4.91,95.2,132,107,19705
2024-11-14,App_B,Tizen,Broadband,Akamai,Metro,VOD Movies,1.1,2.77,1.22,0.62,1.02,1.41,6.83,1.32,5106,28.3,9165,44165,92201,87.9,75.8,57.5,44,65.7,92.1,1.25,76,7.2,4.26,5.33,92.5,145,90,15739
2024-11-15,App_A,WebOS,Cellular 4G,AWS CloudFront,Metro,VOD Series,1.19,3.19,1.18,0.42,0.99,1.31,5.97,1.3,6382,31.3,11914,57360,144728,88.9,73.1,55.3,45.4,67.2,95.4,0.96,83.8,6.4,3.91,4.96,95,161,102,20153
2024-11-15,App_B,Tizen,Cellular 4G,Cloudflare,Country,VOD Movies,1.27,2.84,1.43,0.53,0.97,1.64,5.94,1.37,4754,31.4,9446,45159,100768,90.4,71.5,57.3,41.7,66.6,90.1,1.18,78.3,7.2,4.5,5.09,93,133,123,15921
2024-11-16,App_A,Android,Cellular 4G,Fastly,Metro,FAST linear,1.16,2.54,1.44,0.57,0.82,1.85,5.68,1.12,6749,32.6,10631,51127,121144,88.3,75.9,54.7,41.7,67.5,94.4,0.97,83.7,7.2,4.39,5.14,94.4,157,119,15909
2024-11-16,App_B,Apple TV,Cellular 4G,Fastly,Country,FAST linear,1.12,2.9,1.15,0.55,1.03,1.4,6.94,1.09,4777,28.9,9770,46429,117112,87.1,71.2,56.3,41.5,66.9,92.2,1.14,83.9,6.2,4.31,5.39,94.7,127,112,13494
2024-11-17,App_A,Tizen,Broadband,Akamai,Country,Live Sports/Events,1.22,3.22,1.4,0.62,0.94,1.74,6.4,1.34,5964,30.1,12267,58611,124452,91.3,73.4,60.6,40,67.6,94.4,1.07,79.2,6.1,3.67,5.68,95.5,173,101,21964
2024-11-17,App_B,WebOS,Airtel,Cloudflare,Region,VOD Movies,1.21,2.89,1.33,0.59,1,1.57,7.02,1.45,4929,32.1,8896,42860,113489,87.2,73.7,55.4,43.9,63.2,93,1.15,82.2,7,3.74,5.71,93.4,135,97,13657
2024-11-18,App_A,WebOS,AT&T,AWS CloudFront,Metro,Live Sports/Events,1.06,2.58,1.46,0.58,1.01,1.45,6.2,1.3,6766,29.3,11026,52472,111794,87.9,72.5,56.3,42.5,61.2,92,1.18,77.7,6.5,4.41,5.51,96,169,89,15003
2024-11-18,App_B,WebOS,Airtel,Akamai,Country,FAST linear,1.15,3.03,1.06,0.52,0.74,1.87,6.89,1.29,5385,27,9170,43670,93536,89.9,74.9,54.7,41.3,65.4,89.4,1.04,77.7,6.6,4.47,5.29,93.9,141,96,12754
2024-11-19,App_A,Tizen,Cellular 4G,Akamai,Region,Live Sports/Events,1.24,3.02,1.21,0.48,0.74,1.72,5.75,1.26,6219,27.9,11341,54319,120443,86.2,69.9,59.4,39.7,62.9,93.7,1.05,79.6,5.7,4.36,5.59,96,133,97,16387
2024-11-19,App_B,iOS,Airtel,Cloudflare,Region,FAST linear,1.3,2.72,1.27,0.6,0.9,1.84,5.77,1.17,5389,31.3,8919,43037,108153,84.9,72.3,60.1,41,61.9,95,1.24,76.7,6.1,4.29,5.38,94.6,136,106,14131
2024-11-20,App_A,Tizen,Comcast Xfinity,AWS CloudFront,Region,FAST linear,1.3,3.36,1.02,0.43,0.94,1.57,5.97,1.2,5820,28.1,12243,59375,144469,85.7,74.1,54.6,44.9,68.3,92.4,0.87,81.4,5.5,3.88,5.46,92.7,148,114,20207
2024-11-20,App_B,Android TV,T-Mobile,Akamai,Metro,VOD Movies,1.05,3.05,1.43,0.5,0.8,1.55,6.96,1.2,6098,27.2,10000,48320,113856,87.9,73.3,55.3,40.7,68.5,88.4,1.21,80.1,6.7,4.27,5.16,93,126,90,14868
2024-11-21,App_A,Apple TV,Verizon,AWS CloudFront,Country,FAST linear,1.22,2.87,1.09,0.49,1,1.46,6.25,1.39,6727,31.8,11264,53666,116978,91.1,74.7,54.5,44.7,65.7,91.5,0.86,78.8,6.5,4.13,5.46,96,139,120,17565
2024-11-21,App_B,Android TV,Broadband,AWS CloudFront,Region,Live Sports/Events,1.27,3.4,1.06,0.6,0.98,1.57,6.59,1.31,5396,28.9,9211,44379,106535,85.6,75.7,58,41.9,65.7,94.5,0.94,83.5,6.6,4.48,5.73,92.9,146,91,15710
2024-11-22,App_A,WebOS,Wi-Fi,AWS CloudFront,Country,VOD Series,1.11,2.89,1.45,0.53,0.93,1.64,6.47,1.06,6201,32.7,12472,59479,146469,91.3,72.4,57.9,42.4,65.2,93.8,1.03,83.6,6.1,3.97,5.31,93.9,133,98,17035
2024-11-22,App_B,Desktop Web,Cellular 4G,Fastly,Country,VOD Series,1.18,2.91,1.45,0.56,0.8,1.5,7.13,1.42,6059,28.7,9692,46427,112511,90.1,69.6,59.3,42.5,60.9,90.4,1.16,80.3,6.2,4.09,5.3,95.9,136,123,14394
2024-11-23,App_A,Android TV,Jio,AWS CloudFront,Country,VOD Series,1.01,2.6,1.05,0.41,1.04,1.78,6.61,1.46,6207,30.9,11743,55937,140650,91.1,74.8,56.5,42.7,67,90.6,0.97,77.5,7.4,3.58,5.04,95.3,128,92,19173
2024-11-23,App_B,Apple TV,Jio,Cloudflare,Region,Live Sports/Events,1.14,2.84,1.47,0.55,0.79,1.62,6.99,1.1,5825,30.8,9703,46171,116402,88.7,74.3,55.8,45.1,64.9,92.9,0.98,82.5,7.1,3.66,5.61,95.3,167,95,12182
2024-11-24,App_A,Desktop Web,Verizon,Akamai,Country,Live Sports/Events,1.13,3.36,1.06,0.6,1.02,1.85,6.32,1.03,5716,29.8,11725,56497,144173,86.5,72.9,61.1,42.9,61.2,89.5,1.08,83.1,6.8,4.15,5.16,94.8,156,92,16832
2024-11-24,App_B,FireTV,Cellular 5G,Fastly,Metro,Live Sports/Events,1.32,3.21,1.37,0.42,1.01,1.67,6.31,1.35,5591,30.9,9026,43272,96591,86.6,76.5,54.4,39.8,66.3,94.5,1.22,77,5.7,4.38,5.72,93.7,144,120,15201
2024-11-25,App_A,Desktop Web,Cellular 4G,Fastly,Metro,Live Sports/Events,1.28,2.73,1.15,0.49,0.77,1.67,7.18,1.32,7526,33.3,12601,60877,143369,89.1,74.8,55.8,40.6,64.5,91.7,1,83.5,7.4,4.13,5.18,94.7,122,92,17831
2024-11-25,App_B,iOS,Wi-Fi,Akamai,Country,VOD Series,1.35,3.42,1.11,0.55,0.92,1.82,5.73,1.07,5480,31.7,9755,46933,124181,91.6,75.7,58.1,43.9,61.2,95.4,0.92,77.2,6.8,4.12,4.8,94.6,171,104,11822
2024-11-26,App_A,FireTV,Wi-Fi,Akamai,Country,FAST linear,1.08,3.23,1.45,0.44,0.82,1.71,6.93,1.33,5692,33.3,10785,51308,131051,86.7,71.9,55.8,41,67.4,89.4,1.16,80,6.1,3.5,5.54,95.1,138,101,13985
2024-11-26,App_B,Android,Wi-Fi,Akamai,Metro,FAST linear,1.28,2.7,1.17,0.52,0.86,1.52,6.21,1.2,5373,30.4,9139,44189,94850,88.4,72,59.9,41.5,67.4,94.8,1.02,78,5.6,4.09,5.78,93.4,176,118,13201
2024-11-27,App_A,Desktop Web,Jio,Akamai,Country,VOD Series,1.19,3.02,1.13,0.49,0.96,1.5,7.04,1.37,6851,30.6,11587,55636,132200,88.8,74.3,60.7,44.7,68.4,88.7,1,77,6,3.72,5.64,93.8,126,119,20639
2024-11-27,App_B,iOS,Wi-Fi,Akamai,Metro,VOD Movies,1.01,2.78,0.99,0.62,0.81,1.5,6.05,1.4,6307,29.4,10413,49881,107697,88.2,74.7,55.5,43.2,61,92.3,0.85,78.8,7.3,4.28,5.33,96,165,124,15550
2024-11-28,App_A,Tizen,Cellular 5G,AWS CloudFront,Country,FAST linear,1.12,2.67,1.18,0.47,1.07,1.55,6.35,1.42,6342,33.4,11029,52650,116021,88.6,73.9,58.6,40.6,61.2,91.3,0.84,80.9,5.5,4.4,5.24,93.3,160,112,18472
2024-11-28,App_B,Desktop Web,Comcast Xfinity,Cloudflare,Metro,VOD Series,1.02,3.17,1.44,0.47,0.78,1.83,6.92,1.2,4824,28.4,9372,44763,98069,86.9,73.5,59.2,40.9,63.4,90,1.18,81.1,6.2,4.38,5.65,94.1,139,100,15456
2024-11-29,App_A,Android,T-Mobile,Fastly,Region,VOD Series,1.06,2.63,0.99,0.56,0.72,1.51,6.95,0.98,7316,30.7,11645,55377,147997,86.8,72.9,54.4,44.2,67.3,91.9,0.85,76.4,6.3,4.08,4.92,95.5,122,109,20886
2024-11-29,App_B,Apple TV,Comcast Xfinity,AWS CloudFront,Region,VOD Movies,1.15,3.32,1.26,0.42,0.83,1.52,6.14,1.04,5778,27.9,10218,49347,106881,90.1,72.6,58.7,43.2,62,93.4,0.88,78.2,6.5,4.06,4.85,93.4,142,95,12435
2024-11-30,App_A,iOS,T-Mobile,Fastly,Country,Live Sports/Events,1.33,3.1,1.16,0.59,1.04,1.33,5.91,1.4,7659,29.7,12665,60960,151961,87.4,70.4,55.7,43.4,63.8,92,0.96,83.7,7.1,4.2,5.15,93.4,144,88,17470
2024-11-30,App_B,Android TV,Broadband,AWS CloudFront,Country,VOD Series,1.2,3.14,1.26,0.54,0.98,1.35,6.22,1.12,5399,33.9,10603,51398,116874,89.1,76.8,59.8,45.5,63.1,93.4,1.22,80.2,7,3.83,4.93,93,132,108,17548
2024-12-01,App_A,Android,Cellular 4G,AWS CloudFront,Region,VOD Movies,1.14,2.68,1.4,0.43,0.88,1.69,7.09,1.38,6483,29,12436,59993,132089,85.5,72.3,57.2,45.6,63.3,93.1,1,77,5.9,3.63,5.28,93.2,144,119,19472
2024-12-01,App_B,iOS,Cellular 4G,Cloudflare,Metro,FAST linear,1.23,3.21,1.06,0.61,1.07,1.33,6.4,1.35,5182,33.4,9701,46700,122361,88.6,70.8,56.8,43.6,62.7,93.4,1.2,80.5,6.9,4.38,5.73,93.3,123,109,16409
2024-12-02,App_A,Android,Comcast Xfinity,AWS CloudFront,Region,Live Sports/Events,1.29,2.76,1.18,0.49,0.86,1.43,6.42,1.01,6545,28.1,11716,56073,122224,89.5,71,57.6,42.6,68.4,91.6,0.89,79.7,6.3,4.15,5.28,94.4,146,97,18724
2024-12-02,App_B,FireTV,AT&T,Cloudflare,Metro,VOD Series,1.25,3.34,1.09,0.42,1.06,1.27,6.59,1.23,6190,32.6,10508,50387,134388,87.7,71.5,60.4,43.2,67.2,91.1,1.13,76.3,6.6,3.64,5,94.2,165,88,13032
2024-12-03,App_A,Desktop Web,Cellular 5G,AWS CloudFront,Country,FAST linear,1.1,3.06,1.26,0.47,1.05,1.86,7.1,0.99,6581,29.3,11093,53522,143215,91.8,71.5,60.2,45.7,61,90.1,1.11,84.1,5.7,4.33,5.05,94.3,145,113,13640
2024-12-03,App_B,WebOS,AT&T,Akamai,Region,VOD Movies,1.22,2.94,1.46,0.53,0.88,1.58,6.16,1.11,6135,33,9647,45942,96587,90.5,69.9,58.4,41.3,61.1,93.8,1.15,77.2,5.6,3.75,5.57,94.4,160,122,14269
2024-12-04,App_A,WebOS,T-Mobile,Akamai,Region,FAST linear,1.08,2.97,1.23,0.6,0.82,1.29,6.62,1.26,7296,29.8,12773,61188,134302,88.4,77,56.3,44.8,61.3,89.8,1.04,78.6,7.4,4.23,5.25,95.9,136,99,21442
2024-12-04,App_B,Android,Broadband,Fastly,Metro,VOD Movies,1.07,2.7,0.99,0.59,1.07,1.36,6.21,1.02,5829,31.3,10535,50240,126384,87.7,71.2,54.6,41.6,66.3,93.5,1.08,77.7,5.9,4.31,4.92,93.4,158,103,14965
2024-12-05,App_A,WebOS,Broadband,Fastly,Country,VOD Series,1.32,3.33,1.03,0.48,0.92,1.76,6.95,1.01,7326,31.6,12647,61266,148452,91.9,69.8,56.1,40.7,65.5,92.7,1.19,76.6,7.1,4.07,5.67,94.6,173,97,17935
2024-12-05,App_B,Tizen,Comcast Xfinity,Akamai,Region,VOD Series,1.33,2.6,1.06,0.52,0.89,1.48,6.55,1.33,6250,32.1,10742,51783,119060,91.6,71.2,59.7,41.6,66.4,91.9,0.87,82.7,7.5,3.98,5.36,95,168,90,17587
2024-12-06,App_A,Desktop Web,Wi-Fi,Cloudflare,Metro,FAST linear,1.06,3.09,1.36,0.41,0.96,1.83,5.8,1.28,6614,28.9,12749,61282,128495,89.7,70.5,57,45.4,61,90.6,0.91,80.9,7.1,4.31,5.19,94.4,164,106,22862
2024-12-06,App_B,iOS,Broadband,Akamai,Region,VOD Movies,1.02,2.69,1.41,0.54,0.8,1.46,7.01,1.11,5419,31,10652,51160,107149,86.9,70.2,58,45.7,66.1,92.6,1.17,78.6,6.8,3.7,4.85,95.9,156,113,15527
2024-12-07,App_A,FireTV,Broadband,Akamai,Region,FAST linear,1,2.84,1.25,0.48,0.93,1.57,5.91,1.06,7807,32.7,11696,56485,143146,91.5,74.9,56.1,40.8,64.7,90.6,1.05,83.6,6.4,4.27,5.61,94.7,161,106,19204
2024-12-07,App_B,WebOS,Comcast Xfinity,Cloudflare,Country,FAST linear,1.24,3.23,0.99,0.56,0.87,1.34,6.97,1.2,5080,32.4,10147,48835,125479,89.4,73.8,60.3,40,62.7,90.4,1.16,82.4,5.7,3.94,5.01,95.2,153,124,13290
2024-12-08,App_A,Tizen,Verizon,Cloudflare,Metro,Live Sports/Events,1.27,2.93,1.03,0.46,0.81,1.63,7.05,1.43,6256,33.6,12696,60761,159426,85.5,70.3,55.1,45,61,89.6,0.85,77.7,6.3,4.29,4.83,93.9,140,97,17979
2024-12-08,App_B,iOS,Comcast Xfinity,Akamai,Country,VOD Movies,1.17,3.02,0.99,0.56,1,1.78,6.99,0.98,6190,33.1,10521,50169,105253,90.2,74.7,60.4,42.4,64.9,90.6,0.98,78.3,6.2,4.1,5.75,92.9,153,110,12652
2024-12-09,App_A,FireTV,Comcast Xfinity,Akamai,Region,FAST linear,1.27,3.35,1.06,0.6,0.72,1.72,7,1.32,7729,29.1,12925,62250,133092,86.6,71,57.8,42.6,68.3,88.4,1.1,79.9,5.5,3.63,4.84,95.1,126,97,19257
2024-12-09,App_B,WebOS,Cellular 5G,Cloudflare,Country,VOD Series,1.07,3.3,1.33,0.55,0.76,1.3,5.92,1.08,5733,29.6,10249,49297,119652,88.1,75.1,60.7,43.2,63.6,92.2,1.06,79.7,6.3,3.72,5.87,95,126,90,13296
2024-12-10,App_A,Desktop Web,Airtel,Akamai,Metro,VOD Series,1.07,2.92,1.18,0.61,1.02,1.55,6,1.35,7961,32.9,11549,55224,116354,87.6,71.7,58.1,45.6,61,94.7,1.21,80.1,5.9,4.28,5.66,96.1,122,94,19380
2024-12-10,App_B,Desktop Web,Cellular 5G,Cloudflare,Region,FAST linear,1.05,3.36,1.36,0.49,1.05,1.42,5.93,1.29,6331,32.9,10751,51245,134975,89.5,74,59.6,43.3,64.5,94.4,1.12,81.3,5.8,3.76,5.35,95.8,163,110,14783
2024-12-11,App_A,Apple TV,Cellular 5G,Fastly,Metro,Live Sports/Events,1.26,3.08,1.4,0.59,0.96,1.59,5.8,1.44,6765,31.2,12268,58830,130751,86.5,73.5,60.4,41.1,65.8,88.6,1.02,79.3,6.6,4.15,5.16,95.1,137,98,17477
2024-12-11,App_B,Apple TV,T-Mobile,Fastly,Metro,FAST linear,1.25,2.69,1.42,0.55,0.9,1.35,7,1.27,5161,32.5,10614,51455,128021,86.1,69.8,60.6,40.6,65,88.7,1.21,81.1,6.8,4.29,5.59,93.7,153,120,15136
2024-12-12,App_A,iOS,Airtel,Cloudflare,Country,FAST linear,1.19,3.12,1.4,0.49,1.04,1.48,6.49,1.32,6431,32.7,12312,58997,125808,90.5,71.7,55.7,41.2,63.6,90.5,1.03,78,6.4,4.03,5.19,92.8,162,109,20939
2024-12-12,App_B,Android,Jio,AWS CloudFront,Metro,VOD Series,1.15,3.29,1.4,0.59,0.89,1.26,6.33,1.07,5184,34.8,11052,53218,129117,87.6,70.2,57.2,45.8,65.3,90.2,1.2,83.8,5.8,3.53,5.8,96.2,132,88,19357
2024-12-13,App_A,Desktop Web,Cellular 4G,Cloudflare,Country,Live Sports/Events,1.27,3.02,0.96,0.48,0.75,1.28,6.25,1.21,7704,30.2,12820,61624,141717,88.2,70.9,54.5,43.9,61.9,95,1.08,81.1,6.6,3.96,5.36,94.8,155,86,22244
2024-12-13,App_B,Android TV,Verizon,Akamai,Country,VOD Movies,1.01,2.81,1.42,0.53,0.89,1.86,7.09,1.12,5054,30.6,10332,49167,133833,90.3,73.2,58.9,42.6,62.8,91.2,0.85,76.6,6.2,4.43,4.83,96.2,166,108,14739
2024-12-14,App_A,Apple TV,T-Mobile,Fastly,Metro,FAST linear,1.14,3.24,1.39,0.5,0.84,1.31,6.31,1.06,7759,35,12723,60476,161881,88.2,75.4,60.9,43.3,64.7,93.8,1.06,83.5,6,3.73,5.07,94.8,146,103,17706
2024-12-14,App_B,WebOS,Jio,Fastly,Country,FAST linear,1.34,3.26,1.26,0.47,0.74,1.36,6.8,1.35,5536,33.8,11138,53158,122619,90.5,72.7,54.7,45.6,63.9,95.1,1.01,78,6.2,3.89,5.32,95.2,137,119,17721
2024-12-15,App_A,Android,Cellular 5G,Cloudflare,Metro,VOD Movies,1.28,3.18,1.4,0.41,0.95,1.64,6.59,1.1,7801,31.7,11827,56370,129497,85.4,70.8,58.7,43.5,61.9,93.9,1.07,80.5,6.8,3.81,4.92,95.8,127,119,16517
2024-12-15,App_B,FireTV,Wi-Fi,Fastly,Country,VOD Series,1.34,3.03,1.26,0.48,0.77,1.63,6.62,1.2,5220,33.7,9865,46883,122095,85.9,72.1,57.9,40.3,67.7,90.7,1.22,79.5,6.8,3.74,5.07,92.6,167,95,14472
2024-12-16,App_A,Apple TV,Cellular 5G,Akamai,Metro,VOD Movies,1.26,2.51,1.17,0.48,0.74,1.75,5.78,1.31,7663,34.4,11869,57468,150356,85.8,76.1,54.5,42,68.1,89.7,0.82,79.3,6.4,4.1,5.73,93,123,100,19585
2024-12-16,App_B,Android TV,Broadband,Akamai,Region,Live Sports/Events,1.08,3.07,1.33,0.53,0.83,1.3,6.64,1.1,6538,34.8,11337,54378,139075,91.1,73.2,58.2,44.9,65.8,89.6,1.1,82.8,7.2,4.09,5.83,93,133,116,19497
2024-12-17,App_A,Android TV,Airtel,AWS CloudFront,Region,VOD Series,1.27,3.15,1.06,0.5,0.78,1.67,6.5,1.22,6414,35.3,12625,60402,150316,86.1,75.7,54.8,45.6,62.8,93.6,0.86,80.4,6.4,4.2,5.25,94.7,148,120,18606
2024-12-17,App_B,FireTV,Broadband,Fastly,Country,VOD Series,1.2,3.04,1.31,0.58,0.86,1.51,5.91,1.46,5411,31.4,11067,53490,135366,89.3,71.2,55.1,40.5,66.7,94.3,0.95,77.7,5.9,3.74,5.04,92.8,166,123,17802
2024-12-18,App_A,Android TV,T-Mobile,Fastly,Country,VOD Series,1.15,3.17,1.2,0.57,0.87,1.74,7.18,1.17,7323,34.5,13253,63335,171581,92.1,72.1,58.1,40.1,61.4,94.7,1.05,77.3,7.4,4.27,5.07,95.2,131,93,20402
2024-12-18,App_B,Android,Comcast Xfinity,Akamai,Metro,VOD Movies,1.01,3.05,1.01,0.51,0.99,1.26,6.48,1.07,5555,36.3,10630,50991,135771,90.2,73.2,57.8,42.7,63.3,94.7,1.12,80,6.6,4.23,5.48,93.8,146,105,16060
2024-12-19,App_A,Tizen,Cellular 5G,AWS CloudFront,Region,Live Sports/Events,1.22,3.12,1.1,0.43,1.01,1.49,6.96,1.07,6718,36.1,13017,62836,164137,90.8,75.4,58.5,42.2,68.7,90.7,1.08,81.3,5.8,3.78,5.22,93.4,129,111,22109
2024-12-19,App_B,Desktop Web,Airtel,Cloudflare,Country,VOD Series,1.31,3.02,1.04,0.47,0.86,1.26,6.93,1.21,6033,34.4,10474,50731,131767,90.1,76.3,59.2,40.2,63.4,95.4,1.17,80.1,6.4,3.67,5.86,94.6,159,103,16126
2024-12-20,App_A,Desktop Web,Cellular 4G,Cloudflare,Region,VOD Movies,1.26,2.8,1.14,0.45,0.71,1.81,6.07,1.09,8171,35.1,12253,58904,125769,86.1,77,57.1,40.9,61.5,93.2,0.97,81.8,6,3.64,5,94.5,127,113,16355
2024-12-20,App_B,Android TV,Cellular 5G,Cloudflare,Region,Live Sports/Events,1.03,2.79,1.14,0.51,0.97,1.46,6.61,1.02,6541,32.3,10621,50980,133037,90.2,74.3,56.8,45.8,63.5,94.7,1.02,77.2,7.5,3.63,5.59,95.4,138,122,13609
2024-12-21,App_A,Apple TV,AT&T,Fastly,Region,FAST linear,1.27,2.83,1.2,0.58,1.03,1.64,6.9,1.14,7606,33.5,13341,63880,152671,87.1,73.4,55.5,43.4,62.5,90.4,0.87,79.9,5.7,3.77,5.03,94.7,122,92,23845
2024-12-21,App_B,Tizen,Broadband,Akamai,Country,FAST linear,1.28,2.57,1.07,0.46,0.97,1.57,7.12,1.19,6458,30.5,10665,51542,114559,86.6,70.9,59.1,44.5,61.1,89.4,0.97,83.6,5.5,3.97,5.08,94.5,142,95,17028
2024-12-22,App_A,Apple TV,AT&T,Fastly,Metro,VOD Movies,1.03,2.83,1.31,0.56,0.74,1.51,6.08,1.39,7420,33.7,12981,62376,159279,85.8,75.3,57.6,40.5,62.4,88.4,0.97,82,5.6,3.7,5.44,94.4,165,116,16460
2024-12-22,App_B,WebOS,Cellular 4G,Fastly,Country,FAST linear,1.1,2.59,1.36,0.55,0.8,1.71,6.34,1.16,5267,36.2,10380,49559,112801,85.3,73.9,58.5,45.9,63.4,91.5,1.15,79.8,6.2,4.19,4.84,95.1,131,106,13403
2024-12-23,App_A,FireTV,Cellular 5G,Cloudflare,Metro,Live Sports/Events,1.01,2.96,1.11,0.45,1.05,1.33,6.03,1.15,7141,30.9,13587,65531,170583,90.1,72,55.5,44,66.3,95.4,0.97,76.7,6.2,4.02,5.33,93.8,122,91,21586
2024-12-23,App_B,Android,Jio,Cloudflare,Country,Live Sports/Events,1.23,3.2,1.11,0.57,0.86,1.39,7.26,1.26,5904,34.8,11255,54087,120496,91,75.3,61.1,43.1,66.3,94.5,0.87,78.5,7.5,4.15,5.48,94.4,147,89,17946
2024-12-24,App_A,WebOS,Broadband,Akamai,Country,Live Sports/Events,1.01,3.32,1.01,0.5,0.94,1.38,7.13,1.33,7405,35.9,12703,61113,141791,89.8,74.2,55.6,44.4,66.8,95.4,0.97,81.5,6.7,3.71,5.38,94.3,169,95,19984
2024-12-24,App_B,Apple TV,Jio,Akamai,Region,Live Sports/Events,1.07,3.29,1.15,0.43,0.73,1.82,5.81,1.12,6807,30.8,10750,52097,120076,88.9,71.2,55.4,41.5,64.5,94.3,1.2,76.8,7.1,4.27,5.04,93.9,121,87,13347
2024-12-25,App_A,Android TV,Cellular 5G,Akamai,Country,VOD Movies,1.04,3.19,1.24,0.59,0.93,1.62,6.42,1.28,6976,35.2,14065,66998,174386,86.5,76.6,58.8,43.3,67.7,91.3,0.83,76.6,6.5,4.12,5.39,94.3,136,88,20876
2024-12-25,App_B,Android TV,Jio,Cloudflare,Region,FAST linear,1.03,3.23,1.27,0.52,0.83,1.48,7.17,1.39,7035,31.5,11180,54099,134607,90.8,75.3,57.7,45.1,67,94.4,1.05,78.3,6.3,3.5,5.23,92.6,161,109,19219
2024-12-26,App_A,Apple TV,Airtel,Cloudflare,Country,Live Sports/Events,1.07,2.99,1.31,0.47,0.71,1.61,6.34,1.37,7877,36.3,13432,64419,145612,91.8,72.4,57.2,43,68.6,94,0.95,78.1,6.8,4.25,5.72,93.5,169,120,18581
2024-12-26,App_B,FireTV,AT&T,Akamai,Metro,VOD Movies,1.19,3.3,1.06,0.48,0.78,1.5,7.21,1.42,6038,32.3,10760,52097,138802,89.4,74.1,61,43.5,63.8,89.7,1.19,76.6,6.2,3.89,5.81,93.4,136,123,14109
2024-12-27,App_A,Tizen,T-Mobile,AWS CloudFront,Country,Live Sports/Events,1.24,2.48,1.29,0.43,0.81,1.62,6.61,1.27,7818,31.1,12630,60761,162255,92.1,69.9,60.1,40.6,63.5,93.3,0.99,83.3,6.6,4.37,4.97,94,127,109,22427
2024-12-27,App_B,Android TV,Wi-Fi,Fastly,Country,VOD Movies,1.25,3.09,1.43,0.58,1.07,1.63,6.52,1.26,6614,34.9,11149,53100,128179,89.1,73.4,55.6,41.7,64.1,95.5,1.17,83.7,6.8,3.64,5.38,92.7,157,124,17000
2024-12-28,App_A,Tizen,AT&T,Cloudflare,Metro,Live Sports/Events,0.98,3.19,0.97,0.48,0.79,1.25,6.4,1.18,7073,31.3,12521,60570,153521,90.4,71,56.8,45.6,64.3,89.7,1.21,80.6,7.4,3.86,5.16,94.7,139,100,18265
2024-12-28,App_B,Tizen,Cellular 4G,AWS CloudFront,Region,FAST linear,1.18,2.8,1.06,0.42,1.01,1.36,6.11,1.29,6323,35.2,11855,56813,130408,86.3,72.9,56.8,43.1,63.1,90.1,1.19,78.9,6.9,3.99,5.87,93.8,156,119,14438
2024-12-29,App_A,WebOS,T-Mobile,AWS CloudFront,Region,VOD Series,1.28,3.15,1.32,0.45,0.91,1.83,6.04,1.3,7103,37.5,13855,66950,148550,87.3,72.1,60.5,43.4,64.9,89.2,0.94,80.2,6.3,4,5.15,95.1,121,104,22938
2024-12-29,App_B,WebOS,T-Mobile,AWS CloudFront,Region,VOD Movies,1.09,2.69,1.24,0.58,0.8,1.6,7.04,1.27,6487,35.4,11265,53679,126037,85.5,71.2,57.1,43.8,67.1,94.1,1.12,79.1,5.6,4.39,5.01,95.6,134,113,19118
2024-12-30,App_A,Desktop Web,Jio,Fastly,Country,VOD Series,1.31,2.54,1.34,0.44,0.86,1.42,6.03,1.41,7891,36.9,12917,62206,158156,86.1,75.1,54.6,45.6,67.1,92.8,0.9,79.8,6,4.31,5.81,95.8,148,108,22672
2024-12-30,App_B,Android,Verizon,Fastly,Metro,Live Sports/Events,1.2,2.89,1.09,0.41,0.74,1.39,6.9,1.25,6476,32.1,10821,51898,111232,90,70.6,59.6,42.9,67.1,93.2,0.97,83.5,6.3,3.62,4.96,96.1,153,94,16304
2024-12-31,App_A,iOS,Comcast Xfinity,Cloudflare,Country,Live Sports/Events,1.29,2.68,1.11,0.43,0.78,1.4,6.17,1.1,6972,37.7,13414,64206,140840,88.8,73.8,57.4,43.9,63.6,93.2,1.12,76.6,6.7,3.49,5.42,94.1,130,110,17863
2024-12-31,App_B,iOS,Cellular 5G,Fastly,Region,Live Sports/Events,1.21,3.16,1.35,0.55,0.76,1.48,6.65,1.29,6323,34.1,10916,52745,136491,89,70.2,56.8,41.7,64.5,93.3,1.15,78.3,6,4.4,5.18,96.2,146,95,14334
2025-01-01,App_A,FireTV,Wi-Fi,Fastly,Region,FAST linear,1.07,2.87,1.4,0.4,0.92,1.81,7.27,0.95,7274,33.3,12736,60735,138438,85.7,72,55.6,44.9,61.9,94.6,0.81,78.1,7.1,4.03,5.56,95.1,149,104,19319
2025-01-01,App_B,Android,Jio,AWS CloudFront,Country,VOD Series,1.17,3.22,1.24,0.57,1.01,1.43,6.74,1.13,6078,38.4,11953,57720,136847,90.6,71.6,61.1,44.8,63.8,91.6,1.2,79.9,6.6,4.01,5.03,92.6,147,96,16839
2025-01-02,App_A,WebOS,AT&T,Akamai,Metro,VOD Movies,1.27,2.69,1.11,0.55,0.95,1.36,5.9,1.1,8596,37,13770,65538,177239,86.6,72.8,54.6,42,65.7,89,1.1,80.7,5.5,3.65,5.88,94.1,156,121,23771
2025-01-02,App_B,Android,Cellular 5G,AWS CloudFront,Region,VOD Movies,1.12,3.14,1.18,0.49,1.01,1.86,7.31,1.36,5476,34,10674,51133,111878,87.2,73.9,54.7,42.2,66.6,94.8,1.14,77.5,6.2,4.2,5.12,95.4,126,97,16496
2025-01-03,App_A,iOS,Comcast Xfinity,AWS CloudFront,Country,VOD Series,1.26,3,1.41,0.49,0.91,1.78,5.97,1.41,7337,34.9,12881,61462,138889,87.5,76.7,55.9,45.8,65.5,94,1,77.1,6.3,4.25,5.68,93,126,121,17280
2025-01-03,App_B,Android,Comcast Xfinity,Akamai,Region,Live Sports/Events,1.19,2.75,1.43,0.58,0.8,1.46,6.65,1.43,7351,38.8,12064,57900,135010,88.5,73.4,58.3,41.2,62.8,90,0.95,79.3,5.5,3.82,5.02,94.2,170,88,21300
2025-01-04,App_A,Android,Verizon,Cloudflare,Metro,Live Sports/Events,1.31,2.83,1.19,0.41,1,1.37,6.15,1.41,8588,33.9,13487,65220,137937,88.5,72.3,61.3,45.1,62.9,92.8,1.01,83.8,6.7,4.15,5.39,93.2,163,101,21187
2025-01-04,App_B,WebOS,Wi-Fi,Fastly,Metro,VOD Series,1.21,2.7,1.07,0.52,0.96,1.54,6.5,1.44,6394,33.1,11066,53274,128117,90.1,76.9,56.5,43.3,67.1,89.2,0.9,78.6,7.3,3.66,5.76,94.2,171,97,19068
2025-01-05,App_A,Apple TV,Airtel,Fastly,Country,Live Sports/Events,1.26,3.04,1.29,0.58,0.77,1.78,7.27,1.05,6614,35.1,13183,62888,154374,88.7,72.7,56.7,45.6,66.4,91.7,0.94,79.9,6.4,4.33,4.99,93.7,146,87,22426
2025-01-05,App_B,Apple TV,Verizon,Fastly,Metro,FAST linear,1.24,3.2,0.97,0.42,0.96,1.66,7.03,1.27,5923,38,12176,57840,151120,89,72.1,59.7,42.7,67.9,91.3,1.07,78,6.1,3.58,5.5,93.9,157,94,15160
2025-01-06,App_A,Android TV,Airtel,Fastly,Metro,VOD Series,1.25,3.18,1.35,0.44,0.87,1.56,6.51,0.99,8898,38.1,12752,60731,161934,88.1,74.4,55.5,40.4,68.7,95.3,0.91,82.4,7.2,3.52,5.74,93.2,154,116,17741
2025-01-06,App_B,Android TV,T-Mobile,Cloudflare,Region,VOD Series,1.08,3.18,1.18,0.59,0.76,1.62,7.08,1.12,5702,36.4,12158,58464,129822,86.5,76.6,55.2,42.5,63.2,94.1,0.96,77.6,7.3,3.75,5.04,93.6,143,103,17492
2025-01-07,App_A,Apple TV,Jio,Fastly,Metro,VOD Series,1.18,2.95,1.23,0.48,1.03,1.31,6.79,1.06,7620,35.9,13053,62896,147111,85.5,73.9,58.4,41.4,68.6,93.8,1.15,81.9,5.5,3.6,5.37,93,169,106,17212
2025-01-07,App_B,FireTV,Jio,Akamai,Metro,VOD Movies,1.27,3.26,1.28,0.49,0.73,1.79,6.1,1.17,6283,35.1,11576,55765,144855,87,73.5,60.3,41.4,66.8,93.3,0.88,77.7,5.8,3.82,5.35,92.7,141,96,16085
2025-01-08,App_A,Apple TV,Jio,Fastly,Country,VOD Movies,1.24,3.29,1.01,0.56,0.71,1.55,7.08,1.39,8280,35.1,14495,69998,154629,87.5,76.5,58.9,41.3,64.4,91.2,0.89,83.4,6.6,3.49,5.63,96.2,148,108,17598
2025-01-08,App_B,Android TV,Cellular 4G,Cloudflare,Region,VOD Series,1.24,2.6,1.24,0.52,0.9,1.43,6.23,0.98,7278,33.3,12372,59589,127797,89.2,75.5,59.4,44,62.9,91.6,0.89,77,6.8,3.64,5.54,93.4,149,99,18879
2025-01-09,App_A,FireTV,Broadband,Akamai,Country,VOD Series,1.02,2.47,1.38,0.59,0.77,1.51,6.7,1.04,8970,35.7,13064,62662,152332,89.4,71.9,58.9,44.1,68.3,95.4,1.1,77,5.5,4.19,4.91,94,129,97,21362
2025-01-09,App_B,Desktop Web,AT&T,Akamai,Region,VOD Movies,1.23,2.94,1.12,0.48,0.93,1.78,7.12,1.08,6814,37.4,11782,57092,118632,85.4,76.7,60.5,43.3,67.5,89.6,1.12,83.1,7,3.53,5.68,94.9,164,118,16193
2025-01-10,App_A,WebOS,Jio,Akamai,Country,FAST linear,1.19,2.87,1.4,0.56,0.74,1.24,6.71,1.09,7354,36.7,14886,71832,157873,89.9,70,56,41,61.2,93.9,0.81,76.9,6.9,4.12,5.43,95.6,148,112,19895
2025-01-10,App_B,Tizen,Jio,Akamai,Country,FAST linear,1.29,2.66,1.39,0.47,0.92,1.49,6.11,0.96,6283,40.2,11680,56457,147336,86,72.6,56.8,45.5,65.9,91.1,0.96,81.3,6.1,3.69,5.93,95.9,124,89,15853
2025-01-11,App_A,FireTV,AT&T,AWS CloudFront,Country,VOD Series,1.11,2.81,1.29,0.44,0.8,1.55,6.89,1.37,7385,40,14836,70765,161526,89.3,74.9,54.8,44.5,64.2,89.8,0.89,82.7,6.2,3.46,5.15,94.1,149,91,19324
2025-01-11,App_B,WebOS,AT&T,Akamai,Country,VOD Series,1.02,2.85,0.96,0.59,1.04,1.68,6.53,1.02,6257,35.3,11401,54619,123916,89.9,72.9,61.1,44.8,61.8,90.4,1.01,79.8,7.2,4.27,5.66,94.9,132,98,17175
2025-01-12,App_A,Android TV,Verizon,Fastly,Country,FAST linear,1.02,2.73,1.11,0.54,0.73,1.32,6.91,1.27,8970,36.2,13154,62641,157131,91.2,73,55.8,45,66.8,93.2,1.07,78.1,5.8,4.22,5.21,92.7,155,117,20116
2025-01-12,App_B,FireTV,Broadband,Akamai,Country,VOD Movies,1.15,3.14,1.13,0.56,0.93,1.76,6.18,1.09,7246,36.4,11230,54246,140005,91.4,73.1,55.5,41.8,66.3,92,0.92,81.3,6.8,3.87,5.15,95.8,121,107,17031
2025-01-13,App_A,Desktop Web,Cellular 5G,Cloudflare,Country,VOD Movies,0.98,2.93,1.19,0.54,1.04,1.52,6.57,1.32,7458,39.6,14443,68717,180629,89.7,76.7,61.3,40.4,67.1,88.9,0.82,83.3,6.7,3.51,5.6,95.3,127,120,18772
2025-01-13,App_B,FireTV,Comcast Xfinity,Cloudflare,Metro,Live Sports/Events,1.19,2.73,1.04,0.47,0.85,1.69,6.24,1.15,7220,40,12316,59277,141381,90,70.3,57.2,44.3,61.7,93.6,1.15,80.3,5.6,3.65,5.09,93.9,152,86,15985
2025-01-14,App_A,Android,AT&T,AWS CloudFront,Region,FAST linear,1.09,2.78,1.41,0.43,0.7,1.65,6.14,1.28,6933,40.5,15094,72378,157631,88,75.5,58.4,40.6,65.6,94.7,1.16,81.7,6,3.57,5.02,94.5,136,115,23596
2025-01-14,App_B,Android TV,Cellular 5G,Fastly,Metro,VOD Series,1.23,2.51,1.11,0.52,0.73,1.77,6.57,1.08,5921,36.6,12687,61346,156790,89.1,70.9,54.8,44.9,68.4,91.1,1.13,77.7,6.9,4.16,5.73,96,145,122,15703
2025-01-15,App_A,FireTV,Cellular 5G,AWS CloudFront,Region,Live Sports/Events,1.22,3.32,1.27,0.46,0.93,1.77,6,1.13,8058,40.2,14834,71258,192562,85.4,71.4,59.1,43.7,68.5,88.9,0.86,83.4,6.6,3.58,5.67,95.2,123,110,24720
2025-01-15,App_B,FireTV,Wi-Fi,Fastly,Country,VOD Series,1.09,3.13,1.01,0.51,0.99,1.48,7.25,1.29,6699,34.4,11947,56896,133693,86.5,76.6,58.6,46.1,64,92.1,1.08,78,7,4.23,5.78,94.4,123,93,16593
2025-01-16,App_A,Apple TV,Wi-Fi,AWS CloudFront,Metro,FAST linear,1.1,2.62,1.11,0.48,0.92,1.35,6.02,1.23,8703,38.4,15007,72256,163707,90.3,70.3,58.7,44.5,64,93.2,1.13,76.8,6.2,4.15,5.38,93.7,121,86,24015
2025-01-16,App_B,Android TV,Jio,AWS CloudFront,Country,VOD Series,1,2.65,1.2,0.53,0.71,1.25,6.17,1.15,6217,39,12784,60875,156666,86.6,75.2,60.5,44.5,66.3,93,0.96,80.8,7.3,3.77,5.65,95.6,122,99,20325
2025-01-17,App_A,WebOS,T-Mobile,AWS CloudFront,Metro,FAST linear,1.15,3.14,1.08,0.49,0.91,1.49,7.03,1.32,8245,39.7,13667,64962,142891,89.7,71.1,59.4,45.2,65.5,90,0.89,80.5,6,4.28,5.24,94.1,159,121,20129
2025-01-17,App_B,iOS,Cellular 5G,AWS CloudFront,Country,FAST linear,1.09,2.69,1.23,0.51,0.86,1.37,6.73,1.07,7002,37.6,11818,57132,123014,91.8,74.1,58.5,46.1,67.1,88.9,1.1,84.5,7.4,3.91,5.57,93.5,129,103,14286
2025-01-18,App_A,Android TV,Cellular 4G,Cloudflare,Country,VOD Movies,1.13,2.62,1.11,0.5,0.81,1.51,6.77,1.02,8436,37,13798,66463,166372,89,77.1,61,42.4,68.2,95.2,0.93,79.1,6.8,3.9,5.7,94.5,157,118,23600
2025-01-18,App_B,WebOS,Wi-Fi,Fastly,Country,VOD Series,1.19,3.3,1.01,0.42,0.75,1.45,5.88,1.01,7794,37.2,12162,58867,148258,87.2,73.5,60.7,45,68,94.2,0.9,81.8,6.5,3.9,5.49,94.8,163,100,14913
2025-01-19,App_A,Android,Comcast Xfinity,Cloudflare,Country,VOD Movies,1.27,2.67,1.04,0.5,0.94,1.38,6.25,0.98,8173,37.2,14683,70381,156336,85.9,77.2,57.7,41.4,67.5,92.1,1,84.4,6.3,3.67,5.02,96,132,84,23168
2025-01-19,App_B,Desktop Web,Verizon,Akamai,Country,VOD Series,1.11,2.54,1.14,0.6,0.73,1.24,6.81,1.37,6981,39,11641,56457,125851,85.6,74.4,58.9,43.3,68.8,90.3,0.89,80.4,5.8,3.5,5.4,96.3,144,111,18569
2025-01-20,App_A,Android TV,Wi-Fi,Cloudflare,Region,VOD Movies,1.19,3.14,1.23,0.57,0.75,1.59,6.15,1.24,8935,37.4,13798,66048,167490,89.5,70.6,57.1,42.5,68,91.3,1.08,82.6,6.6,3.67,5.51,92.9,118,116,20227
2025-01-20,App_B,Android TV,Cellular 4G,Cloudflare,Metro,Live Sports/Events,1.04,3.23,0.97,0.6,0.74,1.55,6.08,1.34,6467,41.6,11842,56703,152129,88.3,70.8,57.5,43.7,68.4,89.1,1.06,84,6.8,4.08,5.2,96.1,151,111,15437
2025-01-21,App_A,Android TV,Broadband,Fastly,Metro,VOD Movies,1.25,2.83,1.2,0.53,0.79,1.69,6.48,1.26,9428,41.5,14137,68482,162963,87.2,74.6,60.7,45.6,64.6,92.2,0.92,83.7,7.1,3.73,5.2,95.6,147,99,23607
2025-01-21,App_B,Android TV,Jio,Fastly,Metro,FAST linear,1.12,2.79,1.14,0.5,0.83,1.6,6.63,1.19,7832,35,12124,58178,143015,86.3,75.6,57.1,43.2,63.7,95,0.87,81.3,6.8,4.19,5.97,92.7,151,92,18964
2025-01-22,App_A,iOS,Airtel,Cloudflare,Country,VOD Series,1.1,2.93,1.26,0.53,0.95,1.29,6.5,1.04,8683,35.9,15309,74232,154532,89.3,74,60.7,45.7,62.3,90.6,1.13,77.9,7.1,3.66,5.38,92.9,124,104,26966
2025-01-22,App_B,WebOS,Airtel,Akamai,Country,FAST linear,0.99,3.35,0.97,0.43,0.89,1.49,6.09,1.06,6045,35.4,12986,62962,137624,90.2,71.1,57.5,44.8,61.7,95.2,0.88,81.3,5.9,3.83,5.67,93,137,117,22164
2025-01-23,App_A,Desktop Web,Cellular 5G,AWS CloudFront,Metro,VOD Series,1.26,3.14,1.32,0.5,0.7,1.24,6.45,1.08,8042,35.2,14876,71402,190355,92,71.4,55.8,42.1,65.1,92.6,0.85,76.6,6.5,4.03,5.43,93.1,143,112,21934
2025-01-23,App_B,Apple TV,Jio,Cloudflare,Region,VOD Movies,1.01,2.89,1.42,0.41,0.73,1.29,6.86,1.23,5964,34.9,13343,64381,162229,90.4,76.9,56.4,41.3,61.5,93.6,0.89,83.4,5.9,4.29,5.9,95.8,134,122,22513
2025-01-24,App_A,Apple TV,Jio,Fastly,Region,VOD Series,1.14,2.73,0.94,0.59,0.77,1.5,6.07,1.31,7449,42.2,14908,70901,170538,87.7,76.9,56.4,40.2,67.1,95.4,0.8,77.9,6.1,3.98,5.29,96.5,139,90,21310
2025-01-24,App_B,Tizen,Airtel,AWS CloudFront,Metro,Live Sports/Events,1.08,3.09,1.36,0.56,0.93,1.84,6.15,1.01,7940,38.7,13280,64147,164354,85.5,77.3,60.8,46.2,64.3,89.5,0.83,81.3,6.5,4.33,5.31,95,131,100,20833
2025-01-25,App_A,Apple TV,Jio,Fastly,Metro,VOD Movies,1,2.51,1.31,0.53,0.79,1.61,5.89,1.13,7744,37,13855,66403,176912,85.6,75.5,57.6,44.5,62,91.5,1.01,81.8,7.3,4.32,5.64,94.6,150,84,19057
2025-01-25,App_B,Android,Cellular 5G,Akamai,Metro,Live Sports/Events,1.28,3.01,1.02,0.44,0.75,1.43,7.33,0.96,6997,42.2,12467,59386,124723,89.9,77.1,57.8,42.6,69.3,95.2,1.19,83,6,3.62,5.5,96.2,130,85,17129
2025-01-26,App_A,WebOS,Airtel,Fastly,Metro,VOD Movies,0.99,2.64,1.37,0.54,0.95,1.5,6.75,1.22,9251,39.6,16028,76968,193194,86.7,75.1,58.6,41.8,62.2,95.9,1.1,79.8,7.3,3.92,5.4,93,154,93,20096
2025-01-26,App_B,FireTV,Airtel,AWS CloudFront,Metro,VOD Series,1.27,2.56,1.2,0.52,0.72,1.29,7.09,1.32,6858,42.5,13029,62953,143554,86.7,73.7,58.9,42.6,64,94.5,1.08,80.9,6.8,3.85,5.16,94.2,129,115,20440
2025-01-27,App_A,iOS,Comcast Xfinity,Fastly,Region,Live Sports/Events,1.1,2.5,1.03,0.49,0.8,1.62,6.38,1.28,7374,35,14525,69154,166861,90.7,74.8,60.7,41.6,67.2,95.9,0.83,77.9,6,3.68,5.86,93.8,136,94,25454
2025-01-27,App_B,Android,Wi-Fi,Cloudflare,Country,VOD Movies,1.32,3.24,1.3,0.57,0.98,1.51,6.5,1.07,7183,36.1,12913,62520,155475,92.2,71.3,57.9,42,66.1,92,0.86,81.4,7.2,3.77,5.41,93.7,152,98,21542
2025-01-28,App_A,Apple TV,Cellular 5G,Cloudflare,Country,VOD Movies,1.04,2.55,1.26,0.51,0.83,1.38,6.24,1.09,8908,36.8,15486,74075,200915,86.6,71.9,56,45.5,66.6,89.1,0.95,81,6,4.18,5.79,95.2,134,104,24132
2025-01-28,App_B,Tizen,Verizon,Akamai,Region,Live Sports/Events,1.08,3,1.33,0.43,0.82,1.78,6.59,1.42,8003,40.8,11955,57095,144590,86.7,71.9,60.3,40.6,69.1,91.3,1.19,80.4,7.3,3.58,4.99,96.4,160,105,20497
2025-01-29,App_A,iOS,T-Mobile,Akamai,Metro,Live Sports/Events,1.04,3.08,1.24,0.59,0.84,1.51,6.11,1.12,8198,38.3,14199,67744,173083,91.5,71.1,57.6,43.2,68.3,94.7,1.07,84,6.8,3.83,4.91,94.2,156,120,21408
2025-01-29,App_B,WebOS,AT&T,AWS CloudFront,Region,FAST linear,1.31,3.11,1.34,0.52,1.02,1.31,7.25,1.25,7849,35.6,13068,62584,134960,88.5,71.5,59.7,44.7,65,93.7,0.83,84.8,5.7,3.96,5.06,93.7,128,115,22780
2025-01-30,App_A,Android,T-Mobile,Akamai,Metro,Live Sports/Events,1.13,2.75,1.13,0.44,0.72,1.54,7.13,1,9097,40.3,15973,77463,186929,89.8,70.4,57.9,42,61.5,91.7,0.81,79.8,6.5,4.11,5.51,93.3,166,104,21348
2025-01-30,App_B,Desktop Web,Broadband,Cloudflare,Country,Live Sports/Events,1.26,3.28,1.27,0.41,1,1.73,6.41,1.34,7093,42.5,12694,60788,142034,85.7,76.5,60.3,44.9,64.1,92.2,1.04,82.6,5.5,3.47,4.96,95.2,121,115,19093
2025-01-31,App_A,Android TV,Airtel,Fastly,Metro,VOD Movies,1.27,2.97,1.32,0.58,0.99,1.23,5.85,1.34,7986,42.5,15437,73658,155030,91.8,74.8,58.5,41.9,68,92,1.02,81.4,6.7,4.05,5.08,95.7,153,110,22303
2025-01-31,App_B,iOS,Jio,AWS CloudFront,Metro,VOD Series,1.09,2.81,1.16,0.41,0.77,1.71,5.87,1.39,7875,40.6,12614,60732,137537,91.4,72.5,56.8,41.3,67.9,90.6,1.15,79.4,5.8,4.02,4.99,95,135,120,18773
2025-02-01,App_A,Android,AT&T,Fastly,Country,Live Sports/Events,1.16,3.27,1.21,0.48,0.9,1.64,6.85,0.96,9113,42.5,16212,77988,199554,86.6,71.2,57.9,42.9,64.5,90.7,0.96,84.5,6.9,3.83,5.06,96,147,98,23708
2025-02-01,App_B,Desktop Web,Jio,Akamai,Country,VOD Series,1.13,2.99,1.39,0.49,1.03,1.71,6.06,1.18,6134,39.9,12604,60873,152590,91.1,71.6,61.1,42.4,66.1,93.9,1.16,81,6.1,3.97,5.65,96.5,146,113,19350
2025-02-02,App_A,WebOS,Verizon,Akamai,Country,VOD Series,0.97,3.18,0.96,0.43,0.9,1.51,6.61,1.21,8743,40,14965,71383,193375,91.6,76.4,59.7,40.3,65.2,89,1.15,83.3,6.3,3.74,5.24,93.1,140,107,25927
2025-02-02,App_B,Android,Verizon,Fastly,Region,FAST linear,1.22,2.5,1.04,0.6,1.01,1.54,6.78,1.24,6336,35.7,12071,58054,121195,91.4,72.3,60.7,44.8,65.4,90.7,0.89,77.3,5.7,3.89,5.24,92.9,162,87,15397
2025-02-03,App_A,Android,AT&T,Akamai,Metro,Live Sports/Events,1.17,3.17,1.31,0.43,0.95,1.68,6.49,1.07,9589,41.8,15016,71944,182496,86,70.3,59.5,40.5,61.5,93,0.98,83.2,6,3.51,5.39,96.3,131,100,23900
2025-02-03,App_B,Tizen,Jio,AWS CloudFront,Country,FAST linear,1.25,2.78,1.11,0.54,0.98,1.27,7.36,1.29,6453,43.6,12442,60238,134812,87.6,73.3,59.3,40.6,68.2,94.1,1.17,82.1,6.5,3.93,5.75,92.7,159,106,20898
2025-02-04,App_A,Tizen,Verizon,Akamai,Country,VOD Movies,1.01,3.1,1.11,0.52,0.98,1.45,6.17,1.18,9229,41,14697,70785,155566,88.5,75.1,59.3,44.3,64.5,94.2,0.99,79.5,5.8,4.34,5.93,92.9,148,84,17973
2025-02-04,App_B,Tizen,Wi-Fi,AWS CloudFront,Region,Live Sports/Events,1.16,2.73,1.27,0.6,0.77,1.68,6.51,1.33,7022,36.9,13517,64782,146322,89.3,70.2,60.5,44.4,64.1,88.8,0.82,77,6.6,3.57,5.77,96,159,115,23116
2025-02-05,App_A,WebOS,Jio,AWS CloudFront,Metro,VOD Movies,1.17,2.78,1.04,0.48,1.01,1.26,7.11,1.17,9485,42.1,14817,71748,153902,92.1,77.4,60.5,45.6,68.9,88.8,0.95,84.3,6,4.09,4.99,94.2,145,97,23656
2025-02-05,App_B,FireTV,Wi-Fi,Akamai,Country,FAST linear,1.32,2.88,1.39,0.46,0.77,1.37,6.21,1.36,7255,38.7,12820,60937,144613,89.8,77,56.9,41.3,62.9,94.2,0.88,83.5,6.4,3.75,5.5,93.4,139,97,15458
2025-02-06,App_A,Desktop Web,Cellular 4G,AWS CloudFront,Country,FAST linear,0.98,2.9,1.35,0.58,0.97,1.26,6.16,1.33,7629,37.2,14694,71130,171888,88.8,73.1,56.2,44.6,66.7,93,1.11,82.7,6.5,4.16,5.5,93.6,151,120,19145
2025-02-06,App_B,FireTV,AT&T,Cloudflare,Country,FAST linear,1.25,2.53,1.17,0.42,0.98,1.29,7.27,0.98,6534,37,12556,59686,162025,90,74.4,60.4,45.5,64.4,95.4,1.19,83.9,7.3,3.7,5.22,93.1,152,116,18381
2025-02-07,App_A,iOS,Cellular 5G,Fastly,Metro,VOD Movies,0.97,2.61,1.14,0.51,0.81,1.26,7.26,1,7659,38.9,14622,70490,178067,91.9,76.8,58.3,46,64.8,93.1,1.1,79.7,6,4.27,5.9,93.8,159,105,18683
2025-02-07,App_B,FireTV,Wi-Fi,AWS CloudFront,Country,Live Sports/Events,1.12,2.56,1.15,0.48,0.91,1.7,6.96,1.34,7179,37.1,13826,66692,147950,88.3,70.5,61,40.4,61.8,92.8,1.03,83.5,5.9,4.11,5.35,93.5,156,115,20228
2025-02-08,App_A,Apple TV,Jio,Fastly,Metro,VOD Movies,1.17,3.27,1.14,0.51,0.9,1.45,6.95,1.16,9168,39.6,15019,72696,161514,91.9,72.4,61.5,41.9,64.9,89,1.1,76.8,6.8,3.83,5.57,95.5,155,114,23850
2025-02-08,App_B,Tizen,Jio,Cloudflare,Region,FAST linear,1.22,2.53,1.25,0.57,0.98,1.82,6.53,1.22,7274,38.2,12862,61116,153287,87.2,73.4,57.5,43.1,63.8,89.1,1.02,77.3,6.4,3.85,5.31,96.3,121,105,21475
2025-02-09,App_A,Apple TV,Broadband,Fastly,Region,VOD Movies,0.98,2.61,0.96,0.4,0.76,1.57,5.94,1.01,7931,38.4,15083,72548,163156,86.3,77,56.5,42.5,66.1,89.4,0.88,82.1,6.2,3.95,5.22,93.3,135,112,24218
2025-02-09,App_B,Desktop Web,Jio,Cloudflare,Metro,FAST linear,1.29,3.3,1.21,0.4,0.99,1.72,5.99,1.13,8188,38.2,12026,58238,148460,89.5,77.5,57.5,44.3,65.8,91.2,1.19,77.4,6.4,3.61,5.82,95.5,139,109,14773
2025-02-10,App_A,Desktop Web,Verizon,AWS CloudFront,Metro,VOD Series,1.01,3.24,1.34,0.44,0.95,1.48,5.9,0.94,7622,40.4,16688,80426,190317,87.3,77.4,59.9,41.3,62.8,92.5,1,83.4,7.1,3.7,5.01,93.4,151,106,23772
2025-02-10,App_B,iOS,AT&T,Cloudflare,Region,Live Sports/Events,1.18,2.94,1.29,0.56,1,1.74,6.07,1.21,6283,39.8,13380,64001,167982,85.6,72.1,59.3,42.9,65.8,88.8,0.99,79.9,6.1,4.13,5.96,95.4,123,118,19941
2025-02-11,App_A,Desktop Web,Cellular 4G,Akamai,Region,FAST linear,1.23,3,1.31,0.4,1.03,1.24,6.77,1.37,10010,41.3,15874,75549,170334,85.5,73.8,55.4,42.3,61.9,90.5,0.91,79.3,5.7,3.6,5.75,95.5,132,115,27389
2025-02-11,App_B,Android,Jio,AWS CloudFront,Region,FAST linear,1.21,2.63,1.38,0.42,0.77,1.66,6.01,1.27,7449,40.6,13093,62779,167120,91.1,74.4,59.3,45.5,68,93.4,1.09,80.9,7.1,4.2,5.08,93.1,158,87,17953
2025-02-12,App_A,Desktop Web,Jio,Akamai,Country,VOD Movies,1.07,2.74,1.11,0.44,0.76,1.73,6.7,1.25,7506,39,16181,76899,173562,87.3,75.1,58,46.3,64,90.6,1.09,80.4,5.9,3.53,5.27,93.2,148,93,22862
2025-02-12,App_B,FireTV,Airtel,Cloudflare,Region,Live Sports/Events,1.3,2.98,1.26,0.57,0.75,1.3,7.06,0.96,8119,42.2,13734,66517,169502,91.7,74.1,55.8,44.3,68.1,93.9,1.16,77.2,6.9,3.95,6.03,93.5,155,96,22557
2025-02-13,App_A,Tizen,Cellular 4G,AWS CloudFront,Region,FAST linear,0.98,3.21,1.31,0.52,0.69,1.5,6.63,1.25,9164,43,16141,77212,189118,91.8,71.8,58.7,45.5,66,89.7,1.04,77.6,6.3,3.64,5.5,95.9,123,119,20873
2025-02-13,App_B,Android TV,Jio,Fastly,Country,FAST linear,1.25,2.86,1.3,0.4,1.02,1.8,6.83,1.39,6927,39.1,12605,60178,135267,88.4,74.2,55.8,46.2,62.3,88.7,1.04,79.1,7,4.35,5.74,94.2,141,117,18112
2025-02-14,App_A,iOS,Cellular 5G,Cloudflare,Region,VOD Series,0.99,3.06,1.28,0.5,0.85,1.52,6.08,1.24,8036,43.6,16860,80484,194265,90.9,73.1,56.3,41.5,68.9,92,1.15,82.4,5.6,3.66,5.19,95.6,128,86,24605
2025-02-14,App_B,Android,Cellular 5G,Fastly,Region,VOD Movies,1.12,2.64,1.36,0.42,0.76,1.61,7.03,1.36,6710,43,12351,59883,147129,91.3,74.9,56,42.8,63.7,94.6,0.94,85,7.1,3.47,5.75,94.8,130,106,19633
2025-02-15,App_A,Android TV,Comcast Xfinity,Akamai,Metro,VOD Series,1.19,2.63,0.96,0.51,0.75,1.6,5.83,0.96,9472,38.9,15991,77228,165172,92.3,76.8,55,46.2,65.1,90.2,0.91,79.5,6.6,4.09,5.75,94.6,118,97,19288
2025-02-15,App_B,WebOS,AT&T,Cloudflare,Metro,VOD Movies,0.98,2.79,1.04,0.46,1,1.76,7.09,0.95,8073,40.3,13610,65553,139288,85.9,70.8,61.8,43.1,67.1,90.9,1.12,81.9,6.3,3.86,5.73,95.5,135,120,17389
2025-02-16,App_A,Apple TV,Verizon,AWS CloudFront,Country,Live Sports/Events,0.98,3.15,1.39,0.58,0.74,1.22,7.24,1.39,7799,39.6,16146,76714,173558,88.7,71.6,59.3,45.3,61.6,93,0.94,77,6.9,4.02,5.49,92.9,144,106,24729
2025-02-16,App_B,WebOS,Broadband,Akamai,Metro,FAST linear,1.04,2.53,1.17,0.42,0.72,1.57,5.9,1.33,7601,43.1,12469,59648,146871,87.4,71.8,55.9,43.4,65.6,90.3,1.07,79.8,5.5,4.33,5.94,93.3,131,116,18005
2025-02-17,App_A,Apple TV,Broadband,Akamai,Region,VOD Series,1.29,2.58,1.36,0.58,0.82,1.6,7.17,0.96,8959,37.5,16658,79255,185655,86.2,75.2,55.3,41.1,61.6,91.7,0.94,77.5,7.1,3.45,6.02,93.2,131,109,23698
2025-02-17,App_B,FireTV,Verizon,AWS CloudFront,Metro,FAST linear,1.01,2.7,1.28,0.52,0.85,1.45,6.61,1.16,6938,39.3,13450,64017,139853,86.8,73.1,61.5,44.8,68.8,91.6,1.06,81.7,6.1,4.13,5.19,96,158,107,22830
2025-02-18,App_A,Desktop Web,Airtel,Cloudflare,Country,FAST linear,1.12,2.57,1.03,0.55,0.76,1.43,6.9,0.95,8521,39.2,15097,72647,161323,89.2,71.4,55.5,45.2,69.3,95.6,1.12,81.6,7,3.49,5.3,93.1,144,100,20379
2025-02-18,App_B,Android,Verizon,Cloudflare,Metro,Live Sports/Events,1.06,2.63,1.07,0.5,0.74,1.32,6.25,0.99,8344,43.7,13797,66779,170617,88.9,76.9,60.3,42.5,68.6,89.3,0.97,80.3,5.4,3.77,4.95,95.6,152,114,22869
2025-02-19,App_A,WebOS,Wi-Fi,AWS CloudFront,Metro,VOD Series,1.16,2.49,1.33,0.55,1,1.8,5.99,1.32,9346,38.1,16947,81345,196371,86.9,70.5,57.3,40.8,64.1,95.1,1.08,79.1,5.6,3.71,5.57,92.9,123,94,25600
2025-02-19,App_B,Android TV,Comcast Xfinity,AWS CloudFront,Metro,Live Sports/Events,1.28,2.74,1.07,0.56,0.91,1.67,7.22,1.4,7056,44.2,13930,67502,180601,92.3,75.8,60.9,42.7,65.4,93.1,0.94,80,7.1,3.59,5.01,94.3,140,94,24138
2025-02-20,App_A,Desktop Web,Wi-Fi,Fastly,Metro,VOD Movies,1.19,2.83,1.21,0.42,1.02,1.7,6.26,1.23,8402,44.8,16904,80636,169960,85.5,71.2,60.7,46.3,67.8,95.6,0.86,84.8,6.9,4.08,5.24,96.1,141,89,29102
2025-02-20,App_B,iOS,T-Mobile,Fastly,Region,Live Sports/Events,1.26,2.65,1.15,0.41,0.94,1.64,6.63,1.03,8134,40.2,12152,58154,128359,91,76.8,59.9,42.3,65,95.8,1.12,78.1,6.2,3.83,6.03,93.2,137,103,20715
2025-02-21,App_A,Apple TV,Cellular 5G,Akamai,Metro,Live Sports/Events,1.25,3.11,1.13,0.58,0.69,1.7,6.53,0.97,8911,37.9,16433,79381,178062,90.2,74.5,56.3,45.8,67.7,93.1,0.91,78.4,5.7,3.98,5.9,94.7,142,97,26527
2025-02-21,App_B,iOS,Comcast Xfinity,AWS CloudFront,Region,FAST linear,1.31,2.91,1.06,0.54,0.73,1.68,6.57,1.15,7845,43.3,12495,59906,161025,91.8,70.4,58.9,43.8,69.5,89.4,1.13,78.8,6.6,4.03,5.32,93.4,127,89,20628
2025-02-22,App_A,iOS,Wi-Fi,Fastly,Metro,FAST linear,1.06,2.71,0.97,0.47,0.81,1.4,6.81,1.04,9060,40.8,14897,71765,171645,90.6,72.4,61,45.4,63.5,89,0.96,76.9,6.8,3.58,4.97,93.5,147,111,18150
2025-02-22,App_B,Apple TV,Airtel,AWS CloudFront,Region,Live Sports/Events,1.09,2.97,1,0.46,0.89,1.74,6.74,1.28,7452,43.9,12187,58075,127758,85.6,72.1,60.6,40.8,68.4,95.7,0.86,84.5,7.1,4.21,5.11,94,168,107,16651
2025-02-23,App_A,WebOS,Jio,Akamai,Metro,FAST linear,1.22,2.49,0.93,0.54,0.98,1.41,6.54,1.13,8945,39.7,15813,75943,169162,87.9,75.4,55.2,46.3,65.4,90.6,0.89,81.1,5.5,4.01,5.38,96.5,131,86,24981
2025-02-23,App_B,Android TV,Cellular 4G,Cloudflare,Country,Live Sports/Events,1,2.94,1.08,0.48,0.79,1.49,7.36,1.12,7274,44.6,13890,67170,143167,88.6,76.1,60.5,43.2,63.1,91.6,0.88,79.7,6.1,3.58,5.75,96.1,139,100,17467
2025-02-24,App_A,Desktop Web,Wi-Fi,Cloudflare,Region,VOD Movies,0.97,2.92,1.13,0.49,0.83,1.59,6.8,1.3,9686,41.5,16181,78336,189312,87.8,71.9,61.8,46.3,63.4,94.1,0.8,84.8,6.3,3.56,5.11,94.1,120,97,23759
2025-02-24,App_B,Android TV,Cellular 4G,Fastly,Region,Live Sports/Events,0.99,2.59,1.38,0.51,0.94,1.73,6.92,1.39,6987,43.6,12846,61278,135064,89.1,74.1,60.5,42.9,68.7,93.8,0.86,80,7.1,3.54,5.42,95.3,122,90,16935
2025-02-25,App_A,WebOS,Airtel,Akamai,Region,VOD Movies,0.99,2.5,1.32,0.52,0.75,1.58,6.44,1,8137,38.7,17027,81644,172882,86,74.5,56.3,45.5,62.3,92.3,0.93,76.9,5.6,4.17,5.2,93.4,144,92,25428
2025-02-25,App_B,Tizen,Wi-Fi,Akamai,Metro,FAST linear,0.98,2.97,0.98,0.41,1.02,1.45,6.93,1.34,7152,40.6,12940,62257,155688,86.5,75.1,55.2,43,65.9,95,0.96,84.7,6.5,4.2,5.14,95.8,149,88,17580
2025-02-26,App_A,Desktop Web,T-Mobile,Akamai,Region,VOD Movies,1,3.09,1.3,0.57,0.84,1.78,6.95,1.25,8251,44.2,14620,70474,157113,91.6,76.2,61.7,45.4,63.6,93.4,1.1,81.5,6.5,4.26,5.06,92.9,148,110,25654
2025-02-26,App_B,iOS,Jio,AWS CloudFront,Metro,VOD Series,1.06,3.05,1.36,0.49,0.84,1.32,5.96,1.16,8237,37.8,12680,60920,154837,92.3,76.1,56.5,43.4,62.9,90.2,1.17,79.3,5.9,4.14,5.92,92.9,137,85,20742
2025-02-27,App_A,Android TV,Verizon,Akamai,Metro,FAST linear,0.97,3.07,1.06,0.51,0.78,1.61,6.76,1.03,8938,41.8,15827,76174,201432,87.2,73.6,58.9,45.9,66.2,94.3,1.04,79.2,6.1,3.41,5.4,94.7,134,98,21823
2025-02-27,App_B,Apple TV,Wi-Fi,Akamai,Metro,FAST linear,1.16,2.97,1.37,0.48,0.72,1.53,6.39,1.27,8556,42.8,13140,63263,152347,87,71.9,58.5,41.3,68.5,89.6,0.97,81.2,6.4,4.1,5.86,93.1,160,98,23323
2025-02-28,App_A,Desktop Web,Comcast Xfinity,Fastly,Region,Live Sports/Events,1.12,2.67,1.01,0.41,0.73,1.4,6.83,1.33,8436,38,16699,80743,197588,88.1,72.5,61.8,44.3,65.5,90.7,0.87,83.7,6.1,3.79,5.94,94.5,137,88,24233
2025-02-28,App_B,Desktop Web,Cellular 4G,Cloudflare,Metro,FAST linear,1.01,2.52,1.1,0.58,0.9,1.35,6.13,1.38,7004,37.5,12544,60617,138075,90.5,73.7,56.6,42.3,65.1,95.5,0.96,83.7,6.4,3.75,5.3,95.1,152,88,17579
2025-03-01,App_A,FireTV,Airtel,Cloudflare,Country,Live Sports/Events,1.06,2.55,1.01,0.44,0.86,1.67,6.92,0.95,7777,41.2,16723,79716,190173,88.5,75.8,60.8,41.8,67.9,89.1,1.16,77.9,5.7,3.88,5.52,94.6,152,113,25392
2025-03-01,App_B,iOS,Broadband,AWS CloudFront,Metro,Live Sports/Events,1.09,2.83,1.09,0.53,1.01,1.48,7.35,1.1,7433,44.7,14035,67323,144522,86.3,75.2,58.8,45.7,67.9,91.1,0.97,83.8,6.3,3.7,5.21,95.1,152,99,23891
2025-03-02,App_A,iOS,Airtel,Cloudflare,Region,Live Sports/Events,0.96,3.27,1.3,0.45,0.88,1.45,6.15,1.36,8862,39.1,16633,79680,200725,86.7,72.8,57.7,44.7,66.8,92.8,1.04,82.3,5.8,3.58,5.8,94.3,148,84,24605
2025-03-02,App_B,Desktop Web,Cellular 5G,Cloudflare,Country,VOD Movies,1.09,2.97,1.22,0.46,0.71,1.7,6.38,1.38,6462,43.4,12336,58660,127784,88.3,72.7,57.9,43.4,66.5,94.4,1.01,80.2,6.6,3.46,5.53,95.4,148,102,18756
2025-03-03,App_A,FireTV,Broadband,Akamai,Metro,Live Sports/Events,1,2.86,1.21,0.52,0.74,1.21,7.33,1.19,8022,40.3,15305,73024,175668,89.3,77.3,57.3,44,68.3,94.2,1.16,81.6,6,3.77,5.41,95.6,165,116,26612
2025-03-03,App_B,Android TV,Jio,Fastly,Country,Live Sports/Events,1.04,2.83,1.03,0.49,0.7,1.71,7.03,1.17,7650,42.6,13032,62142,146286,86,73.3,60.4,43.6,65.4,95.6,0.86,84.1,5.4,4.19,6.01,95.6,125,104,22281
2025-03-04,App_A,WebOS,Cellular 4G,Fastly,Metro,FAST linear,1.04,2.98,0.93,0.56,0.7,1.22,6.76,1.29,9407,44.3,16396,79242,177414,91.6,75,59.2,44,66.7,90.7,0.92,84.5,6.8,3.93,5.4,95.6,123,93,28615
2025-03-04,App_B,WebOS,Wi-Fi,AWS CloudFront,Country,Live Sports/Events,1.09,3.02,1.12,0.43,1,1.33,7.28,1.18,7798,39.7,13548,65235,143346,92.2,75.4,57.3,41.7,67.6,91.6,0.85,85.2,6.8,3.46,5.61,94.7,166,83,18317
2025-03-05,App_A,Android,Comcast Xfinity,Akamai,Region,FAST linear,0.99,3.01,1.34,0.58,0.75,1.73,7.24,1.25,7890,41.2,14996,72081,186991,86,72.9,61.1,42,61.9,94.2,0.88,82.6,6,3.69,5.08,96.1,148,105,18138
2025-03-05,App_B,iOS,Comcast Xfinity,Cloudflare,Region,VOD Movies,1.12,2.83,1.13,0.59,0.7,1.35,6.83,0.96,7577,41.5,13334,64127,151800,90,73.5,56.1,40.8,63.1,94.6,0.84,77.7,6.7,4.11,5.34,93.3,155,119,18295
2025-03-06,App_A,Apple TV,Comcast Xfinity,Fastly,Region,VOD Series,1.15,2.67,1.09,0.57,0.79,1.77,7.32,0.99,9543,41.3,16386,78132,192595,91.3,75.1,60.2,42.4,63.5,95.5,0.9,83.8,6.1,4.14,5.91,93.1,131,94,26049
2025-03-06,App_B,iOS,Jio,Fastly,Country,VOD Movies,1.23,3.2,1.09,0.41,0.73,1.49,6.63,1.39,8196,42.7,13052,62989,134345,89.3,77.1,59.4,44.5,65.1,93.7,1.05,83.1,5.7,4.33,5.13,93.3,160,108,22562
2025-03-07,App_A,Apple TV,Verizon,Akamai,Metro,Live Sports/Events,1.26,2.64,1.12,0.4,1.01,1.7,6.92,1.14,8212,41.8,15187,73365,194059,88.3,73.6,60.7,43.3,64.7,91.2,0.97,85,6.4,3.98,5.81,93.5,124,86,22990
2025-03-07,App_B,iOS,Broadband,AWS CloudFront,Region,FAST linear,1.04,2.95,1.06,0.47,0.81,1.31,5.96,1.01,8609,42.8,12643,60609,141830,87.2,77.1,57.4,42.4,67.6,95.1,1.16,80.2,6.1,3.93,5.18,96.2,118,93,16574
2025-03-08,App_A,WebOS,AT&T,Akamai,Metro,FAST linear,1.08,2.78,0.98,0.47,0.89,1.57,6.24,1.37,8515,42.5,14798,71351,182912,85.5,74.7,60.6,43.4,68,93,1.02,84.5,6.5,3.91,5.94,95.8,146,85,19751
2025-03-08,App_B,WebOS,Airtel,AWS CloudFront,Country,VOD Series,1.04,2.5,1.35,0.5,0.7,1.78,6.98,0.94,6554,37.5,12731,61245,156915,91.5,74.9,55.4,42,68.7,92.9,1.17,80.7,6.3,3.43,5.74,92.9,157,114,19580
2025-03-09,App_A,iOS,Wi-Fi,Fastly,Metro,VOD Movies,1.08,2.8,1.13,0.51,0.73,1.51,6.95,1.07,9572,40.4,15959,76979,173828,89.3,75.6,56.1,41.3,67.1,90.5,1,79.4,6.8,3.79,5.13,93.1,149,92,21958
2025-03-09,App_B,Android TV,Comcast Xfinity,Cloudflare,Country,FAST linear,1.23,2.45,1.33,0.46,0.69,1.44,7.31,1.02,7147,38.3,12258,58958,137386,87.8,74.2,55.1,45.8,67.2,90.4,0.86,79,6.8,3.83,5.52,94.5,150,93,18507
2025-03-10,App_A,Android,Airtel,Fastly,Region,VOD Movies,1.27,2.72,1.12,0.4,0.72,1.44,7.29,1.2,10149,44.4,15132,72654,167937,86.8,75,58.2,44.2,62.6,94.7,0.84,84.8,7.2,4.3,5.53,93.4,117,99,22774
2025-03-10,App_B,WebOS,Comcast Xfinity,Fastly,Metro,Live Sports/Events,1.1,2.62,1.35,0.53,0.84,1.64,6.01,1.11,7514,43.4,13971,66717,143215,91.5,74.2,60.7,45.7,64.7,94.6,0.93,84.4,6,4.25,5.88,93.4,150,104,18443
2025-03-11,App_A,FireTV,Verizon,Akamai,Metro,VOD Series,1.26,3.2,0.93,0.47,0.8,1.65,6.63,1.18,9607,42.4,15463,73481,165082,86.4,74.9,57.2,43.7,62,89.9,0.93,79,6.8,3.73,5.76,94.5,161,115,24036
2025-03-11,App_B,Desktop Web,Verizon,AWS CloudFront,Metro,VOD Series,1.21,2.54,0.94,0.51,0.99,1.31,6.44,1.1,8293,37.5,12906,61912,137852,86.1,72.2,58.2,44.5,63.4,93.1,1.06,82.7,5.8,3.76,5.59,94.2,129,114,21957
2025-03-12,App_A,Android TV,Verizon,Fastly,Region,VOD Series,1.08,3.25,1.03,0.41,0.86,1.78,6.06,1.1,9428,38.3,16330,78163,194445,88.5,75.9,57.8,43.4,67.8,94.5,0.85,81.9,5.8,3.79,5.73,93.3,152,117,24163
2025-03-12,App_B,Android,Broadband,Cloudflare,Country,Live Sports/Events,1.29,2.98,1.1,0.41,0.7,1.61,6.62,1.23,7256,42,13004,62251,152776,91.3,71.6,61.7,43.2,67.1,95.9,0.86,80.2,6,3.65,5.44,93.3,162,96,17931
2025-03-13,App_A,Android,Airtel,Fastly,Country,VOD Movies,1.27,3,1.22,0.4,0.79,1.62,6.19,0.97,8508,39.5,15176,73525,188546,86.3,75.3,56.7,43.8,67.7,89.9,0.99,79.1,5.5,3.58,5.26,94.1,130,109,26324
2025-03-13,App_B,Apple TV,T-Mobile,AWS CloudFront,Metro,Live Sports/Events,1.11,2.75,1.14,0.49,0.86,1.5,7.24,0.97,7812,41.4,12290,58446,130241,89,77.4,59.3,43.7,67.3,96,0.95,79.6,5.4,4.24,5.15,94.6,135,93,16686
2025-03-14,App_A,Android TV,Jio,Cloudflare,Country,FAST linear,1.28,2.94,1.32,0.45,0.91,1.33,6.28,1.33,9534,42.6,15064,71566,180556,88.4,76.2,60.3,43.7,68.5,94.1,0.97,81.6,7.1,4.09,5.1,93.4,158,112,18579
2025-03-14,App_B,Android TV,Cellular 5G,Akamai,Metro,VOD Series,1.1,2.89,1,0.42,0.93,1.51,6.9,1.38,8123,40,12290,59289,135422,92.1,75.7,56.1,46.5,69.4,91.9,0.83,80.2,6.7,4.23,6.08,95.2,122,114,21849
2025-03-15,App_A,Apple TV,AT&T,Akamai,Metro,FAST linear,1.09,3.06,1.14,0.53,0.9,1.59,6.1,1.11,9241,43.4,15611,75350,175736,88.1,72.7,60.9,44.2,64.2,94.1,1.15,80.7,6.4,3.65,5.62,95.6,123,109,18806
2025-03-15,App_B,Android,Wi-Fi,AWS CloudFront,Region,FAST linear,1.08,2.83,0.93,0.41,0.78,1.29,6.58,1.11,8031,41.9,12214,58944,136307,85.7,70.6,59.9,46.6,69.2,92.7,1.06,80.9,6.7,3.86,5.37,95.8,157,94,18033
2025-03-16,App_A,Android TV,Cellular 4G,Cloudflare,Metro,FAST linear,1.18,3.1,1.25,0.57,0.76,1.28,5.94,1.17,8096,41.3,14910,71774,178076,86.4,71.8,56.1,42.8,68.4,91,0.92,82.7,7.1,3.67,5.83,96,151,104,26833
2025-03-16,App_B,FireTV,Broadband,AWS CloudFront,Metro,FAST linear,1.01,3.27,0.98,0.56,0.84,1.7,6.18,1.37,8135,42.5,13046,62006,149360,89.7,74,57,46.7,69.2,91.9,1.14,84.8,5.6,4.18,5.84,94,165,113,20549
2025-03-17,App_A,Android TV,T-Mobile,Akamai,Country,VOD Series,1.21,2.71,1.05,0.48,0.86,1.47,6.35,0.98,9300,39,15590,74326,193227,89.6,77.2,56.8,42,64.3,92.8,0.95,84.9,5.5,3.38,5.93,93.9,137,85,20713
2025-03-17,App_B,iOS,Broadband,Cloudflare,Region,VOD Series,1.3,2.76,0.99,0.44,0.72,1.73,6.9,0.94,6777,40.3,12504,59645,156888,88.4,73.6,55.8,41.4,63,91.1,0.78,81.5,6.4,3.53,6,95.2,160,83,15869
2025-03-18,App_A,iOS,Cellular 4G,Cloudflare,Metro,VOD Series,1.12,2.99,1.36,0.54,0.84,1.36,6.56,1,8138,38.3,15391,74393,185661,92.1,72.6,58.4,46.6,62.9,95.1,0.86,80,6.1,3.45,5.42,96.6,154,102,20452
2025-03-18,App_B,Tizen,AT&T,AWS CloudFront,Country,VOD Series,1.28,2.92,1.18,0.57,0.96,1.64,6.96,1.26,7383,45,12397,59074,128132,86.6,74.9,57.3,43.8,67.6,92.9,0.86,79.7,5.7,3.91,5.42,95.5,150,84,18894
2025-03-19,App_A,iOS,Wi-Fi,Akamai,Region,VOD Series,0.99,2.95,1.09,0.53,0.75,1.51,6.26,1.2,8345,38.2,14625,70711,180873,91.6,70.7,62,43.1,69.5,89.6,0.93,78,7,3.59,6.03,93.9,142,92,23415
2025-03-19,App_B,Desktop Web,Jio,Fastly,Region,VOD Series,1.08,3.25,1.16,0.48,0.9,1.75,6.28,1.05,7580,44.2,13769,66613,140347,87.7,71.9,56,42.4,67.3,93.9,1.1,79.6,5.7,3.75,5.24,96.3,117,103,21377
2025-03-20,App_A,Apple TV,Cellular 5G,Fastly,Region,Live Sports/Events,1.28,3.07,1.24,0.47,0.77,1.44,6.19,1.06,9121,37.4,15231,73295,157546,87.3,76.5,61.8,46.1,61.8,93.9,0.87,82.1,5.4,3.93,5.67,95,136,93,24208
2025-03-20,App_B,WebOS,T-Mobile,Cloudflare,Metro,FAST linear,1.13,2.45,0.98,0.49,0.77,1.26,6.26,1.28,7501,40.3,12937,62301,134264,90.6,74.4,59.1,41.4,68.6,93.2,1.13,83.4,5.8,3.56,5.32,96.2,155,106,16480
2025-03-21,App_A,WebOS,AT&T,AWS CloudFront,Region,VOD Movies,1.23,2.54,0.99,0.56,0.69,1.44,7.17,1.34,8287,39.8,15371,73087,182910,86.5,74.5,55.5,41.4,65.6,96.1,0.82,80.4,6,3.49,5.25,95.7,160,86,19449
2025-03-21,App_B,Desktop Web,Jio,Cloudflare,Country,FAST linear,1.12,3.21,1.35,0.5,0.94,1.31,6.07,1.27,6420,38.1,12400,59618,140378,92.4,71.7,60.6,44.7,67.2,91.4,1.01,84.4,5.4,3.75,6.08,96.1,145,113,15213
2025-03-22,App_A,WebOS,Verizon,Akamai,Metro,Live Sports/Events,0.95,2.77,1.17,0.46,0.91,1.25,6.29,1.16,8783,43.8,16119,76984,165458,85.7,74.9,55.4,42.5,68,89.7,0.97,82.8,6.3,4.01,5.79,93.1,129,106,26949
2025-03-22,App_B,FireTV,Jio,Akamai,Metro,FAST linear,1.28,2.51,1.16,0.58,0.93,1.36,6.64,1.3,6465,39.3,12179,58615,157688,86.4,73.9,58.1,46.4,64.8,89,0.83,85.5,5.7,4.33,5.78,95.3,149,86,18403
2025-03-23,App_A,Android,Jio,AWS CloudFront,Region,VOD Movies,1.01,2.44,0.97,0.45,0.87,1.76,7.21,0.94,9800,43.9,14855,71690,167051,86.5,71.2,59.7,45.9,63.3,93.6,1.08,82.2,5.6,3.5,5.44,96.1,153,97,22176
2025-03-23,App_B,Apple TV,Cellular 5G,Akamai,Metro,VOD Movies,1.29,3.07,0.93,0.45,0.84,1.75,5.91,1.24,8063,39.6,12536,60018,161217,89.7,70.5,55.2,42.1,65.2,92.2,0.89,84.1,5.7,3.65,5.25,94.6,136,99,18886
2025-03-24,App_A,Desktop Web,Cellular 5G,Akamai,Region,VOD Movies,0.98,3.23,1.09,0.51,0.68,1.31,6.01,1.29,9366,38.1,15128,72361,187522,89.4,76.4,58.2,43.5,69.3,91.2,0.83,83,5.9,3.55,5.08,93.3,148,114,19615
2025-03-24,App_B,Tizen,Cellular 5G,Cloudflare,Metro,FAST linear,1.27,2.51,1.09,0.47,0.74,1.53,6.46,1.12,6799,39.2,14164,67475,166096,89.1,74.5,60.3,42.9,69.7,89.3,1.14,82.9,5.7,3.51,6.08,95.4,160,83,19313
2025-03-25,App_A,Tizen,AT&T,Fastly,Country,VOD Series,1.04,2.79,1.11,0.42,0.7,1.66,7.33,0.95,7932,42.3,15341,73163,192106,88.9,72.9,61.1,46.7,65.4,90.9,1,80.5,5.7,4.17,5.53,96.2,139,114,22718
2025-03-25,App_B,Tizen,Airtel,AWS CloudFront,Region,VOD Series,1.22,2.94,1.14,0.42,0.95,1.55,6.58,1.24,7268,41,12420,59403,129446,86.4,73,56,45.5,65.8,93.7,1.09,83.9,5.4,3.89,5.03,94,154,84,21288
2025-03-26,App_A,iOS,AT&T,Fastly,Country,VOD Series,1.15,2.49,1.14,0.55,0.86,1.34,6.5,0.97,10002,42.9,15552,75065,170703,90.3,73.4,61.9,41.9,63.3,91.1,0.98,80.5,5.7,4.04,5.99,94.4,122,98,23994
2025-03-26,App_B,Android TV,T-Mobile,AWS CloudFront,Country,VOD Series,1.29,3.07,1,0.52,0.8,1.62,6.64,1.01,6786,39.1,13694,65269,176701,90,73.3,55.7,41.5,63.4,93.9,1.11,84.7,5.5,4.31,5.72,94.6,156,83,16733
2025-03-27,App_A,Desktop Web,Cellular 4G,Cloudflare,Region,VOD Series,1.17,2.72,1.13,0.57,0.87,1.25,6.38,1.32,7554,41.5,15257,72899,158351,89,71,55.2,42.4,62,94.1,0.88,82.3,5.8,3.6,5.52,96.6,159,90,26640
2025-03-27,App_B,FireTV,Comcast Xfinity,Akamai,Region,VOD Series,1.18,2.53,1.02,0.56,0.73,1.51,7.16,1.01,6478,43.1,13423,64230,172364,89.7,72.6,58.3,44,68.9,89.2,0.81,80.1,6.5,4.01,5.15,94.3,162,106,20611
2025-03-28,App_A,Desktop Web,Comcast Xfinity,AWS CloudFront,Metro,Live Sports/Events,1.17,2.83,1.19,0.41,0.78,1.43,7.4,1.33,8461,43,16606,79122,209075,90.8,72.7,56.3,42.8,63.9,94,1.06,83.5,6.7,4.1,5.67,93.3,121,108,20718
2025-03-28,App_B,Apple TV,AT&T,Cloudflare,Metro,VOD Movies,0.97,2.63,1.08,0.51,0.75,1.5,6.78,1.07,8033,36.7,12839,61754,131134,89.7,77.6,60.1,41.4,68.1,92.2,1.09,84.9,5.9,3.49,6.06,94,146,109,16397
2025-03-29,App_A,iOS,Cellular 4G,Akamai,Country,FAST linear,1.18,2.87,1.33,0.44,0.7,1.64,7.09,1.32,9128,36.3,14428,69879,152942,91.4,77.3,55.8,46.4,62.1,90.3,1.01,84.8,6.7,4.26,5.64,93.6,114,89,18184
2025-03-29,App_B,Android TV,AT&T,Fastly,Country,Live Sports/Events,1.19,2.54,0.95,0.41,0.75,1.62,7.43,0.94,7375,43.3,13739,66545,147550,87.4,70.7,57.3,41.9,65.5,94.1,0.89,78.7,6.9,4.22,5.05,96.2,139,83,18207
2025-03-30,App_A,Android,Broadband,Cloudflare,Country,VOD Movies,1.06,2.41,0.98,0.57,0.89,1.33,7.03,1.34,9974,42.4,16672,79514,203028,92.2,70.7,62,41.5,69.6,92.8,1.14,79.1,5.9,3.71,5.52,93.9,153,87,26162
2025-03-30,App_B,Tizen,Comcast Xfinity,Akamai,Country,VOD Series,1.25,3.25,1.29,0.53,0.86,1.25,7.24,1.11,6280,40.6,12908,61837,135170,87.8,75,60.7,45.5,63.3,90.5,0.88,82.5,5.4,4.24,5.59,95.2,158,86,15579
2025-03-31,App_A,WebOS,Wi-Fi,Akamai,Country,VOD Series,1.2,2.99,1.02,0.45,0.74,1.49,7.04,1.03,9203,37.5,15220,72309,194770,92.3,70.6,56.9,44.2,63.1,92.9,1.04,80.4,5.5,3.98,5.34,96.3,160,97,20296
2025-03-31,App_B,Apple TV,Verizon,Akamai,Metro,FAST linear,0.99,3.16,1.36,0.42,0.97,1.38,6.31,1.07,7900,38.3,12183,58040,137326,90.3,73.3,61.8,44.9,65.7,90.9,1.16,82.4,7,4.17,6.1,93.5,118,101,17025
2025-04-01,App_A,Android,Airtel,AWS CloudFront,Metro,Live Sports/Events,1.23,3.13,1.3,0.52,0.8,1.23,6.53,1.23,9691,44,14823,70584,188567,88.4,74,59.8,44.7,69.1,94,1.12,82.6,6.7,3.39,6.01,93.1,153,106,21788
2025-04-01,App_B,Android TV,AT&T,Fastly,Region,Live Sports/Events,1.15,2.69,1.12,0.5,0.83,1.21,7.47,1.3,7610,42.4,13440,64948,139510,87.6,72.8,55.5,43.4,63.1,94.8,1.04,80.5,7.1,3.97,5.21,93.3,149,99,21248
2025-04-02,App_A,Apple TV,Verizon,Cloudflare,Metro,Live Sports/Events,1.27,2.71,1.12,0.57,0.94,1.49,6.16,1.06,8710,40.4,16298,78383,208478,92.1,74.4,55.6,43.5,66.2,91.2,0.81,85,5.5,4.26,5.58,94.1,124,106,20898
2025-04-02,App_B,Tizen,Broadband,AWS CloudFront,Country,Live Sports/Events,0.97,3.2,1.35,0.58,0.75,1.52,6.01,0.99,8274,41.7,12937,61477,154413,87.8,73.2,62.1,41.6,63.3,90.3,0.98,84.1,5.6,3.85,5.38,94.9,153,93,22055
2025-04-03,App_A,Android TV,Cellular 4G,Cloudflare,Metro,VOD Series,1.07,2.61,1.04,0.42,0.72,1.24,6.06,1.05,8525,37.9,16019,77507,163573,90.5,73.1,61,41.6,68.8,91.4,0.99,77.3,5.3,3.89,5.27,96.6,132,84,23570
2025-04-03,App_B,Android TV,T-Mobile,Cloudflare,Region,VOD Movies,1.12,3.2,0.95,0.43,0.89,1.5,6.66,1.07,7632,40.6,12676,61206,158200,89.2,73.5,57,46.4,65.8,92,1.01,84.4,7.2,4.11,5.51,94.6,126,93,22344
2025-04-04,App_A,Android TV,Cellular 4G,Akamai,Region,FAST linear,1.2,3.23,1.32,0.42,0.68,1.72,6.72,1.02,9465,36.3,15199,73543,154025,92,70.6,60.2,41.1,67.7,94.6,0.88,82.8,6.4,4.12,5.72,94.3,126,114,26204
2025-04-04,App_B,Android TV,Comcast Xfinity,AWS CloudFront,Metro,FAST linear,1.02,2.47,1.31,0.51,0.99,1.61,6.97,1.33,8331,40.2,12081,58361,124355,90.9,74.8,59.7,43.3,64.7,93.1,1.06,81.3,6,3.62,5.62,94.3,138,101,20390
2025-04-05,App_A,Tizen,T-Mobile,Fastly,Region,FAST linear,1.08,2.53,1.16,0.55,0.93,1.23,6.86,1.3,7664,37.7,15349,73184,163636,88,72.3,60.9,44.1,67.5,95,0.8,83.8,6.5,3.97,5.64,94.2,149,97,20672
2025-04-05,App_B,Android TV,Jio,AWS CloudFront,Country,VOD Series,1.01,3.04,1.21,0.4,0.86,1.71,6.19,1.36,7769,43.8,12117,58401,143149,88.3,77,60.4,41.8,67.6,89.2,0.82,79.8,5.8,3.54,5.69,93.1,135,101,19806
2025-04-06,App_A,WebOS,Airtel,Cloudflare,Metro,VOD Series,0.99,3.1,1.13,0.53,0.86,1.3,6.68,1.08,8256,43.6,16262,78372,189488,92.6,75.2,55.5,44,62.1,89.9,1.05,78,6.7,3.65,5.36,93.6,155,106,20225
2025-04-06,App_B,Android,Jio,Cloudflare,Country,VOD Movies,1.26,2.59,0.94,0.45,0.7,1.28,6.81,1.06,7168,38.8,12186,58266,131373,89.6,71.8,61.2,45,67.6,91.7,1.13,83.1,6.7,3.72,5.26,96.4,136,98,19992
2025-04-07,App_A,iOS,Cellular 5G,Akamai,Region,FAST linear,1.04,2.65,0.9,0.5,0.71,1.41,6.38,1.33,8526,37.7,15587,75048,188189,90,70.7,55.8,41.3,62.2,92,0.8,80.1,6.6,3.47,5.42,94.2,118,89,22680
2025-04-07,App_B,Android,Jio,Akamai,Region,VOD Series,1.07,2.77,0.95,0.51,0.88,1.34,6.66,1.19,6424,43.2,12807,61019,142502,87.3,75.2,61.3,42.5,68.2,90.9,0.79,79.5,7.1,3.46,5.86,94.2,125,92,16068
2025-04-08,App_A,Desktop Web,Wi-Fi,Cloudflare,Region,FAST linear,1.16,3.2,1.01,0.51,0.82,1.24,6.57,1.03,8980,36.3,16169,78191,198658,90.4,74.6,57.6,43.6,63.2,91.1,0.77,79.5,6.2,3.41,5.46,93.6,155,103,27323
2025-04-08,App_B,WebOS,Cellular 4G,AWS CloudFront,Region,Live Sports/Events,0.96,2.73,1.25,0.52,0.86,1.55,6.2,1.04,6610,36,13614,65532,174458,87.2,77.3,59.1,45.5,68.6,91.6,0.83,82,5.3,3.6,5.51,96.4,132,82,17414
2025-04-09,App_A,iOS,AT&T,Akamai,Country,VOD Movies,1.07,2.75,1.26,0.51,0.84,1.53,5.92,0.96,9746,40.3,16273,78655,185894,92.3,71.7,59.8,44.4,63,92.3,1.01,82.4,6.1,3.53,5.07,96.5,160,115,27773
2025-04-09,App_B,iOS,AT&T,Cloudflare,Country,VOD Series,1.15,2.72,1.3,0.54,0.98,1.29,7.44,1.29,7546,41.4,12662,61037,151213,86.9,70.9,60.2,41.4,67.6,94,0.78,81.7,6.7,3.7,6.09,96.4,118,103,19049
2025-04-10,App_A,Android TV,Airtel,Akamai,Country,VOD Series,1.2,2.98,1.26,0.53,0.75,1.38,7,0.98,7414,39.4,16498,79513,189457,91.6,71.1,57.2,42.6,62.3,92.9,0.85,81.4,5.7,3.53,5.08,94.5,147,106,21344
2025-04-10,App_B,Desktop Web,Jio,Akamai,Country,VOD Movies,1.26,2.75,1.32,0.47,0.86,1.76,5.98,1.35,6352,42.5,12626,60647,155750,87.2,75.9,57.9,42.1,65,93.3,0.95,79,5.6,3.57,5.41,94.8,146,86,16827
2025-04-11,App_A,Apple TV,Verizon,Akamai,Region,VOD Movies,1.02,2.76,0.95,0.44,0.78,1.35,6.83,0.93,8095,41.9,16442,78177,198164,89.9,77.2,60.4,42,63.9,91,0.96,84,5.9,4.05,5.38,93.3,114,87,25045
2025-04-11,App_B,Apple TV,Cellular 5G,Cloudflare,Region,VOD Series,1.24,2.43,1.27,0.55,0.85,1.24,6.24,1.36,7209,37.8,11791,56945,140662,90.2,71.6,57.2,44.9,69.2,93.7,0.91,84.5,7.1,3.74,5.33,95,114,83,16992
2025-04-12,App_A,iOS,Wi-Fi,Fastly,Region,VOD Movies,1.23,2.97,1.03,0.44,0.9,1.33,6.35,1.24,9477,36.5,14394,68566,173612,87.5,76,59.3,43.1,63.5,90.1,0.91,84.1,5.7,3.55,5.66,95.5,151,108,20437
2025-04-12,App_B,Tizen,Comcast Xfinity,AWS CloudFront,Metro,VOD Series,1.03,2.72,1.07,0.56,0.7,1.38,6.39,1.1,7393,37.4,12275,58638,148973,89.1,73.5,56.2,43.8,64.8,95.2,1.14,81.2,6.5,4.19,5.73,95.7,129,110,18995
2025-04-13,App_A,FireTV,Cellular 5G,Cloudflare,Region,Live Sports/Events,0.96,2.85,1.25,0.39,0.93,1.76,7.47,0.97,8963,41.5,15552,75258,174522,88.8,71.6,59,43.9,65.3,91.3,0.95,84.2,5.4,4.18,6.06,93.5,143,81,27592
2025-04-13,App_B,iOS,Airtel,Akamai,Country,VOD Series,1.24,2.88,1,0.54,0.96,1.64,7.1,1.21,6982,39.1,12138,58810,156243,88.7,72.6,58,43.6,64.1,92.3,0.87,80.4,6.4,3.43,5.78,94.6,116,97,20360
2025-04-14,App_A,Apple TV,Verizon,Cloudflare,Metro,VOD Movies,1.03,2.41,1.31,0.57,0.79,1.22,6.87,1.1,7402,41.2,15923,76166,173323,92.3,70.8,58.6,43.4,69,94,0.95,77.6,6.1,3.84,5.88,96.1,114,100,23897
2025-04-14,App_B,Android TV,Wi-Fi,AWS CloudFront,Metro,FAST linear,1.25,3.14,1.11,0.49,0.89,1.73,7.06,0.97,7248,36.5,12137,58296,124195,85.9,71.7,59.3,46.1,65.1,91.5,1.14,85.7,5.3,4.27,5.57,94.3,120,114,19080
2025-04-15,App_A,iOS,Comcast Xfinity,AWS CloudFront,Region,FAST linear,1.08,2.77,1.31,0.46,0.76,1.21,7.46,1.1,9123,42.7,15222,73605,161640,92.2,76.3,57,42.6,68.1,91.2,1.09,81.1,6.7,3.89,5.98,94,140,81,20152
2025-04-15,App_B,Apple TV,Broadband,Cloudflare,Metro,VOD Series,1.07,2.83,1.02,0.46,0.74,1.34,6.79,0.94,7016,36,13643,65091,140648,92.5,77.6,57.8,43.9,66.4,95.3,1.09,85.5,6.3,3.5,5.22,95,129,99,20931
2025-04-16,App_A,Desktop Web,Airtel,Akamai,Metro,VOD Movies,1,2.66,1.31,0.44,0.7,1.32,5.93,1.2,7295,35.2,14452,69430,154241,86.3,74.2,62.3,43.2,66.2,91.6,1.1,80.8,5.9,3.51,5.9,95.4,160,95,19846
2025-04-16,App_B,FireTV,Airtel,Akamai,Region,VOD Movies,1.01,3.24,1.25,0.49,0.7,1.57,6.16,1.07,7114,40.1,11980,57605,129111,86.8,71.7,61.2,45.8,69.9,93.3,0.84,83.4,5.6,3.52,5.57,93.8,134,113,15755
2025-04-17,App_A,Tizen,Broadband,Fastly,Country,VOD Movies,0.96,2.5,1.21,0.55,0.93,1.52,6.85,1.06,9005,42.4,14086,66996,153447,90.7,77,59.9,42.2,61.9,92.8,0.76,84.3,6.2,4.16,5.61,95,122,104,24731
2025-04-17,App_B,FireTV,Wi-Fi,Cloudflare,Metro,FAST linear,1.21,2.66,1.09,0.49,0.69,1.68,6.03,1.08,6653,41.2,11953,57259,141576,86.1,76.5,61,42.3,68.3,94.3,1,80.3,7.1,4.19,5.72,95.1,152,88,17452
2025-04-18,App_A,Tizen,T-Mobile,Akamai,Metro,VOD Movies,1.04,2.62,1.29,0.54,0.99,1.32,6.38,1.26,8899,40.9,14574,70484,170766,86.3,77.2,58.7,43.4,64.5,92.2,0.82,82,5.6,3.88,6.05,95.6,123,88,19481
2025-04-18,App_B,Android,Jio,Akamai,Region,VOD Movies,1.23,2.59,1.31,0.56,0.73,1.69,6.12,1.21,7414,39,12462,59604,131189,91.3,75.7,57.8,43.7,69.8,91.6,0.9,84.4,6,3.7,5.08,95.9,147,101,19804
2025-04-19,App_A,Tizen,Broadband,Fastly,Region,Live Sports/Events,1.21,2.78,1.24,0.54,0.81,1.61,7.38,1.27,7360,36.7,14198,68539,144641,88.8,73.2,60,44.8,67.6,91.8,0.9,85,5.6,3.37,6.09,95.5,137,107,20388
2025-04-19,App_B,Tizen,Cellular 4G,Cloudflare,Metro,VOD Series,1.15,2.53,1.05,0.48,0.86,1.58,7.39,1.23,7020,40,13346,63902,137473,88.9,77.6,58.3,44.3,65.7,89.2,1.01,81.3,6.5,3.78,5.96,95.1,120,87,19908
2025-04-20,App_A,Android TV,Comcast Xfinity,Cloudflare,Region,VOD Series,1.1,2.59,1.14,0.44,0.84,1.41,7.22,1.19,9192,35.1,15776,75624,179780,87.4,76.4,60.2,44.8,66.3,93.6,0.85,85.1,6.3,3.53,5.04,96.6,147,98,23073
2025-04-20,App_B,WebOS,Comcast Xfinity,Cloudflare,Region,VOD Series,1.1,2.76,1.29,0.57,1,1.74,6.77,1.08,8083,40,12574,60297,153742,90.4,71,62.2,44.4,62.9,91.6,0.99,79.5,6.6,3.48,5.99,95.4,148,92,22203
2025-04-21,App_A,iOS,Wi-Fi,AWS CloudFront,Country,VOD Series,1.19,3.08,1.34,0.49,0.72,1.36,7.05,1.22,9694,35.9,15260,73687,178386,90.1,74,56.9,41.6,67.7,95.3,1.13,81.6,5.3,4.17,6.09,96.3,147,92,18689
2025-04-21,App_B,Android,Verizon,Akamai,Region,FAST linear,1.1,3.05,1.05,0.57,0.82,1.29,6.18,1.21,7788,42.4,13451,64205,155620,89.7,75,57.5,43.7,68.6,93.8,1.03,78.2,6.1,3.9,5.28,96.6,124,90,20866
2025-04-22,App_A,FireTV,Wi-Fi,Cloudflare,Country,FAST linear,1.13,2.59,1,0.43,0.75,1.58,5.93,1.1,9565,40.7,13998,67445,168847,87.3,76.2,60.1,42.8,64.2,92.3,1.08,81.4,6.6,3.93,5.63,96.8,112,109,23002
2025-04-22,App_B,Android,Comcast Xfinity,Fastly,Region,FAST linear,1.21,2.68,1.15,0.53,0.93,1.57,7.1,1.09,6048,40.7,11693,56410,130888,86.5,72.1,60.1,44.1,68.6,93.4,0.95,79.3,7.1,4.14,6.17,94.3,161,97,17169
2025-04-23,App_A,Android TV,Cellular 5G,Akamai,Metro,FAST linear,1.26,2.6,1.22,0.44,0.81,1.36,6.26,1.29,8464,39.6,15999,77132,185001,89.9,71.9,60.7,41.5,68.3,95,0.86,81.1,5.9,4.03,5.33,96.2,126,108,28690
2025-04-23,App_B,Android TV,Airtel,Fastly,Metro,VOD Movies,1.21,2.62,1.12,0.39,0.69,1.54,6.7,1.33,7653,36.9,12008,57117,133179,92.6,70.7,57.5,45.2,70.2,92.7,1.1,78.5,5.9,4.17,6.03,94.4,160,112,21309
2025-04-24,App_A,FireTV,Comcast Xfinity,Akamai,Region,VOD Movies,1.01,2.57,1.03,0.46,0.87,1.19,6.97,1.03,8699,40.8,15392,74435,196611,87.2,76.7,56.9,41.5,64.9,91.5,0.84,79.9,5.8,4.07,5.65,95.8,160,89,25804
2025-04-24,App_B,Tizen,AT&T,AWS CloudFront,Region,FAST linear,1.1,2.65,1.19,0.54,0.98,1.35,6.02,1.29,8087,39.6,12906,61498,158203,91.3,74.1,60.6,42.7,66.9,95.9,0.96,85.6,5.4,4.18,6.03,95.3,132,91,16991
2025-04-25,App_A,WebOS,Cellular 4G,Akamai,Country,VOD Series,1.2,2.72,1.14,0.45,0.68,1.58,7.38,1.2,9144,40,13807,66014,146161,89.1,77.1,61.9,42.1,69.1,91.6,0.97,78.8,6.5,3.63,5.77,95.9,150,105,18302
2025-04-25,App_B,Desktop Web,T-Mobile,AWS CloudFront,Country,VOD Movies,1.25,2.9,0.98,0.4,0.75,1.24,6.02,1.35,7703,40.9,12058,57833,138377,88,73.2,60.1,45.2,65.7,92.3,0.92,80.5,6.1,3.42,5.66,96.4,123,98,21543
2025-04-26,App_A,Apple TV,Broadband,Cloudflare,Country,VOD Movies,1.23,3.07,1.07,0.48,0.73,1.25,6.01,0.95,8387,34.7,15823,76298,158367,92.5,76.5,59.7,43.8,62.3,94.4,1.04,78.1,5.7,3.88,5.23,94.9,122,98,28191
2025-04-26,App_B,Tizen,T-Mobile,Akamai,Country,VOD Movies,1.27,2.9,1.22,0.5,0.8,1.42,6.28,1.12,6638,35.2,11488,54582,148935,91.2,71,59.6,43.4,63.7,90.5,0.78,84.2,5.3,3.62,5.93,95.2,134,84,20161
2025-04-27,App_A,FireTV,Airtel,Akamai,Region,VOD Series,1.21,2.62,1.26,0.42,0.67,1.62,7.05,1.15,9287,37.9,13658,65696,144690,92.2,71.1,58.1,43.7,67.8,89.2,0.9,84.4,5.6,3.48,6.08,96.8,116,89,22769
2025-04-27,App_B,Desktop Web,Wi-Fi,Fastly,Metro,FAST linear,0.95,2.86,1.29,0.57,0.96,1.78,6.92,0.95,6181,39.4,12224,58673,155315,89.4,72,58.7,42.1,64,90,1,78.5,6.9,4.26,5.73,93.5,145,80,17766
2025-04-28,App_A,Android TV,Cellular 5G,Akamai,Country,VOD Movies,1.19,2.92,0.94,0.49,0.9,1.66,6.65,1.29,8066,35.7,15839,76156,196952,88.9,76.8,58.4,46.4,62.3,92.3,0.95,78.7,5.5,4.25,5.07,96.5,136,99,26259
2025-04-28,App_B,Desktop Web,T-Mobile,Cloudflare,Metro,VOD Series,1.04,3.23,1.19,0.46,0.78,1.27,6.16,1.01,6731,40.5,11810,56918,134476,88.2,73.4,61.4,45,68.8,95.6,1.03,78.4,6.8,3.95,5.59,93.4,129,97,19060
2025-04-29,App_A,WebOS,Cellular 5G,Cloudflare,Country,FAST linear,1.08,3.03,1.22,0.56,0.73,1.58,6.75,0.96,9238,39.5,15512,74010,199046,89.1,75,60.1,43.7,64.4,89.9,1.08,82,5.9,3.91,6.01,94.1,157,96,27753
2025-04-29,App_B,FireTV,Broadband,Akamai,Country,VOD Movies,1.06,2.68,1.05,0.47,0.99,1.3,6.9,1.34,7115,39.1,12872,61784,132058,90.3,74.5,56.7,43.2,69.9,95.9,0.91,82.4,6.1,3.88,5.94,95,158,91,19452
2025-04-30,App_A,Apple TV,T-Mobile,Akamai,Metro,VOD Movies,1.26,2.4,1.1,0.46,0.82,1.41,6.77,1.31,8794,35.6,15900,75961,194420,88.4,77.6,61.6,46.1,64.2,94.6,0.76,83.4,6.1,3.35,5.38,96,137,91,24610
2025-04-30,App_B,Android,Verizon,Akamai,Country,VOD Series,1.19,2.59,0.93,0.4,0.85,1.26,7.02,0.97,5945,41.3,12459,59492,151695,91.9,75.1,62.5,43.2,67.4,95.7,1.03,80.7,6.2,4.09,5.45,94.5,121,114,15784
2025-05-01,App_A,Tizen,Verizon,AWS CloudFront,Country,Live Sports/Events,1.04,2.76,1.06,0.44,0.82,1.22,6.98,1.33,8699,35.5,15865,75793,185124,89.8,76.9,57.1,45.2,66.7,93.1,1,79.4,6.9,3.82,5.77,94.5,150,106,20281
2025-05-01,App_B,Android TV,Comcast Xfinity,Fastly,Country,VOD Movies,1.1,2.78,1.08,0.57,0.84,1.59,7.2,0.98,7802,40.8,12090,57878,123047,92.7,73.7,56.3,41.6,65.8,90.8,0.93,86.2,6.2,3.41,5.29,95.5,155,104,19634
2025-05-02,App_A,Tizen,Broadband,Cloudflare,Metro,FAST linear,1.16,3.03,1.28,0.52,0.67,1.43,6.29,1.24,7095,39.8,13880,65984,144315,90.4,73.7,60.7,44.3,66.7,90.9,1.11,77.7,5.2,3.98,6,96.7,117,81,23975
2025-05-02,App_B,Android TV,Comcast Xfinity,Akamai,Country,VOD Movies,1.11,2.51,1.27,0.43,0.99,1.66,6.7,1.06,6686,35.5,12404,59969,126816,90.6,77.9,60.6,47.3,70.3,93.6,1.03,79.9,5.5,3.8,5.62,94.8,158,115,20018
2025-05-03,App_A,iOS,Airtel,AWS CloudFront,Region,Live Sports/Events,1.17,2.55,1.32,0.57,0.82,1.53,7.38,1.01,8636,38,15215,73771,155009,92,70.9,56.7,43.8,67.7,96.2,1.07,82,6.5,3.38,6.14,93.9,118,100,23875
2025-05-03,App_B,Desktop Web,Comcast Xfinity,Cloudflare,Region,Live Sports/Events,0.98,2.41,1.01,0.54,0.66,1.23,7.12,1.33,6199,36.5,11309,54039,137835,91.2,76.7,60.6,41.5,70.2,91,0.88,79.9,5.6,4.13,5.27,96.2,136,90,13776
2025-05-04,App_A,WebOS,Cellular 4G,AWS CloudFront,Metro,VOD Movies,1.12,2.45,1.23,0.41,0.68,1.67,6.12,1.06,8240,36.6,13837,65891,176766,88.7,73.2,58.5,43.3,65.9,92.8,0.88,84.2,5.7,4.1,6.06,94.8,123,79,21426
2025-05-04,App_B,Tizen,Broadband,Akamai,Metro,FAST linear,1.02,2.43,1.15,0.49,0.8,1.49,6.72,1.04,6660,39.4,11540,55884,147361,88.7,77.2,61.3,45,66.5,93.2,1,85.7,6.8,4.25,5.16,94.7,117,88,15630
2025-05-05,App_A,FireTV,T-Mobile,AWS CloudFront,Metro,VOD Movies,1.16,2.77,0.9,0.43,0.94,1.41,6.1,0.89,9429,35.5,13977,66496,161757,88.5,72.4,61.4,46.7,64.5,92.6,1.01,79,6.3,3.35,5.68,93.3,127,110,23368
2025-05-05,App_B,Apple TV,Cellular 4G,Fastly,Metro,FAST linear,0.98,2.42,1.06,0.42,0.69,1.32,6.24,1.09,6451,41.6,11486,55362,126920,89.3,73.9,62,43.4,70.1,93.1,0.98,83.3,5.5,3.4,5.56,93.3,141,80,20493
2025-05-06,App_A,Tizen,Jio,Cloudflare,Country,VOD Series,1.19,2.52,0.91,0.51,0.72,1.33,6.17,1.3,7647,34.9,15503,73711,196166,92.2,76.6,58.5,41.2,63,91.2,0.96,83.3,5.5,3.63,5.32,96.3,141,90,26899
2025-05-06,App_B,iOS,AT&T,Akamai,Region,FAST linear,1.17,2.91,0.99,0.41,0.79,1.21,7.43,0.91,7440,34.3,11784,56978,137226,88.9,76.8,55.6,46.3,66.4,91.1,0.93,78.3,6.6,4.12,5.66,93.4,113,94,18714
2025-05-07,App_A,iOS,Cellular 4G,Cloudflare,Country,Live Sports/Events,0.98,3.21,1.07,0.54,0.88,1.64,6.17,1.13,7012,36,15113,72402,184828,88.8,72.8,56.3,44.6,62.2,94.6,0.9,82.8,6.3,3.46,5.85,93.6,123,96,23187
2025-05-07,App_B,Android TV,Cellular 4G,Cloudflare,Country,VOD Movies,1.09,2.94,1.33,0.51,0.96,1.55,7.05,1.07,7663,41,13064,62663,146254,86.7,71.8,61.9,47.3,65,91.8,0.8,79.8,6.3,3.71,5.67,94.4,158,109,21746
2025-05-08,App_A,iOS,Cellular 5G,Akamai,Region,FAST linear,0.94,3.16,1.13,0.51,0.96,1.74,6.47,1.13,8515,39,14812,70358,153175,86.8,73.2,57.4,43.2,69.9,93.6,1.12,84,6.9,3.58,5.85,96.7,136,104,20591
2025-05-08,App_B,Apple TV,Cellular 5G,Cloudflare,Metro,VOD Series,1.03,2.69,1.08,0.42,0.91,1.62,6.3,1.29,6031,37.5,13131,62635,159260,91,77.4,61.5,43.6,64,89.8,0.9,81.6,7,3.65,5.84,94.8,117,87,17117
2025-05-09,App_A,WebOS,Cellular 4G,Akamai,Region,FAST linear,1.01,2.62,1.17,0.52,0.76,1.55,7.33,0.96,9237,40.7,15446,74143,166327,86.6,74.1,60.9,42.3,69.1,93.1,0.81,80.5,6.4,3.54,5.85,96.5,137,102,26832
2025-05-09,App_B,Apple TV,Airtel,Cloudflare,Country,VOD Series,0.98,2.64,1.28,0.44,0.78,1.39,6.2,1.09,6688,36.9,11865,57244,147320,88,74.2,56.1,43.8,62.7,94,0.83,82.1,6.1,4.24,5.62,93.8,133,94,19390
2025-05-10,App_A,Android,Jio,AWS CloudFront,Country,Live Sports/Events,1.01,2.88,1.19,0.55,0.92,1.43,7.43,0.98,7061,40.5,15184,72854,157065,85.9,75,59.1,45.9,68,92.1,0.85,84.8,6.2,4.06,5.5,95.9,111,96,19319
2025-05-10,App_B,Android,Jio,Cloudflare,Metro,Live Sports/Events,1.12,3.12,1.03,0.5,0.67,1.62,7.55,1.16,6470,41,12014,57992,139171,92.9,77.4,55.8,43.8,64.2,96.4,0.85,85.2,7,3.37,5.38,95.9,160,84,20949
2025-05-11,App_A,Desktop Web,Jio,Fastly,Metro,VOD Movies,1.15,2.5,1.16,0.46,0.74,1.24,5.93,1.32,8282,36.8,15493,73863,194694,89.5,72.9,57.4,45.7,68.3,95.1,0.76,82.4,5.6,3.35,5.91,96.1,117,80,20824
2025-05-11,App_B,Apple TV,AT&T,Cloudflare,Region,FAST linear,1.24,3.14,1.01,0.48,0.95,1.42,6.25,1.13,7735,36.2,11509,55381,124363,86.3,75.1,59.8,45.9,64.6,92.8,1.14,80.5,6.8,3.4,5.34,95.2,126,113,19378
2025-05-12,App_A,iOS,Cellular 4G,Fastly,Region,VOD Movies,1.23,3.19,0.97,0.41,0.91,1.28,7,0.89,8965,40.7,13702,65597,173458,87,73.2,56.1,44.5,66,92.1,0.83,77.9,5.7,3.95,5.87,95.4,119,86,23186
2025-05-12,App_B,Tizen,Airtel,AWS CloudFront,Country,VOD Movies,0.99,2.67,1.31,0.56,0.92,1.73,6.92,0.95,6499,38.1,12316,59342,132961,91.9,76.7,56.1,45.9,66.7,96.5,0.76,80.4,5.5,3.89,5.79,96.7,114,109,19526
2025-05-13,App_A,FireTV,Comcast Xfinity,AWS CloudFront,Country,VOD Series,1.23,2.64,1.29,0.39,0.94,1.58,6.51,0.96,8236,36.9,15042,71473,181278,88.3,74.8,60.6,45.9,66.9,96.2,0.83,83.9,5.7,3.97,5.63,93.5,150,113,22425
2025-05-13,App_B,Android TV,Jio,AWS CloudFront,Region,FAST linear,1.2,2.95,0.98,0.51,0.92,1.51,6.02,1.25,5834,38.9,11254,54001,131412,92.6,71.2,60.1,43.7,63.2,94.2,0.8,81.4,6.9,3.36,5.47,94,140,108,19541
2025-05-14,App_A,iOS,T-Mobile,Fastly,Metro,VOD Movies,1.14,2.43,0.9,0.41,0.91,1.48,5.96,1.28,8437,35,13962,67658,177931,88.2,77,57.4,42.9,65.3,91.2,0.78,81.9,7,3.92,5.73,96.3,125,101,18375
2025-05-14,App_B,Tizen,Airtel,AWS CloudFront,Region,VOD Series,0.94,2.72,0.91,0.45,0.74,1.64,7.19,1.16,6540,38.2,11530,55312,127349,89.6,71.8,57,47.2,67.9,96,1.03,80.3,5.5,3.79,5.47,95.3,156,96,19739
2025-05-15,App_A,Android,Verizon,Fastly,Metro,Live Sports/Events,1.1,2.69,1.18,0.52,0.8,1.54,7.21,0.89,8661,36.3,13628,65397,176243,86.8,76.8,58.7,41.6,67,93.9,0.96,84.6,5.2,3.53,5.39,96.2,148,81,19924
2025-05-15,App_B,iOS,Broadband,Cloudflare,Country,VOD Movies,1.25,2.89,1.25,0.47,0.9,1.39,7.37,0.95,6356,35.7,11998,57327,151275,90.3,77.2,62.4,42.5,68.9,89.8,0.79,79.1,6.8,3.35,5.32,93.5,120,95,20720
2025-05-16,App_A,WebOS,Wi-Fi,Fastly,Region,Live Sports/Events,1.21,3.03,1.09,0.48,0.87,1.28,5.93,0.89,8691,39,14080,67842,146293,91.7,76.9,55.6,45.5,67.7,94.7,1.01,84.7,6,3.78,5.42,94.6,123,90,22087
2025-05-16,App_B,iOS,Comcast Xfinity,Akamai,Country,VOD Movies,0.97,2.95,1.25,0.57,0.93,1.56,6.14,0.98,7734,33.9,11125,53014,127823,91.4,77,60.8,46.8,63,90.9,0.82,82.4,6.1,4.21,5.14,95.9,134,80,14504
2025-05-17,App_A,WebOS,Comcast Xfinity,Akamai,Country,Live Sports/Events,1.13,2.88,0.97,0.54,0.81,1.52,6.84,1.2,8531,34.2,13374,64192,164413,86.3,71.8,57.1,43.8,63.2,92.5,1.02,85,6.2,3.63,5.67,95.3,131,93,17735
2025-05-17,App_B,Tizen,T-Mobile,Akamai,Country,FAST linear,1.23,2.55,0.99,0.47,0.69,1.36,6.02,1.09,7787,40,11752,55823,137458,89.4,72.2,61.3,47.4,67.7,91.9,0.86,82.7,7,3.36,6.1,96.8,135,86,20241
2025-05-18,App_A,Apple TV,AT&T,AWS CloudFront,Region,VOD Movies,1.16,2.8,0.95,0.55,0.9,1.26,7.31,1.23,7787,40,13286,64315,154812,87.7,71.8,60.1,45.8,67.1,94,0.97,83.8,6.2,3.73,6.01,95.8,140,84,17966
2025-05-18,App_B,Android TV,Comcast Xfinity,Cloudflare,Country,VOD Movies,1.14,2.54,1.24,0.51,0.8,1.44,6.34,1.29,7623,38.8,11725,56211,147175,89.9,71.3,62.6,43.8,65.5,90.8,0.95,85.5,5.6,3.91,5.17,95.1,129,100,19230
2025-05-19,App_A,Desktop Web,Broadband,Fastly,Metro,VOD Movies,1.06,2.51,1.19,0.41,0.86,1.74,7.05,1.28,8440,37,14382,69656,149170,86.9,76.9,59.9,41.6,66.5,90.4,0.76,85,5.4,3.78,5.14,96.7,139,100,24284
2025-05-19,App_B,Android TV,Wi-Fi,AWS CloudFront,Region,FAST linear,1.09,3.15,1.15,0.52,0.8,1.42,6.11,1.29,6560,40.3,12330,59509,159106,88.7,74.5,60.9,42.7,67.1,95.1,0.86,79.9,5.6,3.65,5.46,95.2,122,97,19288
2025-05-20,App_A,WebOS,T-Mobile,Akamai,Country,FAST linear,0.96,2.85,1.07,0.54,0.94,1.55,6.85,1.26,8991,36.6,13784,65913,174427,85.9,73.7,56.9,41.6,69.1,92,0.77,80.9,7,3.81,5.37,96.6,155,82,16710
2025-05-20,App_B,FireTV,Airtel,Fastly,Country,FAST linear,0.99,2.75,1.25,0.49,0.87,1.51,6.56,0.89,6483,34.3,12658,61312,147518,86.4,73.4,59.2,46.4,63.8,92.6,0.81,78.5,6.4,3.46,6.15,95.6,141,100,19203
2025-05-21,App_A,iOS,T-Mobile,AWS CloudFront,Region,VOD Movies,1.14,2.57,0.89,0.44,0.79,1.22,7.53,1.28,8226,36.7,14171,67648,147555,92.8,77.4,57.7,41.1,63.8,94.8,0.93,83,6,3.53,5.52,93.4,112,91,25140
2025-05-21,App_B,Android,Airtel,Cloudflare,Region,VOD Movies,1.03,3.02,1.08,0.54,0.85,1.19,7.47,1.28,6694,36.2,11391,54427,123704,86.7,73.7,57.1,46.5,69.6,92.6,1.04,86,6.3,3.78,5.97,95.5,155,89,15612
2025-05-22,App_A,Apple TV,Verizon,Cloudflare,Metro,VOD Series,1.09,3.19,1.31,0.53,0.93,1.3,6.49,1.13,7521,33.5,14546,70347,184545,87.1,76,61.1,42.7,67.5,95,0.9,78,6.9,3.66,6.13,94.9,120,90,20944
2025-05-22,App_B,iOS,AT&T,Akamai,Metro,VOD Movies,1.24,2.77,1.26,0.53,0.69,1.27,6.51,1.29,5779,38.3,12008,57348,156089,90.5,75,57.7,46.5,65.5,89.7,0.81,83.4,6.3,3.44,5.98,95.6,136,103,17096
2025-05-23,App_A,Android,Wi-Fi,AWS CloudFront,Country,VOD Movies,1,2.52,1.31,0.48,0.68,1.18,7.23,1.14,7610,34.2,13800,66856,156857,90.1,75.1,58.8,41.6,67.2,90.2,0.87,81.8,5.3,4.09,5.44,96.8,129,101,18542
2025-05-23,App_B,Tizen,Cellular 5G,Akamai,Region,FAST linear,1.13,2.45,1.23,0.38,0.69,1.71,7.45,1.08,6488,34.1,12429,59177,144716,91.8,71.1,60.8,46,68.6,90.1,1.08,78.5,5.8,4.18,5.34,93.2,129,96,20009
2025-05-24,App_A,WebOS,Cellular 5G,Akamai,Metro,FAST linear,1.08,2.46,0.99,0.49,0.95,1.44,7.17,1.2,8298,35.3,13564,65698,152868,86.5,75.2,57.4,46,68.4,95.7,0.92,82.1,6.7,3.87,5.28,95.8,149,107,21243
2025-05-24,App_B,Apple TV,Airtel,Fastly,Metro,VOD Movies,1.05,2.64,1.25,0.52,0.8,1.37,7.03,0.98,6661,34.9,10999,52967,117466,90.9,74.6,59.5,42.3,69.4,90.4,1.05,78.8,6.9,3.55,5.95,93.6,135,95,18399
2025-05-25,App_A,Android,Wi-Fi,AWS CloudFront,Metro,VOD Series,1.03,2.78,1.14,0.49,0.89,1.65,7.15,1.18,8811,35.9,14901,71448,174976,88.8,71.7,62.7,42.1,64.1,93.8,0.82,78.4,5.3,3.97,6,94.4,118,84,20073
2025-05-25,App_B,Android,Comcast Xfinity,Akamai,Country,VOD Series,1.13,2.68,1.1,0.52,0.89,1.34,7.6,1.1,7369,36.8,12260,58424,144982,91.7,77.8,58.7,44.9,68.3,96.7,0.87,82.7,5.3,3.38,6.12,95.5,116,113,21085
2025-05-26,App_A,FireTV,Broadband,Cloudflare,Region,VOD Series,1.05,3.16,0.9,0.49,0.8,1.44,7.44,0.91,7964,38.6,14797,70704,172367,85.9,74.4,57,42.5,69.9,94.8,0.92,81.7,6,3.58,6.06,95.9,132,97,24509
2025-05-26,App_B,Android TV,Cellular 4G,Akamai,Metro,FAST linear,0.98,2.93,1.18,0.51,0.85,1.62,7.42,1.01,5992,39.6,11435,55429,128939,88.9,76.8,57.3,43.1,70.1,95.3,1.04,83.2,5.9,4.24,5.5,95.8,141,85,16062
2025-05-27,App_A,WebOS,Airtel,Fastly,Region,VOD Series,1.18,2.52,1.27,0.48,0.76,1.71,7.34,0.93,7489,35.9,15305,73320,164381,85.9,76.6,59.2,44,67.5,94.6,1.08,83.3,5.2,3.59,6.17,96.4,132,94,19970
2025-05-27,App_B,Android,Airtel,Akamai,Metro,Live Sports/Events,1.18,2.86,1.24,0.45,0.71,1.5,6.14,1.05,6135,33.4,11918,56658,141382,92.6,72.5,57.6,47.2,68.7,90.4,1.12,81.6,5.5,3.39,5.88,94.7,143,88,15684
2025-05-28,App_A,Desktop Web,Verizon,Cloudflare,Metro,Live Sports/Events,1.15,2.58,0.92,0.43,0.78,1.45,7.31,1.03,7943,38.1,14058,67279,156924,88.3,75.1,56.4,45.7,64.8,94.7,0.97,80.5,6.9,3.59,6.07,95,114,112,18003
2025-05-28,App_B,Android,Airtel,Akamai,Country,FAST linear,1.03,2.49,1.25,0.45,0.88,1.39,6.79,1.11,7444,40,11879,56936,120357,90.6,76.5,58.3,45.5,66.6,91.4,0.93,79.6,6.2,3.5,5.46,93.8,132,83,16643
2025-05-29,App_A,Android,Airtel,Cloudflare,Country,VOD Series,1.06,3.11,1.24,0.39,0.78,1.64,6.35,0.97,7420,38.1,14596,70004,189420,89.6,77.5,58.8,45.3,62.4,90.9,0.8,83.2,6.5,3.31,5.25,94.6,153,78,21788
2025-05-29,App_B,FireTV,Jio,AWS CloudFront,Metro,Live Sports/Events,1.2,2.69,0.95,0.45,0.81,1.49,7.24,1.21,7297,34,11306,53791,138687,89.1,72.6,62,44.8,66.7,90.1,1.03,82.1,5.3,3.49,5.15,94.7,145,82,15353
2025-05-30,App_A,iOS,Comcast Xfinity,Akamai,Region,Live Sports/Events,1.06,3.06,1,0.39,0.72,1.3,6.42,1.23,8409,34.5,14447,69915,165151,91.2,73.8,58.5,41.2,69.1,89.6,0.95,82.5,6.9,3.58,5.57,96.3,129,89,23578
2025-05-30,App_B,Apple TV,Broadband,Akamai,Country,VOD Series,1.22,2.59,0.92,0.48,0.9,1.6,7.4,1.02,6159,40.3,12308,58564,156220,87.1,72.3,58.5,44,63.2,94.6,0.86,79.7,6.4,3.94,6.23,94.7,112,91,19200
2025-05-31,App_A,FireTV,Jio,Cloudflare,Country,VOD Series,1.09,2.48,1.17,0.52,0.87,1.48,6.34,1,8705,35.8,13874,67231,143015,87.5,78.2,60,43.3,67.2,95.6,1.03,85.6,6.1,3.9,6.04,93.7,122,112,22294
2025-05-31,App_B,FireTV,Jio,AWS CloudFront,Country,VOD Series,1.01,2.72,0.91,0.56,0.75,1.52,6.64,0.93,6630,38,11576,55262,117757,87.6,77.6,61.3,44.6,69,94.3,0.97,79.8,6.5,4,6.22,94.7,141,102,15792
2025-06-01,App_A,Android,Broadband,Akamai,Country,Live Sports/Events,1.21,2.65,0.97,0.54,0.77,1.72,6.59,1.04,7013,33.2,13092,62466,132721,92.4,71.3,57.9,46.2,62.3,93.3,0.81,78.8,5.6,3.7,6.01,96.8,112,105,22098
2025-06-01,App_B,FireTV,Jio,Cloudflare,Country,VOD Movies,1.09,2.76,0.96,0.53,0.95,1.25,7.32,1.14,7523,38,11025,52871,117919,90.4,74.2,60.4,43.3,68,90.8,1.09,83.6,6.2,4.11,5.6,93.4,111,97,17945
2025-06-02,App_A,Android TV,Wi-Fi,AWS CloudFront,Region,FAST linear,1.02,2.46,0.92,0.53,0.83,1.68,7.06,1.15,8136,35.2,13404,64081,150583,88.5,77.7,61.8,46.9,63,95.3,1.02,81.6,6.7,3.99,6.03,95.4,120,92,16118
2025-06-02,App_B,Tizen,Cellular 4G,AWS CloudFront,Metro,VOD Movies,1.04,2.77,0.99,0.48,0.84,1.43,6.47,1.2,6353,33.2,11623,55727,150160,90.3,73.8,61.8,45.8,69.1,96.4,0.88,81.7,6.1,4.2,6.02,94.6,120,103,19858
2025-06-03,App_A,WebOS,Cellular 4G,Cloudflare,Metro,Live Sports/Events,1.06,2.81,1.11,0.54,0.75,1.69,7.53,0.96,7635,34.3,14209,67527,145124,88.8,77.9,62.3,43.5,63.8,93.9,0.96,85.4,6.2,3.62,5.3,96.7,110,90,20577
2025-06-03,App_B,iOS,Broadband,Akamai,Region,FAST linear,1.1,3.12,1.2,0.38,0.71,1.52,7.57,1.19,5984,35.4,10996,53286,119842,90.4,75.1,60.5,45.5,62.8,96.7,0.75,85.2,5.4,3.61,5.91,95,151,99,19676
2025-06-04,App_A,Apple TV,Wi-Fi,Fastly,Metro,VOD Series,1.18,3.12,1.19,0.5,0.81,1.23,6.77,1.29,8801,40.1,15201,72710,152610,90.4,74.6,60,45.3,66.7,93.6,0.92,79,5.6,3.65,6.2,96.5,152,101,19589
2025-06-04,App_B,Android TV,Airtel,Cloudflare,Region,VOD Movies,1.03,2.42,0.88,0.53,0.68,1.68,7.25,0.9,6470,34.8,12067,57324,132744,86.2,74.1,59,43.4,63,94.9,0.81,81.3,6.9,3.7,5.35,97,135,113,17643
2025-06-05,App_A,WebOS,Broadband,Fastly,Metro,Live Sports/Events,1.17,3.05,1.1,0.43,0.93,1.4,6.5,0.96,6893,38.8,13908,67109,144007,87.3,72.7,60.5,44.3,66.8,90.6,0.9,80.5,6.1,3.52,5.37,96.7,124,103,21047
2025-06-05,App_B,Android TV,Comcast Xfinity,Akamai,Region,FAST linear,1.19,2.55,1.26,0.52,0.88,1.64,6.41,1.21,6143,37.4,12798,61444,159441,92.9,72.4,60.9,43.4,70,91.7,0.86,85.6,6.2,3.77,5.28,94.5,133,93,19921
2025-06-06,App_A,Android,AT&T,Akamai,Metro,FAST linear,1.21,3.12,1,0.41,0.81,1.25,6.61,1.12,8842,34.7,15006,71804,179951,90.1,77.1,60.2,44.7,66.8,89.8,0.81,80.9,6.3,3.99,5.98,96.1,124,79,26518
2025-06-06,App_B,WebOS,AT&T,Fastly,Region,FAST linear,1.22,3.18,1.3,0.39,0.73,1.55,7.24,1.23,6063,36.5,12387,59600,141201,88.2,72.3,62.5,45.5,69.1,90.4,1.01,78.6,6.9,4.02,5.83,94.2,130,88,21703
2025-06-07,App_A,iOS,T-Mobile,Fastly,Country,VOD Series,1.15,2.74,1.13,0.45,0.72,1.43,6.11,0.98,6868,33.3,14595,69568,168711,87.6,76.4,60,44.6,62.9,94.5,0.78,83.7,6,3.98,5.85,94.7,151,92,18721
2025-06-07,App_B,FireTV,Broadband,Akamai,Metro,Live Sports/Events,1.01,3.03,1.28,0.42,0.79,1.38,6.29,1.02,5978,34.8,12230,59226,126867,88,73,57.9,42.9,69.9,93.2,0.95,81.9,6.4,3.62,5.89,96.2,111,101,15049
2025-06-08,App_A,Android TV,T-Mobile,Cloudflare,Country,Live Sports/Events,0.94,2.89,1.14,0.51,0.73,1.63,7.32,1.22,8468,33.8,13713,65291,138088,88.7,75.2,60.5,44,65.1,93.5,0.76,80.5,5.6,3.68,5.86,96.4,120,86,24291
2025-06-08,App_B,Desktop Web,Comcast Xfinity,Fastly,Region,VOD Series,0.96,2.49,1,0.46,0.69,1.27,6.5,1.29,5710,37.6,12082,57812,127334,92.7,78.3,55.8,43.7,64.8,90,0.86,79.9,6.7,3.41,6.11,93.3,120,108,19051
2025-06-09,App_A,Android,Wi-Fi,Fastly,Country,VOD Movies,1.09,2.38,1.09,0.52,0.91,1.61,6.75,1.12,8737,38.8,14366,68745,183307,88.1,75.7,58.2,43.2,69.8,95.2,0.83,85.5,6.6,3.6,5.6,96.8,129,98,21939
2025-06-09,App_B,WebOS,Broadband,Fastly,Metro,FAST linear,0.97,2.77,1.25,0.42,0.83,1.22,7.59,1.02,7175,38.3,12769,60699,152334,87.5,71.7,57.9,47.2,68.8,90.9,0.89,78.6,5.8,3.85,5.24,96,135,79,17008
2025-06-10,App_A,Android,Verizon,Akamai,Country,VOD Series,1.23,3.07,1.03,0.51,0.68,1.39,6.23,1.07,7767,38.8,13414,64755,144559,93.1,78.4,61.6,41.2,64.8,91.6,0.94,78.1,5.8,3.92,6.1,96.3,114,90,22138
2025-06-10,App_B,Tizen,Wi-Fi,Akamai,Metro,Live Sports/Events,1.01,2.52,1.23,0.49,0.69,1.29,6.45,1.3,6576,37.4,12524,60184,143333,92.4,72.1,62.6,43.7,66.3,91.9,1.09,80.1,6.9,3.83,6.02,95.1,114,94,21473
2025-06-11,App_A,Android,Jio,AWS CloudFront,Country,FAST linear,0.93,2.91,1.12,0.42,0.91,1.44,6.61,1.29,8849,34.5,14959,71282,179152,88.4,75.2,62.6,47.1,70,92.9,0.92,82.3,5.5,3.48,5.36,94.5,125,78,21112
2025-06-11,App_B,FireTV,Cellular 5G,AWS CloudFront,Region,VOD Series,1,2.87,1.3,0.45,0.77,1.66,6.15,1.09,5782,39.3,11059,53164,113250,87.7,72.9,62.6,47,65.1,93,0.87,86.6,6.7,3.53,5.83,95.2,153,101,18279
2025-06-12,App_A,Tizen,Jio,AWS CloudFront,Country,FAST linear,0.98,3,1.14,0.41,0.73,1.53,6.83,0.96,8165,37.9,14189,68381,143897,89.4,74.5,62.8,44,63.4,94.6,1.09,80.1,6.1,3.97,5.24,94.1,121,108,18598
2025-06-12,App_B,iOS,Cellular 4G,Fastly,Country,FAST linear,1.23,2.37,1.23,0.49,0.72,1.28,6.96,1.18,7484,34.6,12188,58899,141593,92.4,78.2,57.2,41.6,66.2,93.1,0.89,81.1,6.8,3.93,5.67,94.6,130,96,21544
2025-06-13,App_A,FireTV,Broadband,Fastly,Country,Live Sports/Events,1.08,2.79,1.18,0.52,0.91,1.16,7.28,0.87,6907,37.8,14263,67825,144138,90.8,77.1,60.3,42.4,68.8,93.5,0.85,83.9,5.9,4.06,5.56,95.6,117,88,17993
2025-06-13,App_B,Tizen,Cellular 5G,Fastly,Metro,VOD Movies,1.05,3,1.22,0.52,0.65,1.23,7.51,1.24,6086,36.7,11946,57904,150733,89.8,74.6,56.3,47.7,69.4,92.5,0.97,79.7,5.3,4.19,6.24,94.3,145,110,14957
2025-06-14,App_A,Android,Cellular 4G,Cloudflare,Region,VOD Movies,1.03,2.82,0.98,0.51,0.9,1.49,6.34,1.06,8944,33.7,14258,68922,167917,90.3,77.3,58.1,41.6,66.8,90.8,1.08,78.6,5.8,3.52,5.98,94.7,114,108,19547
2025-06-14,App_B,Apple TV,Cellular 5G,AWS CloudFront,Region,Live Sports/Events,1.03,3.19,1.13,0.48,0.68,1.56,6.73,1.13,6442,40,11571,55487,138786,87,76,57.4,44.2,66.8,89.8,0.94,83.1,5.5,4.17,6,96.6,142,79,15065
2025-06-15,App_A,Apple TV,Wi-Fi,Cloudflare,Country,VOD Movies,1.05,2.71,1.22,0.53,0.79,1.54,7.34,1.15,7816,33.1,14637,70785,174221,92.3,72.6,58.9,43.4,65.2,91.4,0.92,84.6,5.5,3.93,5.86,93.9,115,82,20642
2025-06-15,App_B,Desktop Web,T-Mobile,Fastly,Region,Live Sports/Events,1.1,2.71,1.21,0.55,0.88,1.62,6.4,0.93,7255,33.2,11049,53298,121765,89.8,77.4,62.4,45.8,65.7,91.9,1.07,83.8,5.5,3.68,5.6,94.1,150,99,13653
2025-06-16,App_A,FireTV,Cellular 4G,Fastly,Region,VOD Series,1.06,2.7,1.18,0.39,0.92,1.54,6.15,1.12,8097,36.7,14282,67914,158088,88.2,73.2,56.1,46.4,63.1,93.7,1.02,83.5,6.3,3.48,5.6,94,111,100,18593
2025-06-16,App_B,iOS,Broadband,Akamai,Region,VOD Series,1.04,2.54,0.92,0.37,0.67,1.43,6.94,1.26,7625,34.5,11705,56175,135401,89.3,75.5,57.2,47.6,66.3,93.9,0.84,83.8,6.4,4.13,6.25,96.1,112,79,19719
2025-06-17,App_A,Desktop Web,Airtel,AWS CloudFront,Metro,VOD Movies,1.11,2.62,1.17,0.46,0.81,1.71,6.01,1.01,7611,37.3,13310,63242,158256,92.3,77.5,57.6,44.9,67.4,89.7,1.08,84.8,6.1,4,5.29,96.2,147,104,16360
2025-06-17,App_B,FireTV,Verizon,Fastly,Metro,Live Sports/Events,1.16,3.05,1.14,0.46,0.92,1.6,6.37,1.29,7294,33.9,11136,53429,127286,86.2,75.6,57.9,43.3,67.2,94.4,0.75,80.4,5.4,3.32,6.01,93.4,111,104,18226
2025-06-18,App_A,WebOS,AT&T,Akamai,Country,VOD Movies,1.23,2.75,1.25,0.4,0.78,1.64,7.4,1.26,7606,37,13465,64193,172498,88.9,72.7,55.9,43.2,70.3,90.3,0.87,80.5,6.7,3.82,5.54,94.7,135,88,17966
2025-06-18,App_B,Android TV,Broadband,Fastly,Country,Live Sports/Events,1.17,2.72,1.04,0.45,0.9,1.27,6.52,1.18,6067,35.2,10991,52226,141054,89.9,76.4,62.2,43.3,70.7,93.8,0.99,78.9,6.5,3.66,5.39,94.2,146,91,13372
2025-06-19,App_A,Desktop Web,Airtel,Akamai,Country,VOD Series,1.12,3.05,0.91,0.44,0.73,1.39,6.45,0.87,9026,39.6,14771,70362,173950,91.1,74.6,56.8,43,64.8,94.4,0.88,85.6,6.5,3.35,5.42,95.2,127,107,25125
2025-06-19,App_B,Android TV,Wi-Fi,Fastly,Metro,VOD Series,1.21,3.09,0.92,0.43,0.66,1.23,7.11,1.02,7055,33.7,10929,52235,132773,87.1,76.5,60.6,47.3,66.4,95.8,0.89,80.1,6.6,3.96,5.9,95.9,118,85,18622
2025-06-20,App_A,Android TV,AT&T,Akamai,Region,VOD Series,1.03,2.94,1.07,0.51,0.69,1.62,7.32,1.02,8674,37.3,14744,70298,184567,92.1,73,57.8,46,65.8,96,0.9,78.9,5.6,3.86,5.67,94.3,135,100,21394
2025-06-20,App_B,Desktop Web,Comcast Xfinity,Akamai,Metro,Live Sports/Events,1.09,2.61,0.88,0.47,0.83,1.2,7.42,1.09,7054,40.3,10912,51913,124909,89.4,74.9,61.5,43.3,69.9,94.2,1.08,86.6,5.2,3.99,5.24,93.5,149,101,13605
2025-06-21,App_A,Android,Broadband,Fastly,Country,Live Sports/Events,1.14,2.45,1.11,0.42,0.87,1.52,6.79,0.94,7549,35.6,13898,66408,155995,91.3,73.3,58.7,45.9,69.6,94.6,0.76,81,6.3,3.34,5.92,96.4,129,79,18210
2025-06-21,App_B,Android,Jio,Cloudflare,Metro,VOD Series,1.12,2.92,1.02,0.44,0.91,1.42,6.29,1.29,5964,33.1,11425,55034,121208,91.1,72.9,60.9,41.9,70.8,92.4,1.02,83.2,5.3,3.82,6.14,96.7,139,87,14735
2025-06-22,App_A,Tizen,AT&T,Cloudflare,Metro,Live Sports/Events,0.97,3.02,1.16,0.37,0.92,1.64,7.27,1,8132,33.3,15075,72572,193852,92.2,74.8,57.7,41.8,65.7,93.5,0.78,78.1,6.5,4.1,5.54,96.3,114,102,24607
2025-06-22,App_B,Desktop Web,Comcast Xfinity,Akamai,Metro,FAST linear,1.04,2.48,1.18,0.55,0.87,1.47,7.68,1.16,6341,38.1,12212,59106,143946,92.4,72.2,58.6,44.7,70.3,89.7,0.81,84,6.2,4.15,5.24,93.8,149,98,15813
2025-06-23,App_A,Tizen,Jio,Akamai,Country,VOD Movies,1.08,2.43,1,0.5,0.79,1.22,6.63,0.91,8049,38.7,15101,72679,153724,88.8,78.1,60.9,44.1,63.3,90.9,1.07,82.6,6.9,3.6,5.68,95.8,116,104,25318
2025-06-23,App_B,Apple TV,Cellular 4G,Akamai,Country,VOD Series,1.1,2.39,1.03,0.4,0.88,1.53,6.54,1.02,6477,37.8,12266,58473,142012,87.6,72.3,60.2,46.3,68.2,94.8,0.76,83.5,6.4,3.62,5.92,96.5,110,91,20377
2025-06-24,App_A,Desktop Web,Verizon,Akamai,Region,VOD Series,1.04,2.38,0.88,0.4,0.92,1.22,7.21,1.08,8350,32.9,15203,73603,194976,86.2,72.9,58.7,42.6,68.1,91,1,84.8,6.4,3.86,5.82,94.7,132,109,21105
2025-06-24,App_B,Android TV,Broadband,AWS CloudFront,Metro,VOD Movies,1.01,2.76,1.09,0.52,0.69,1.17,6.3,0.99,6620,37.5,12505,59599,146982,89.2,77.1,61.6,45.1,69.5,94.2,0.8,84.4,6.6,3.79,5.41,94.2,132,88,21858
2025-06-25,App_A,Desktop Web,Cellular 4G,Akamai,Region,Live Sports/Events,1.23,3.09,0.99,0.41,0.75,1.64,6.21,1.11,8082,36,14925,71937,188053,87.6,75.6,57.6,44.9,66.4,96.4,0.94,82.4,6.8,3.94,5.19,96,154,110,22030
2025-06-25,App_B,Tizen,Jio,AWS CloudFront,Metro,FAST linear,0.96,2.49,1.07,0.4,0.7,1.54,7.18,1.02,6672,35.5,12795,61191,164550,89.5,75.8,57,45.5,66.5,93.5,1.1,86.3,5.8,4.11,6.24,94.6,123,102,19193
2025-06-26,App_A,FireTV,Airtel,AWS CloudFront,Region,Live Sports/Events,1.02,2.57,1.11,0.54,0.8,1.67,7.18,0.91,7031,33.8,13852,66221,156809,88.6,71.6,56.7,47.2,65.8,91.6,0.91,85,6.5,4.05,6.01,94.2,138,94,20424
2025-06-26,App_B,Android,AT&T,Cloudflare,Country,VOD Series,1.21,2.4,1.25,0.41,0.81,1.4,6.41,0.96,6735,38.2,11951,56942,143298,87.9,73.4,56.5,44.8,66.5,90.2,1.1,82.4,5.5,4.02,5.75,95.3,155,93,16211
2025-06-27,App_A,Apple TV,T-Mobile,Cloudflare,Metro,VOD Series,0.99,2.89,1.02,0.38,0.71,1.72,6.43,1.03,9160,33.3,13708,65543,148589,86.1,76,62.1,44.7,67.6,89.9,0.95,82.9,6,4.13,5.42,94.1,129,83,16752
2025-06-27,App_B,FireTV,Wi-Fi,Akamai,Metro,VOD Movies,1.16,2.98,1.14,0.51,0.69,1.37,7.23,1.13,7457,34.3,11143,53204,128771,90.4,72.9,60.4,46.6,66.6,94,0.77,81.6,5.8,4.08,5.63,96.1,144,99,15140
2025-06-28,App_A,Android TV,AT&T,Fastly,Metro,Live Sports/Events,1.01,2.36,0.94,0.52,0.73,1.37,7.54,0.87,9210,33.6,14207,68224,162812,89.7,72.5,61.7,43.1,70.2,92.8,0.77,81.3,6.1,4.09,5.22,95.7,150,101,22536
2025-06-28,App_B,Android TV,Verizon,Fastly,Region,FAST linear,1.02,2.58,1.22,0.45,0.72,1.7,6.89,1.1,7000,35.1,11716,56473,123218,91.6,74.5,60.7,47.8,70.8,91.6,0.97,86,6.7,3.68,5.76,94.5,150,108,16313
2025-06-29,App_A,WebOS,Wi-Fi,Fastly,Country,VOD Series,1.02,2.61,1.03,0.43,0.77,1.43,6.97,1.03,8021,35.5,14347,69510,162801,90.3,75.1,59.4,47.1,63.2,90.7,1.01,80.8,6,3.54,6.14,93.9,134,100,23825
2025-06-29,App_B,Apple TV,Wi-Fi,Akamai,Region,FAST linear,1.02,2.76,1.03,0.47,0.88,1.72,6.11,1.15,7008,38.5,12158,58709,154737,86.9,74.6,57.3,45.9,64.8,93.8,0.94,86,6.8,3.42,5.52,96.6,116,107,16427
2025-06-30,App_A,Desktop Web,Wi-Fi,Cloudflare,Metro,FAST linear,0.94,2.8,0.86,0.55,0.9,1.71,6.32,0.88,7113,36.6,13792,65592,164198,89,72.6,57.5,41.7,63.5,94.8,0.78,81.3,6.4,3.31,6.18,94,134,84,19705
2025-06-30,App_B,FireTV,Wi-Fi,Fastly,Metro,VOD Movies,1.2,2.77,1.23,0.51,0.81,1.44,7.6,1.21,6697,33.4,10967,52176,139030,86.3,74.3,58.1,44.2,63.9,96.6,0.8,80.1,5.7,3.74,5.83,93.8,108,97,17434
2025-07-01,App_A,WebOS,AT&T,Cloudflare,Metro,FAST linear,1.14,2.44,0.9,0.45,0.95,1.58,7.17,1.28,6922,33.3,15135,73285,176236,86.7,76.2,60,41.4,62.8,94.9,1.07,80,5.4,3.29,5.93,94.1,146,84,26083
2025-07-01,App_B,Android TV,T-Mobile,Cloudflare,Country,VOD Movies,1.06,2.74,1.08,0.43,0.81,1.19,6.85,0.86,7669,34.7,11602,55766,128487,89.4,72.5,61.5,42.6,71.1,92.1,1.08,80.8,5.1,3.96,6.27,93.4,116,89,18073
2025-07-02,App_A,Android TV,Comcast Xfinity,Akamai,Region,VOD Series,1.04,2.72,0.99,0.49,0.93,1.61,7.29,1.22,8727,37.5,14376,69023,168976,93.1,72.8,56.8,47.2,66.6,89.8,1.09,85.2,6.8,3.6,5.29,93.6,134,96,25151
2025-07-02,App_B,Desktop Web,Airtel,Fastly,Country,VOD Movies,1.2,2.83,0.91,0.38,0.66,1.4,7.59,1.2,7071,35.3,12768,61843,128210,90.7,71.7,58.8,43.3,65.5,89.9,1,82.3,6.4,3.38,5.66,95.4,138,110,22697
2025-07-03,App_A,FireTV,T-Mobile,Akamai,Country,VOD Movies,1.07,2.71,1.22,0.48,0.8,1.22,6,0.92,7317,33.9,14443,69624,156239,88.4,78.4,56.1,44.4,70.1,94.5,1.08,81.6,5.8,4.17,6.17,97,143,87,18757
2025-07-03,App_B,Apple TV,Wi-Fi,Fastly,Country,Live Sports/Events,0.98,2.45,0.89,0.41,0.94,1.45,7.19,1.26,7149,38.7,11218,54383,116327,89.4,75.8,60.3,47,68.2,91.1,0.99,83.5,5.6,3.4,6.35,96.2,127,110,17053
2025-07-04,App_A,Android,Broadband,Akamai,Metro,VOD Series,1.22,2.75,1.22,0.38,0.88,1.62,6.56,1.08,8225,33.3,14324,69425,159458,86.8,77.3,61.5,43.9,70.3,91,0.91,82.9,5.8,3.57,6.07,95.9,131,100,20687
2025-07-04,App_B,WebOS,Cellular 4G,Cloudflare,Country,FAST linear,1.09,2.84,1.03,0.38,0.74,1.21,6.88,0.95,6634,35.5,12415,60047,149146,90.8,74,61.1,42.3,63.2,95.3,0.97,86,5.5,3.97,6.35,93.6,115,88,16977
2025-07-05,App_A,Apple TV,Cellular 4G,Fastly,Region,FAST linear,0.93,2.86,1.28,0.52,0.85,1.67,7.12,1.18,8779,38.6,14726,70562,150872,89.4,74.5,57.7,44.8,63.6,96.8,0.79,81.8,5.6,3.8,5.69,93.9,134,107,20580
2025-07-05,App_B,Tizen,Comcast Xfinity,Cloudflare,Region,VOD Series,0.99,2.37,0.95,0.39,0.86,1.34,7.71,1.15,6829,36.2,11528,54952,131695,88.1,73.3,58.2,46.1,65.1,91,0.82,80.3,6.7,3.9,5.29,94.8,134,88,19490
2025-07-06,App_A,iOS,T-Mobile,AWS CloudFront,Region,FAST linear,1.06,2.48,0.98,0.48,0.7,1.29,7.15,1.2,7109,35.3,13727,65655,148018,92.5,74.9,63,47.1,68.3,91,0.82,84.5,5.2,4.14,5.58,97,128,109,17542
2025-07-06,App_B,iOS,Jio,AWS CloudFront,Metro,VOD Series,1.18,2.96,0.95,0.5,0.68,1.27,7.28,1.14,7699,36.4,10989,52641,114277,89.5,72.7,58.8,44.2,66.5,96.2,0.78,82.3,6,4.09,6.17,96,151,102,16081
2025-07-07,App_A,Android,Cellular 4G,Akamai,Metro,FAST linear,0.95,3.13,1.26,0.5,0.86,1.37,6.18,1.21,8197,39.6,13371,64440,143200,87.1,78,60.5,46.6,62.9,92.9,0.8,83.8,6.4,3.68,5.95,93.6,153,81,20327
2025-07-07,App_B,FireTV,Cellular 5G,AWS CloudFront,Region,Live Sports/Events,1.21,3.01,1.06,0.43,0.91,1.72,7.01,1.04,6141,33.8,12688,60782,159697,89.9,77.6,56.9,46.4,68.5,94.4,0.75,82.6,5.6,3.31,5.7,93.5,126,96,20868
2025-07-08,App_A,iOS,Comcast Xfinity,Akamai,Metro,VOD Series,0.99,3.09,1.2,0.53,0.8,1.37,6.66,1.15,6901,39.1,13443,65088,135400,92,74,61.9,44.4,69.8,90,1.05,84.6,6.4,3.57,5.72,95.6,140,77,16265
2025-07-08,App_B,Android,Verizon,Fastly,Metro,VOD Movies,1.13,2.62,1.24,0.48,0.83,1.27,6.09,1.21,7629,39.6,11590,55076,115987,86.3,71.5,62.1,43.6,70.6,96.4,0.97,83.4,5.6,4.05,5.74,95.5,135,101,18632
2025-07-09,App_A,iOS,Comcast Xfinity,Cloudflare,Metro,VOD Movies,1.02,2.77,0.99,0.43,0.78,1.51,6.5,1.05,6895,34.4,14803,71591,160277,91.8,71.5,62.6,46.6,67.8,96.1,0.85,80.5,5.3,4,5.47,96.7,121,83,23040
2025-07-09,App_B,Android,AT&T,Fastly,Region,VOD Movies,0.93,2.73,1.09,0.54,0.93,1.5,7.35,1.1,6559,37.6,12468,60217,146900,91.2,76.2,56.3,46.3,70.5,91,0.79,82.7,5.9,3.65,5.55,95,153,103,18315
2025-07-10,App_A,Desktop Web,T-Mobile,Fastly,Metro,VOD Series,0.96,3.03,1.05,0.47,0.77,1.6,7.16,1.25,7889,39.9,14670,70073,157667,91.7,72.4,59.5,41.5,67,95.7,0.8,85.6,5.7,3.79,5.99,96.7,131,88,22380
2025-07-10,App_B,Android TV,Wi-Fi,Cloudflare,Region,FAST linear,1.12,2.72,0.86,0.52,0.76,1.26,7.69,0.88,6029,37.6,11417,54532,138410,89.6,75.1,60.2,45.4,67.9,96.2,1.04,84.8,5.1,3.72,5.28,96.8,146,93,16073
2025-07-11,App_A,Android TV,Wi-Fi,AWS CloudFront,Country,Live Sports/Events,1.19,2.91,1.15,0.37,0.69,1.48,6.03,0.94,9218,39.4,13680,65084,160290,89.7,75.8,60.5,42,62.6,96,0.84,85,6.4,3.72,5.48,94.2,109,81,20179
2025-07-11,App_B,Apple TV,T-Mobile,Cloudflare,Region,VOD Series,0.97,2.96,1.11,0.52,0.76,1.38,7.27,1.2,6061,38.8,12332,59269,155452,91.7,74.5,58,47.4,69.6,90.3,0.74,84.5,5.2,3.3,5.91,95.2,146,88,15579
2025-07-12,App_A,Tizen,Wi-Fi,AWS CloudFront,Region,FAST linear,0.98,3.02,1.19,0.43,0.74,1.67,6.47,1,8538,38.7,13632,66103,140355,86.7,78.5,61.1,42.3,70.5,92.1,0.89,83.4,5.1,4.03,6.02,96.9,136,94,20474
2025-07-12,App_B,WebOS,Wi-Fi,Fastly,Country,Live Sports/Events,1.18,2.73,0.91,0.5,0.71,1.53,6.4,1.02,6965,39.5,12582,60162,159150,89,73,59.8,46.5,68.7,92.9,0.98,84.3,6.3,3.64,6.09,95.3,124,84,22590
2025-07-13,App_A,Tizen,AT&T,AWS CloudFront,Metro,FAST linear,1.17,2.93,1.08,0.42,0.9,1.39,6.46,1.15,9230,34.4,13320,63286,143381,91.4,74.5,61.8,43.9,63.7,93.8,0.73,84.8,6.2,3.56,5.2,93.6,107,96,16976
2025-07-13,App_B,iOS,Broadband,Fastly,Region,VOD Series,1.19,2.4,1.11,0.44,0.72,1.67,6.29,0.95,6612,40.1,12760,61345,132071,86.7,77.4,59.6,47.1,69.7,96.8,1.09,85.8,6.7,4.14,5.25,94.9,151,87,20892
2025-07-14,App_A,FireTV,Cellular 5G,Cloudflare,Region,Live Sports/Events,1.2,2.71,1.28,0.45,0.78,1.16,6.72,1.25,7542,34.5,15255,73552,174880,87.8,73.1,62.3,44.6,65.3,94.4,1.07,80.6,5.3,3.42,6.04,94.1,145,93,21172
2025-07-14,App_B,FireTV,Cellular 4G,Fastly,Metro,Live Sports/Events,1.1,2.36,0.87,0.46,0.7,1.67,7.02,1.24,7608,39.2,11079,52657,140599,86.7,73,62.1,42.5,64.6,93.2,0.88,80.7,6.4,3.9,5.92,96.5,142,97,18673
2025-07-15,App_A,Android TV,Wi-Fi,Fastly,Metro,VOD Movies,1.13,2.5,1.2,0.38,0.74,1.16,7.6,1.05,7090,38.8,15211,72598,196149,86.9,78.1,56.5,42.5,63.6,94.5,0.94,84.7,6.5,3.59,6.21,97.1,147,109,20703
2025-07-15,App_B,WebOS,Cellular 4G,AWS CloudFront,Region,Live Sports/Events,1.08,3.01,0.86,0.4,0.69,1.55,7.29,1.05,6901,36,11677,55573,145035,86.8,78.2,57.1,42.6,66.3,96.5,1.06,83.1,6.8,3.67,5.92,96.4,125,88,20481
2025-07-16,App_A,Apple TV,Cellular 5G,Fastly,Metro,VOD Movies,0.93,2.48,1.02,0.38,0.93,1.56,6.4,1.04,7753,37.4,14351,69366,157058,91.7,76.6,62.1,44.3,63.6,92.7,0.74,85.5,5.1,3.29,5.82,95.6,144,85,23239
2025-07-16,App_B,FireTV,Verizon,AWS CloudFront,Metro,VOD Series,1.09,2.35,1.11,0.54,0.73,1.66,6.5,1.04,6886,37.8,12867,61375,133381,88.9,76.7,59.5,46.2,66.9,96.5,0.84,86.9,5.6,3.68,5.28,96.3,108,101,18950
2025-07-17,App_A,Android TV,T-Mobile,Akamai,Region,FAST linear,1.06,2.73,1.15,0.38,0.78,1.15,7.07,1.13,8900,38.9,14393,69542,159949,93.2,74.6,60.2,44.5,64.6,91.6,0.89,81.3,5.8,3.52,5.25,95.5,108,93,21005
2025-07-17,App_B,Android TV,Cellular 5G,Cloudflare,Metro,VOD Series,1.18,2.72,0.87,0.4,0.74,1.49,6.54,0.88,5744,34.8,11671,56086,149063,90.5,71.9,57.2,43.2,65.6,90.7,1.07,81,5.7,3.82,5.35,94.3,138,91,18080
2025-07-18,App_A,Tizen,Verizon,Cloudflare,Metro,Live Sports/Events,1.07,2.6,1.24,0.54,0.65,1.67,7.3,1.09,6892,39,14479,69652,159581,92,72.1,58.9,47.1,64.6,94,1.09,81.3,6.2,3.74,5.56,97.2,109,94,18849
2025-07-18,App_B,iOS,Cellular 5G,Fastly,Region,VOD Movies,1.11,2.7,0.91,0.53,0.94,1.54,6.87,1.23,6206,38.9,11555,55789,144130,89.4,71.7,56.2,42.4,67.6,91.7,1.09,85,5.4,3.44,5.83,95.4,146,107,16081
2025-07-19,App_A,WebOS,Comcast Xfinity,Akamai,Metro,VOD Movies,1.12,2.95,1.1,0.46,0.85,1.33,7.42,1.16,8849,39.2,15411,74362,180469,92.3,72.4,60.2,41.6,66.1,89.9,0.82,83.4,5.8,3.74,5.2,95.2,123,88,25224
2025-07-19,App_B,Tizen,Verizon,Cloudflare,Metro,FAST linear,0.94,3.01,1.19,0.48,0.83,1.2,6.49,1.2,5772,40.6,11911,57291,123477,86.6,75.9,62.8,48.1,68.5,89.8,0.91,79.7,5.7,3.33,5.52,94.6,122,82,15803
2025-07-20,App_A,Android,Wi-Fi,AWS CloudFront,Country,VOD Movies,1.13,2.52,1.15,0.4,0.8,1.4,7.54,1.25,7133,34.4,13383,64174,167969,91.2,72.1,61,44.9,66.8,95.7,0.93,83.4,6.5,3.98,5.91,96.2,129,104,22545
2025-07-20,App_B,Android TV,Cellular 5G,Fastly,Country,VOD Movies,0.96,2.74,0.99,0.43,0.86,1.16,6.49,1.02,6245,34.8,12527,60220,162649,92.3,75.5,61,42.1,66.1,91.7,0.97,82.8,6.8,3.57,5.54,96.4,128,86,16071
2025-07-21,App_A,WebOS,Cellular 5G,Fastly,Country,VOD Series,1.15,2.66,1.25,0.47,0.89,1.67,7.31,1.14,8865,34,13210,62788,142504,87.1,77.1,56.3,46.8,68.4,96.3,0.92,79.3,6.2,3.99,5.99,96.9,107,102,20099
2025-07-21,App_B,FireTV,AT&T,Akamai,Metro,Live Sports/Events,1.1,2.82,0.88,0.53,0.86,1.33,7.04,1.2,7018,33.4,11566,55370,118933,89.6,75.2,61,46,70,96.4,0.81,83.6,6.6,3.79,5.39,95.9,111,93,15627
2025-07-22,App_A,Desktop Web,Broadband,Cloudflare,Metro,VOD Movies,1.17,2.52,1.19,0.44,0.72,1.28,6.43,1.17,6878,39.7,15181,72735,195338,93,76,62.9,43.4,65.3,92.9,0.92,79.2,6.7,3.34,5.18,95.8,118,104,27046
2025-07-22,App_B,Android,Verizon,Akamai,Country,VOD Movies,1.02,2.74,0.89,0.49,0.94,1.28,6.94,1.17,6825,36.9,11930,57063,147375,89.8,72.6,60.9,43.3,70.6,95.5,0.87,80.7,5.4,4.13,5.75,96.9,139,81,16310
2025-07-23,App_A,Desktop Web,Airtel,Cloudflare,Region,VOD Series,0.94,2.41,1.02,0.4,0.68,1.7,7.08,1.23,7105,34.3,14086,67523,171702,90.7,76.9,62.4,42.7,69,96,0.95,79.5,5.7,3.49,6.1,94.8,152,106,17123
2025-07-23,App_B,Tizen,Jio,Akamai,Region,Live Sports/Events,0.98,2.45,1.14,0.4,0.83,1.59,6.28,0.88,6913,34.6,12034,57797,130098,90.9,71.4,56.6,46.7,65.8,96.9,1.05,79.2,6.8,3.69,5.48,94.6,122,99,19789
2025-07-24,App_A,Desktop Web,Verizon,Cloudflare,Metro,Live Sports/Events,0.99,2.83,0.86,0.43,0.86,1.52,6.16,0.93,7537,39.3,13384,64481,155251,92.5,77.2,56.3,46.5,66.3,90.3,0.75,86.3,5.8,3.87,5.52,96.5,134,91,19632
2025-07-24,App_B,FireTV,Wi-Fi,Fastly,Region,VOD Series,1.2,3.01,0.87,0.51,0.84,1.15,6.51,1.27,7634,34.5,11808,57072,133381,86.3,78.1,63.2,42.7,66.5,93.2,0.8,84.3,6.5,3.29,5.92,94.9,108,102,18851
2025-07-25,App_A,WebOS,Cellular 5G,Cloudflare,Metro,VOD Movies,1.06,2.95,0.93,0.38,0.69,1.33,7.01,1.05,7103,33.4,15167,72261,162070,90.3,71.6,62.1,45.2,69,91.8,0.8,79.4,5.9,3.7,5.44,96.1,121,78,26877
2025-07-25,App_B,WebOS,Cellular 5G,Cloudflare,Metro,VOD Movies,1.19,2.58,1.26,0.39,0.91,1.18,6.73,1.24,7658,36.2,11200,53960,140114,90.9,77.8,56.6,45.4,64.4,90.6,0.97,79.6,5.3,3.29,5.71,94.9,110,106,13789
2025-07-26,App_A,Android,AT&T,AWS CloudFront,Region,FAST linear,1.05,2.65,0.89,0.41,0.83,1.19,6.25,1.16,8332,36.2,13361,63999,161767,88.9,74.9,59.5,43.3,65.2,91.2,0.87,86,6.3,4.06,5.64,96,132,88,21929
2025-07-26,App_B,Android TV,Wi-Fi,Fastly,Region,Live Sports/Events,1.09,2.97,1.05,0.39,0.71,1.49,6.48,0.94,7340,34.8,12625,61006,156925,88.9,76.5,56.4,44.4,66,93.7,0.78,79.9,6.5,4.16,6.34,96.7,134,104,15856
2025-07-27,App_A,iOS,Verizon,Fastly,Metro,FAST linear,1.14,2.76,0.95,0.4,0.88,1.65,7.33,0.97,8092,33.9,13822,65961,177373,87.4,73.3,56.9,47.2,69.5,93.4,1.05,84.6,5.6,4.04,5.28,95.1,124,76,19538
2025-07-27,App_B,FireTV,Wi-Fi,Akamai,Country,VOD Series,0.96,2.98,1.1,0.37,0.93,1.42,6.98,1.21,7316,40,11650,56369,117721,93.3,72.1,62.2,46.3,64.8,91.3,0.74,82,5.2,3.57,6.26,96.3,119,80,16346
2025-07-28,App_A,iOS,Jio,Cloudflare,Country,FAST linear,1.21,2.38,1.23,0.42,0.9,1.68,7.66,0.97,8805,37.4,15148,73091,183684,91.6,77.8,63.2,43.6,70,97,0.99,85.2,5.7,3.67,5.88,94.8,122,106,19649
2025-07-28,App_B,Android TV,AT&T,Fastly,Country,FAST linear,0.99,2.86,1.14,0.45,0.93,1.25,6.14,1.1,5999,40.5,12724,61559,127346,92.1,73.4,60.8,44.1,71.5,89.9,0.77,86.1,6.8,3.98,6.33,94.2,152,103,20894
2025-07-29,App_A,WebOS,Wi-Fi,Cloudflare,Region,FAST linear,1.13,2.36,1.2,0.4,0.63,1.34,6.34,1.04,6943,38,14588,70416,165344,91.2,75,57.6,46.6,66,95.6,1.04,84,5.5,3.63,6.29,96.6,111,89,21188
2025-07-29,App_B,WebOS,Airtel,Fastly,Region,VOD Series,0.95,3.11,1.21,0.5,0.86,1.6,6.57,1.03,7619,33.4,12336,59135,127840,92.1,74.7,56.8,45.3,64.7,94.8,0.93,80.8,6.6,3.98,5.94,94.7,115,83,19477
2025-07-30,App_A,Android TV,Cellular 5G,Akamai,Country,FAST linear,1.04,2.45,1.27,0.46,0.68,1.39,7.62,0.96,8561,33.7,13617,65887,143029,91.6,74.8,59.4,45.8,68.9,96.4,0.73,83,6,4.13,5.3,96.7,115,96,21555
2025-07-30,App_B,iOS,Cellular 5G,Fastly,Metro,Live Sports/Events,0.94,2.83,0.97,0.42,0.67,1.52,6.95,0.89,6545,35.9,12638,60724,156222,88.6,76.1,57.9,45.6,67.5,95.2,0.83,86.4,6.5,3.49,5.29,95.1,106,102,16701
2025-07-31,App_A,Android,Broadband,AWS CloudFront,Region,VOD Movies,0.94,2.38,0.99,0.47,0.63,1.22,6.3,0.9,7590,37,14705,71081,187731,92.4,75.6,61.5,44.7,69.5,89.9,0.81,84.9,5.1,4,6.28,94.1,148,104,25009
2025-07-31,App_B,Apple TV,T-Mobile,Cloudflare,Country,VOD Series,1.05,2.73,1.17,0.37,0.78,1.44,6.5,0.85,7187,39.7,12597,60304,128357,88.7,74.8,59.2,45.3,66.4,92.3,0.97,79.5,6.8,3.7,5.55,94.5,131,79,20113
2025-08-01,App_A,Desktop Web,AT&T,Cloudflare,Region,Live Sports/Events,1.21,2.71,0.88,0.46,0.88,1.62,6.21,0.98,7898,35,13207,63736,168477,89.5,78.5,59,44.2,70.2,93.1,1.01,84.8,5.8,3.41,5.65,94.3,120,87,17135
2025-08-01,App_B,Android,Broadband,Akamai,Region,VOD Movies,1,2.5,0.85,0.46,0.83,1.66,7.06,1.04,6690,36.4,11437,54569,116143,90.8,76,62,47.1,68.1,92.3,0.8,87.3,6.8,3.48,6.11,93.6,152,93,14937
2025-08-02,App_A,Apple TV,Comcast Xfinity,Akamai,Country,Live Sports/Events,1.1,2.33,0.87,0.39,0.72,1.25,6.32,1.24,8161,38.1,13990,67139,157373,92.4,76.4,63.2,43.3,69.2,93.6,0.91,84.8,5.7,4.03,5.99,94.1,122,106,17753
2025-08-02,App_B,Android,Cellular 5G,Fastly,Country,VOD Movies,1,2.52,0.88,0.38,0.93,1.39,6.2,1.21,7077,34.6,11942,57438,121280,90.7,74.3,57.4,43.4,65.3,90.3,0.93,80.9,6.5,3.35,5.81,94.9,106,80,20308
2025-08-03,App_A,Android,Verizon,Fastly,Country,VOD Movies,1.22,2.78,0.86,0.47,0.73,1.48,7.16,0.89,6991,39.7,13156,62953,143838,89,76.4,62.4,43.8,66.2,90.9,0.96,78.6,5.7,3.71,6.18,95.1,148,94,22298
2025-08-03,App_B,iOS,Wi-Fi,Fastly,Metro,FAST linear,1.16,2.33,0.9,0.5,0.63,1.54,6.53,1.19,7498,36.6,11087,53750,136194,93.1,76.7,61.2,43.7,70.8,96.3,1.01,87.3,6.5,3.5,5.99,96.5,132,95,19532
2025-08-04,App_A,Tizen,Wi-Fi,Cloudflare,Country,VOD Series,1.11,3.12,0.95,0.48,0.7,1.44,7.26,1.23,7925,36,13500,64837,152077,87.5,71.9,59.6,46.8,63.5,97,1,80.1,5.8,3.38,5.43,97.1,118,85,22328
2025-08-04,App_B,Apple TV,Jio,Cloudflare,Region,VOD Movies,0.93,2.68,0.86,0.5,0.78,1.49,7.63,0.97,6968,35.2,12566,60726,149561,91.1,75.8,57.8,45.3,68.3,91.6,0.88,83.9,6.6,3.79,6.13,96,119,89,15221
2025-08-05,App_A,Tizen,Wi-Fi,AWS CloudFront,Region,FAST linear,1.01,2.93,1.07,0.47,0.76,1.5,6.92,1.24,7835,33.3,13542,65621,168366,90,73.9,61.4,47.7,68.4,91.4,0.8,82.4,5.2,4,5.33,95.2,128,92,22131
2025-08-05,App_B,WebOS,Jio,Cloudflare,Country,VOD Movies,1.05,2.4,1.04,0.41,0.88,1.62,7.14,0.93,5867,34.1,11121,53869,141642,88.6,76.1,62.5,44.1,64.6,92.5,0.83,87.4,6.1,3.7,5.57,94.4,145,89,16198
2025-08-06,App_A,Android TV,Airtel,Fastly,Country,VOD Movies,1.13,2.82,0.89,0.37,0.67,1.6,6.6,0.99,9066,37.1,14574,70124,148060,87.9,72.7,63.1,43.4,63.2,95.1,0.89,80.3,5.5,3.62,6.25,95.2,142,93,20556
2025-08-06,App_B,FireTV,Jio,Fastly,Metro,VOD Series,1.11,2.5,0.97,0.39,0.88,1.23,6.88,0.93,6177,37,11853,57107,147525,91.9,76.5,56.6,42.5,67.8,93,0.99,86.1,5.4,3.97,5.32,97.2,111,82,18012
2025-08-07,App_A,Android,Comcast Xfinity,Fastly,Region,FAST linear,1.07,2.74,0.99,0.44,0.89,1.4,6.21,0.98,8432,39.4,13879,66181,142265,89.5,78.4,58.9,44.6,70.2,90.6,0.96,82.8,6.5,3.93,5.56,95.2,143,91,19143
2025-08-07,App_B,Tizen,Broadband,Fastly,Country,VOD Movies,0.94,2.62,0.85,0.54,0.87,1.36,7.27,1.19,6272,37.3,12382,59714,129410,89.2,72.9,63.1,45.1,65.7,91.1,0.84,82.4,6.2,3.84,5.91,96,136,84,16385
2025-08-08,App_A,FireTV,Comcast Xfinity,Fastly,Region,VOD Series,0.94,2.74,0.99,0.47,0.64,1.16,6.25,1.1,7618,33,13641,65540,138253,92.1,73.8,63.1,41.9,68.9,92.8,0.84,81.7,5.8,3.77,6.09,95.6,122,96,16675
2025-08-08,App_B,Apple TV,Verizon,AWS CloudFront,Metro,FAST linear,1.14,2.41,0.9,0.45,0.71,1.25,6.95,1.1,7008,34.3,11735,56044,127049,86.4,78.5,60.4,43.1,66.9,93.9,1.06,82,6.1,4.02,6.13,97.2,132,87,17017
2025-08-09,App_A,WebOS,Verizon,Akamai,Region,FAST linear,1.07,2.57,0.94,0.44,0.74,1.24,6.73,0.93,7949,32.8,13154,63658,140928,92.1,76.9,59.9,45.2,68.2,90.4,0.86,84.7,5.9,3.64,6.27,94.1,144,76,22233
2025-08-09,App_B,Apple TV,Verizon,Akamai,Country,FAST linear,1.01,2.67,0.95,0.48,0.84,1.6,6.58,0.85,7436,33.3,11913,56928,126241,86.6,75.8,62,46.4,70.9,96.2,0.95,84.2,6,3.84,5.57,94.8,149,102,18467
2025-08-10,App_A,FireTV,Jio,AWS CloudFront,Country,VOD Movies,1.21,2.52,0.99,0.48,0.82,1.5,6.37,1.01,7251,39.2,14371,69648,176049,87.6,78.1,60,45.6,65.3,96.9,0.96,81,5.3,3.89,5.66,94.1,150,100,17623
2025-08-10,App_B,iOS,AT&T,Fastly,Region,Live Sports/Events,1.2,2.37,0.88,0.48,0.67,1.45,7.5,1.23,7666,34.6,12384,59090,128539,92.6,78.1,61.4,42.8,67.8,90.4,0.84,86.5,5.5,3.29,6.13,94.5,138,87,17269
2025-08-11,App_A,Android TV,Cellular 5G,AWS CloudFront,Metro,VOD Movies,0.96,2.84,1.03,0.44,0.78,1.46,6.82,1.02,9126,32.8,13429,64277,174569,87.9,76,56.6,45,67.1,94.6,0.87,79.6,5,3.38,6.13,94,107,99,22051
2025-08-11,App_B,Tizen,Wi-Fi,Cloudflare,Region,VOD Series,0.94,2.86,1.08,0.41,0.84,1.23,7.11,1,7550,35.3,11604,55608,127448,93.2,78.4,57.3,46.7,67.9,95.9,0.95,85.5,5.6,3.47,6.33,94.7,144,90,19631
2025-08-12,App_A,Android,Cellular 5G,AWS CloudFront,Metro,FAST linear,1.02,2.87,1.16,0.52,0.74,1.56,6.22,0.99,6908,33.5,14651,70187,172020,89.6,75,63.4,46.7,68.2,93.8,1.04,83.5,6.1,3.61,5.97,96,138,81,26148
2025-08-12,App_B,Tizen,Cellular 5G,Akamai,Country,VOD Series,0.93,2.72,1.21,0.41,0.69,1.59,7.68,1.02,5806,39.9,11883,56627,136242,92.2,76.5,59.7,43.6,68.4,92.8,0.87,86.1,5.8,3.6,5.66,95.4,151,93,18875
2025-08-13,App_A,Android,AT&T,Akamai,Country,Live Sports/Events,1.03,2.93,0.93,0.46,0.68,1.38,6.73,0.95,7741,35,13253,64148,141871,87.5,71.9,57.5,47.9,68.3,91.6,1.04,81.1,5.5,3.88,6.19,97.1,121,87,20272
2025-08-13,App_B,WebOS,Verizon,Fastly,Country,Live Sports/Events,0.92,2.63,0.99,0.43,0.64,1.54,7.45,0.89,6487,37.5,12325,58977,158220,90.8,73.3,63.3,44.3,69.1,89.8,0.93,86,5.8,3.98,5.95,95.8,148,96,19034
2025-08-14,App_A,Desktop Web,Wi-Fi,AWS CloudFront,Metro,VOD Series,1.21,2.98,0.93,0.37,0.69,1.47,7.34,1.22,8083,32.7,12987,62568,164065,93,76.7,56.4,42.2,63.2,96.1,0.94,78.8,5.4,4.01,5.85,97.3,124,91,15648
2025-08-14,App_B,Android,Wi-Fi,Fastly,Country,VOD Movies,1.21,2.74,0.99,0.44,0.79,1.55,6.63,1.03,6918,33.9,12274,58487,149289,90.1,76.7,58.6,46.9,67.1,93.9,0.97,80.6,5.2,3.87,5.55,95.7,119,101,17993
2025-08-15,App_A,Apple TV,Jio,Fastly,Country,VOD Series,0.92,2.35,1.16,0.36,0.63,1.47,6.73,1.2,7614,32.4,14507,70058,157770,89,78.2,57.7,43.8,64,92.3,0.9,78.5,6.5,3.83,5.47,94.3,114,99,21292
2025-08-15,App_B,FireTV,Cellular 5G,Akamai,Region,VOD Series,1,2.86,1.23,0.42,0.68,1.42,6.75,1.02,5722,33.7,11463,54770,148278,89.2,78.3,60.7,48.2,71,91.2,0.94,83.1,6.1,3.36,6.21,94.1,149,107,20596
2025-08-16,App_A,Tizen,Cellular 5G,Fastly,Region,Live Sports/Events,0.95,2.73,1.01,0.39,0.88,1.27,6.2,1.22,8424,35.5,14143,67827,153087,91.4,72.1,59.2,44.9,69,96.2,0.9,85,6.4,3.55,6.12,94.9,144,87,24538
2025-08-16,App_B,Desktop Web,Jio,AWS CloudFront,Metro,VOD Series,1.19,2.86,1.21,0.52,0.73,1.14,6.51,0.85,6433,35.5,12190,58837,124727,91.8,75.2,60.3,47,69.1,90.8,0.93,81.9,5.9,3.29,5.46,95,116,101,17359
2025-08-17,App_A,FireTV,Broadband,Cloudflare,Metro,FAST linear,1.09,2.95,1.14,0.38,0.72,1.39,6.44,0.85,8156,38.7,12966,62565,158642,87.5,74.1,59,47.1,63.3,90.4,0.8,82.1,6.1,3.41,5.89,96.2,134,82,18460
2025-08-17,App_B,Desktop Web,Cellular 5G,Fastly,Metro,VOD Movies,1.1,2.95,0.99,0.53,0.83,1.33,7.2,0.94,5898,36.5,12612,61051,146544,93.3,72.5,59.2,46.6,65.1,93,0.98,82.7,5.8,3.94,6.18,94.2,133,84,18487
2025-08-18,App_A,Apple TV,Cellular 5G,AWS CloudFront,Region,VOD Movies,0.98,2.93,1.24,0.47,0.74,1.34,7.03,0.99,6878,32.6,14146,67797,162737,91.1,75,61,44.2,67.7,95.9,0.77,86.2,5.7,3.81,6.33,94.3,121,85,19131
2025-08-18,App_B,Android TV,Broadband,Cloudflare,Metro,FAST linear,0.95,2.6,1.22,0.48,0.69,1.66,7.49,1.11,5756,35,11517,54926,119617,91.4,73.1,57.2,44.4,66.4,90.6,0.95,81.4,5.9,3.92,5.46,95.6,117,78,15294
2025-08-19,App_A,Android,Jio,Cloudflare,Country,VOD Movies,0.95,2.75,1.01,0.42,0.63,1.16,6.39,1.03,7950,35.9,14248,68024,157518,89.7,77.9,56.9,45.8,67.1,93.5,1.05,83.3,5.8,3.84,6.35,95.1,117,76,24685
2025-08-19,App_B,iOS,Cellular 5G,AWS CloudFront,Metro,Live Sports/Events,1.05,3.1,1.24,0.47,0.68,1.13,7.25,1.21,6213,37.6,12632,61230,131002,87.9,73.5,62.9,46.9,69.4,92.9,0.99,85.6,5.9,4.02,6.13,95.5,131,105,21013
2025-08-20,App_A,WebOS,Comcast Xfinity,Akamai,Metro,FAST linear,1,2.68,1,0.45,0.63,1.54,6.63,0.91,7050,37.4,13748,65498,176722,90,76.3,63.3,46.7,65.8,96.8,0.97,79.6,6.6,4.07,5.71,94,120,98,23739
2025-08-20,App_B,FireTV,Verizon,Akamai,Metro,Live Sports/Events,1,2.42,1,0.49,0.75,1.56,6.85,1.04,7109,37.3,10764,51873,125623,91.1,72.7,59.3,46.2,70.3,92.6,0.82,86.3,6,3.53,6.12,97.2,126,93,14800
2025-08-21,App_A,Android TV,Verizon,AWS CloudFront,Country,VOD Movies,1.04,3.01,0.98,0.44,0.62,1.55,6.71,0.84,6968,34.2,13292,64276,162897,87.4,74.8,59.1,46.4,67.6,90,0.72,84.1,6.6,4.04,5.84,96.2,124,97,19837
2025-08-21,App_B,Tizen,AT&T,Fastly,Region,FAST linear,0.94,2.33,1.12,0.5,0.66,1.49,7.23,1.14,7493,34.2,12476,59746,155775,87.3,71.9,60.4,43.5,68.2,90.8,0.78,80.7,5.6,4,5.64,94.9,137,107,17326
2025-08-22,App_A,Tizen,Cellular 4G,AWS CloudFront,Metro,VOD Series,1,2.5,0.9,0.53,0.74,1.14,6.87,0.89,8666,35.4,13880,66958,170396,92.3,72.9,63.3,46.7,68.3,94.2,0.88,80.6,6.7,4.04,5.7,97,146,79,23520
2025-08-22,App_B,Tizen,Cellular 4G,Cloudflare,Country,Live Sports/Events,1.07,2.57,1.15,0.42,0.75,1.22,7.49,0.96,6578,36.3,12443,60048,157682,89.7,73.8,57.4,46.4,65.9,94.1,1.04,81.5,5.4,3.54,5.92,95.3,149,78,14954
2025-08-23,App_A,WebOS,Comcast Xfinity,AWS CloudFront,Country,Live Sports/Events,0.98,3.07,1.24,0.42,0.67,1.24,7.48,0.9,7231,32.7,12945,61914,154208,92.6,76.3,56.6,43,66.2,92.9,0.87,79.3,5.1,3.35,5.58,93.5,127,92,16512
2025-08-23,App_B,Apple TV,T-Mobile,AWS CloudFront,Region,Live Sports/Events,0.92,2.58,1.04,0.48,0.72,1.6,7.3,1.24,7153,36.1,11298,54104,129974,88.4,74.8,57.7,43.7,65.3,96.7,0.82,83.4,6.7,3.37,6.28,94.4,121,89,14098
2025-08-24,App_A,Apple TV,Comcast Xfinity,Fastly,Country,VOD Series,0.93,2.54,1.22,0.45,0.65,1.21,6.26,1.07,8768,37.7,13700,66425,164784,91.5,76.5,61.5,44.7,70.9,91,0.93,81,5.8,3.85,5.87,94.3,117,81,20897
2025-08-24,App_B,WebOS,Cellular 4G,Fastly,Country,VOD Series,1.14,2.97,0.89,0.47,0.63,1.6,7.47,0.99,7024,34.1,12461,59275,147901,90.2,73.4,60.9,44.2,65.3,96.3,0.72,87.7,5.7,4.12,5.42,95.1,110,104,16726
2025-08-25,App_A,Android,T-Mobile,Akamai,Region,VOD Series,0.91,2.32,0.98,0.52,0.85,1.62,6.18,1.05,7668,36.4,12984,62405,157393,92.8,73.4,58.4,45.3,70.1,92.2,0.78,79.5,5.4,3.82,6.03,96.7,116,81,18500
2025-08-25,App_B,Desktop Web,Airtel,Cloudflare,Region,VOD Series,1.1,2.67,1.23,0.49,0.7,1.47,6.34,1.13,6387,34.3,11677,56103,136321,89.3,73.1,58.6,46.1,64.5,91.7,1,87.5,6.6,3.25,6.09,94.5,133,77,18267
2025-08-26,App_A,Android TV,AT&T,AWS CloudFront,Region,Live Sports/Events,1.02,2.42,1.03,0.36,0.73,1.49,6.28,0.89,7892,33.7,14406,69273,151560,87,73.3,61.9,45.1,66.3,95.2,0.9,83.1,5.1,3.96,5.91,97,138,81,18764
2025-08-26,App_B,Android,Verizon,AWS CloudFront,Country,Live Sports/Events,1.21,3.09,1.18,0.38,0.72,1.15,7.22,0.9,7333,32.6,11275,54367,146365,89.4,77.7,63.1,44.1,67,90.9,0.91,79.9,5.2,3.67,6.46,94,123,87,14406
2025-08-27,App_A,WebOS,AT&T,Fastly,Metro,Live Sports/Events,1.17,3.01,1.03,0.52,0.66,1.45,6.81,1.22,8003,37.2,14738,70710,159799,87.6,72.4,61.9,42,64.2,97.1,0.77,84.9,6.1,3.81,5.64,95.8,143,75,21023
2025-08-27,App_B,Desktop Web,Wi-Fi,Cloudflare,Metro,FAST linear,1.09,2.7,0.83,0.43,0.82,1.27,6.3,1.06,6267,37.3,11126,52981,142288,87.1,73.6,60.3,45.3,71,90.1,0.92,79.8,5.5,3.94,5.42,95.5,137,92,17949
2025-08-28,App_A,Desktop Web,Comcast Xfinity,Fastly,Country,VOD Series,1.17,2.87,1.23,0.37,0.63,1.48,7.71,1.05,8894,36.9,12809,62083,132618,88.3,75.1,62.3,42.2,65.5,90.8,0.88,82,6.6,3.54,5.26,94.1,149,81,23042
2025-08-28,App_B,Apple TV,AT&T,AWS CloudFront,Region,VOD Movies,1.05,2.67,0.91,0.36,0.66,1.55,6.85,0.89,6151,36.4,10820,52385,139315,93.2,77.9,56.9,47.8,71.2,90.9,0.75,85,6.5,3.42,6.05,96.6,133,80,13885
2025-08-29,App_A,Android,Jio,Cloudflare,Region,VOD Series,0.94,2.67,1.23,0.49,0.68,1.33,7.66,0.84,7289,35,14731,70631,161922,93,71.6,61.3,46.7,65.8,94.3,0.71,78.6,5.3,3.57,5.76,94.6,141,81,20087
2025-08-29,App_B,iOS,Cellular 5G,Fastly,Metro,Live Sports/Events,1.04,2.43,0.87,0.52,0.7,1.31,7.5,0.99,6824,32.3,10824,52331,121050,87.8,72.3,62.4,46.8,65.4,94,0.99,83.2,5.8,4.08,5.67,94.2,137,85,14252
2025-08-30,App_A,WebOS,Comcast Xfinity,AWS CloudFront,Country,VOD Movies,1.12,2.44,1.21,0.37,0.92,1.2,7.04,0.99,7536,32.8,12894,61912,138734,90.4,74.2,59.6,43.2,65.5,93.6,0.9,84.5,5.5,4.07,5.3,97.1,134,80,16360
2025-08-30,App_B,Apple TV,AT&T,Fastly,Metro,VOD Movies,1.15,2.44,0.94,0.43,0.73,1.23,7.57,1.01,5832,32.6,11401,55213,140950,92,78.5,57,43.4,69.7,93.4,0.83,86.6,6.7,3.64,5.63,95.8,123,81,19621
2025-08-31,App_A,iOS,Cellular 4G,AWS CloudFront,Country,FAST linear,1.14,3.02,1.14,0.46,0.67,1.31,6.32,1.03,6980,37.1,13833,65795,162205,90.5,74.8,61.4,44.6,67.3,90.8,0.83,79.5,6.3,3.64,6,96.6,140,75,21012
2025-08-31,App_B,WebOS,Broadband,Akamai,Region,VOD Series,1.14,2.78,1.08,0.37,0.75,1.55,6.71,1.04,7199,35.9,11932,57372,141097,88.2,74.6,57.4,48.4,70.4,94.9,0.85,87.5,5.3,3.4,5.66,95.6,123,81,19564
2025-09-01,App_A,Desktop Web,Jio,AWS CloudFront,Country,Live Sports/Events,0.92,2.96,1.23,0.49,0.85,1.21,7.69,0.9,8096,34.1,14161,67661,168457,91.4,75.1,57.9,43.2,65.5,94.6,0.84,79.2,5.2,3.38,6.03,96.9,144,78,25324
2025-09-01,App_B,Apple TV,T-Mobile,AWS CloudFront,Country,FAST linear,0.99,3.04,1.11,0.42,0.72,1.28,6.38,1.03,7329,36,12259,58468,143803,87.2,74,63,42.5,69.1,93.5,0.73,79.6,5.5,3.26,6.14,94.6,133,83,16547
2025-09-02,App_A,iOS,Broadband,AWS CloudFront,Metro,VOD Series,1.12,2.49,1.1,0.38,0.82,1.32,7.66,0.92,8607,32.4,13419,64437,162140,90.1,77.5,57.9,42.4,69.5,94.2,0.81,82.2,5.9,3.98,5.29,93.9,118,94,21422
2025-09-02,App_B,FireTV,Wi-Fi,Akamai,Metro,Live Sports/Events,1.09,2.84,1.1,0.44,0.89,1.2,7.62,1.09,5721,34.2,10818,51986,127467,89.3,78.8,63.1,44.8,70.6,95.4,0.81,80.9,5.6,3.46,6.12,96.4,139,99,18168
2025-09-03,App_A,WebOS,Cellular 4G,Fastly,Metro,Live Sports/Events,1.12,2.81,0.85,0.39,0.73,1.46,6.2,0.97,7978,32.8,14644,70994,153707,90,75.7,58.8,46.8,63.2,94.2,1.05,84.4,5.1,3.89,5.76,96.7,145,85,18429
2025-09-03,App_B,FireTV,Cellular 5G,Akamai,Country,Live Sports/Events,1.04,3.01,1.12,0.45,0.62,1.64,6.5,1.21,5998,32.4,11051,53493,123109,91.8,77.3,62.9,46.4,63.9,96.1,1.03,80.3,6.6,3.27,5.53,96,147,99,19714
2025-09-04,App_A,iOS,AT&T,Cloudflare,Country,Live Sports/Events,0.91,2.48,1.11,0.38,0.87,1.64,6.5,0.85,6782,32.9,12818,61138,164235,91.5,78.7,56.9,45,69.8,91.8,0.72,81,5.2,3.6,6.06,94.7,110,101,22259
2025-09-04,App_B,Apple TV,Cellular 4G,AWS CloudFront,Country,VOD Series,0.98,3,0.97,0.35,0.9,1.23,7.39,0.9,7336,36.3,11590,55337,116533,88.1,77.1,63.2,48.5,70.2,96.8,0.72,87.7,5.2,4.1,5.93,97.2,115,85,16492
2025-09-05,App_A,FireTV,Airtel,AWS CloudFront,Country,Live Sports/Events,0.96,2.57,1.18,0.52,0.75,1.35,6.35,1.16,8169,34.9,13274,63310,144004,87,77.9,59.5,41.9,67.2,92.3,0.92,85,6.3,3.35,5.49,94.6,131,75,23196
2025-09-05,App_B,Android TV,AT&T,AWS CloudFront,Region,Live Sports/Events,1.13,2.85,1.14,0.47,0.72,1.12,7.74,0.93,6139,33.1,10674,50915,122854,90.1,77.1,58.3,46.7,65.3,96.9,0.71,81.6,6,3.37,5.96,96.3,122,78,17117
2025-09-06,App_A,WebOS,Cellular 5G,Akamai,Region,VOD Movies,1.17,2.31,0.87,0.5,0.64,1.2,6.8,1.22,6914,37.3,12757,61017,150641,88.6,73.5,58.9,46.6,65,94.9,0.84,86.3,6.1,3.62,5.57,97.4,130,104,21733
2025-09-06,App_B,WebOS,Wi-Fi,AWS CloudFront,Metro,VOD Movies,1.03,2.92,1.17,0.5,0.68,1.18,7.7,1.18,6755,34.4,10728,51997,133409,86.9,74.7,61.6,47.9,72,92.9,0.87,85.1,6.1,4.04,6.13,97.1,134,99,13038
2025-09-07,App_A,Android,Wi-Fi,Fastly,Region,VOD Series,0.94,2.74,1.06,0.41,0.83,1.58,6.3,1.01,7856,34.3,14513,69918,147680,86.6,78.9,62.5,45.8,69.2,92,0.82,78.9,5.7,3.33,6.17,96.2,120,105,22887
2025-09-07,App_B,FireTV,Cellular 4G,Akamai,Metro,Live Sports/Events,1,2.95,1.22,0.42,0.86,1.45,7.74,1.02,7291,37.1,11473,54996,119767,90.1,73,59,45.6,68.4,96.8,0.89,80,5.8,3.71,5.68,94,147,78,20539
2025-09-08,App_A,Android TV,Airtel,AWS CloudFront,Country,FAST linear,1.03,2.9,0.85,0.51,0.76,1.13,7.17,1.22,8730,32.5,13249,63821,141696,90.4,72.1,57.6,47.8,68.5,92.3,0.83,86.7,5.1,3.34,5.47,95.6,139,78,19877
2025-09-08,App_B,Android,T-Mobile,Cloudflare,Country,VOD Movies,1.15,2.56,0.98,0.4,0.83,1.61,6.29,0.95,5783,32.5,12110,57694,128609,87,72.5,58.8,45.2,65.9,95.1,0.83,86.5,5.2,4,5.72,95.8,104,74,18708
2025-09-09,App_A,Apple TV,Jio,Akamai,Region,FAST linear,1.01,2.5,1.02,0.51,0.72,1.56,7.47,0.86,6907,35.4,12956,62476,150832,90.1,75.1,59,46,67.5,93.7,0.84,80.7,6.5,3.62,5.73,95.9,141,106,21613
2025-09-09,App_B,Desktop Web,Broadband,Cloudflare,Metro,FAST linear,0.97,3.04,1.13,0.52,0.73,1.61,6.25,1.2,5801,31.6,10864,52055,123483,92.9,75.6,58.3,47.5,64.3,96.6,0.71,85.5,5.1,3.87,6.23,94.8,135,94,18412
2025-09-10,App_A,FireTV,Broadband,Cloudflare,Region,FAST linear,0.98,2.46,0.9,0.36,0.64,1.57,6.26,1.18,7915,37.4,12694,60904,158487,91.4,76.5,63,48,67.2,95.6,0.91,83.9,5.6,3.5,5.92,96.4,124,86,17132
2025-09-10,App_B,FireTV,Broadband,Fastly,Region,Live Sports/Events,0.98,2.81,0.99,0.38,0.75,1.22,6.55,1.06,7047,36.7,11940,57748,150854,87,76.3,62.8,43.1,65.9,92.5,0.79,86.4,5.9,3.85,6.29,94,140,95,19081
2025-09-11,App_A,FireTV,Wi-Fi,Cloudflare,Region,VOD Series,1.15,3.09,0.89,0.48,0.65,1.51,7.1,1.09,6573,34.7,13956,66804,171017,92.7,72.9,63.6,46.4,70.9,92.8,1.01,84.6,5.2,3.81,5.29,94,115,82,18095
2025-09-11,App_B,Android TV,Cellular 5G,AWS CloudFront,Metro,Live Sports/Events,1,2.66,0.88,0.5,0.87,1.5,7.11,1.03,6831,35.3,11945,57085,145640,87.8,75.4,59.3,44.6,72,97.3,0.92,80,5.9,3.25,5.48,96.5,108,98,16569
2025-09-12,App_A,Android,T-Mobile,Cloudflare,Region,VOD Series,1.19,2.72,1.2,0.39,0.66,1.29,6.53,0.85,7116,31.3,13006,62755,151078,87.4,75.8,58.8,44.8,65.9,94.1,0.76,85.6,6.1,3.82,5.69,97.1,133,98,18406
2025-09-12,App_B,Android TV,Broadband,Akamai,Country,VOD Movies,0.95,2.68,0.94,0.4,0.79,1.48,7.35,0.82,6509,32,10998,52274,120404,89.2,74,63.2,45.3,66,94.6,0.71,80.3,5.1,3.26,5.82,94,119,96,13995
2025-09-13,App_A,Desktop Web,Broadband,Akamai,Country,Live Sports/Events,0.9,2.39,0.96,0.42,0.75,1.2,6.73,0.86,7833,34.9,12622,60574,160410,88.2,75.1,60.9,42.6,70.5,91.7,0.92,85.7,5.4,3.88,5.57,93.8,113,105,15754
2025-09-13,App_B,Apple TV,Cellular 5G,AWS CloudFront,Region,FAST linear,0.96,2.64,1.09,0.52,0.86,1.59,7.47,0.92,6636,34.4,10642,50919,129378,87.1,74.9,58.6,46.5,64.7,95,0.89,82.5,5.7,3.37,5.68,93.7,116,89,13128
2025-09-14,App_A,Apple TV,T-Mobile,Cloudflare,Country,Live Sports/Events,1.09,2.33,0.84,0.42,0.88,1.47,7.66,1.13,7916,34.5,13324,63819,167020,90.7,73,58.5,43.2,63.3,91.6,1.02,83.1,6.2,3.92,5.68,94.2,127,74,17888
2025-09-14,App_B,iOS,T-Mobile,AWS CloudFront,Metro,FAST linear,1.16,2.46,0.98,0.42,0.88,1.58,6.99,1.14,6610,34.7,11846,56714,127004,90.7,71.8,57.4,48.4,68.8,97,0.75,85.1,6,3.34,5.87,96.1,132,88,15595
2025-09-15,App_A,WebOS,T-Mobile,Akamai,Region,VOD Series,0.91,2.96,1.06,0.41,0.74,1.51,7.18,1.17,8186,36.8,12275,58433,133559,87.6,78.7,62.6,46,68.7,91.4,0.72,84.4,5.1,3.81,6.05,93.7,125,97,17218
2025-09-15,App_B,iOS,Broadband,Fastly,Metro,Live Sports/Events,0.89,2.95,1.14,0.47,0.91,1.5,7.02,1.15,6737,32.6,10871,51879,125298,88.8,76.9,57.7,42.7,68,96.3,0.73,82,5.5,3.26,5.96,94.4,126,82,14294
2025-09-16,App_A,Android TV,Jio,Fastly,Country,Live Sports/Events,0.97,2.71,1.2,0.42,0.74,1.41,7.4,1.19,7370,34.3,12315,58785,143594,93.3,72,63.5,42.6,70,91.6,0.96,81.7,5.2,3.52,5.94,95.4,110,78,16280
2025-09-16,App_B,Android TV,Wi-Fi,Akamai,Country,VOD Series,1.11,2.68,0.92,0.43,0.91,1.14,7.34,0.87,5912,33.3,10509,50078,117186,88.5,76.1,57,44.5,70.7,94.5,1.02,85.8,5.3,3.44,5.65,95.6,140,85,17405
2025-09-17,App_A,Android TV,Airtel,Akamai,Country,VOD Movies,1.02,2.92,1.17,0.35,0.61,1.56,7.18,1.15,8229,34.1,12477,59759,137400,87,73.1,63.7,45.1,65.2,94.8,0.75,81,6,3.97,6.01,95.1,140,104,17897
2025-09-17,App_B,FireTV,Comcast Xfinity,AWS CloudFront,Metro,VOD Movies,1.04,2.38,1.17,0.47,0.65,1.19,7.35,0.94,5920,35.7,10941,52340,132695,88.3,73.8,62,47.9,65.2,92,0.96,84.5,5.6,3.39,5.52,95.1,141,81,14503
2025-09-18,App_A,FireTV,Verizon,Cloudflare,Metro,VOD Series,0.9,2.31,0.91,0.41,0.69,1.26,7.29,0.97,8352,30.9,13506,64663,147357,88.7,73.8,59.5,45.7,65,93.7,0.84,79.7,5.7,3.49,6.24,97.3,122,94,23357
2025-09-18,App_B,WebOS,Cellular 5G,Fastly,Country,FAST linear,1.12,2.78,0.84,0.44,0.8,1.61,6.88,1.14,5396,36.3,11656,56234,135035,93.5,79.1,57.6,46.7,70.5,93.3,0.75,84.2,5.8,3.59,5.72,95.5,141,77,20299
2025-09-19,App_A,Desktop Web,Jio,Akamai,Region,FAST linear,1.08,2.38,1.17,0.45,0.67,1.64,7.7,0.91,8087,36.1,13013,62568,133477,92,77.2,61.3,44.5,66.8,93.2,0.8,81.9,5.7,3.42,5.8,94.7,117,93,16086
2025-09-19,App_B,Tizen,AT&T,Akamai,Region,VOD Series,0.92,2.73,0.92,0.35,0.85,1.3,6.69,1.19,7121,33.3,10428,49747,126032,86.9,76.3,59.7,42.9,70.2,97,0.71,83.7,5.7,4,6.15,95.5,104,88,15862
2025-09-20,App_A,Apple TV,Broadband,Akamai,Metro,VOD Series,1.02,2.92,1.19,0.5,0.67,1.41,6.24,1.01,7538,34.7,12700,61194,140532,93,77,57.6,45.4,64.2,90.3,0.75,83.3,6.3,3.52,5.67,97.3,146,74,22638
2025-09-20,App_B,Tizen,Cellular 4G,Fastly,Country,Live Sports/Events,0.97,2.36,0.98,0.43,0.77,1.59,6.55,1.19,6039,32.5,11557,56041,142681,86.9,79.1,59.7,47.2,71.9,96.9,0.97,81.8,5.4,3.9,5.69,96.9,124,99,17969
2025-09-21,App_A,Android,Airtel,Cloudflare,Region,VOD Series,0.92,2.79,0.96,0.44,0.9,1.23,6.28,0.92,7158,31.6,13734,65859,171768,88.3,75.7,57,44.7,63.8,97.2,1.03,81.6,5.7,3.66,6.27,96.9,145,90,17578
2025-09-21,App_B,Tizen,Comcast Xfinity,AWS CloudFront,Region,VOD Movies,1.01,2.54,0.89,0.4,0.67,1.41,6.58,1.19,5849,31.4,10939,52802,126611,88.2,71.9,61.5,42.7,64.2,90.7,0.87,88.1,5.6,3.69,5.76,97.1,122,85,14304
2025-09-22,App_A,Apple TV,Cellular 4G,Cloudflare,Metro,Live Sports/Events,1.11,2.7,0.9,0.52,0.66,1.44,6.55,1.13,7541,30.6,12209,58871,135000,91.1,72.8,59.2,45.1,68.1,91.3,0.75,85.5,6.2,4.04,5.96,94.3,133,78,15777
2025-09-22,App_B,FireTV,Airtel,Akamai,Metro,FAST linear,1.06,2.74,0.84,0.37,0.63,1.15,6.7,1.1,6912,36,10477,50223,115986,90.6,76.2,59.1,47,71.8,95.3,1,85.3,5.3,3.21,5.95,93.7,141,89,18153
2025-09-23,App_A,FireTV,Airtel,AWS CloudFront,Country,VOD Movies,1.14,2.54,1.14,0.4,0.66,1.34,7.14,0.99,7427,30.4,13248,63185,149715,92.4,72.2,59.4,43.7,69.3,90.5,0.98,85.4,5.3,3.87,6.1,96,116,105,22962
2025-09-23,App_B,WebOS,Comcast Xfinity,Akamai,Country,Live Sports/Events,1.06,2.29,0.93,0.4,0.69,1.59,7.17,1.18,6799,37,10664,51464,136838,88.2,74,62.5,46.8,70.3,90.7,1.01,83.8,5.7,3.49,5.86,94.2,129,79,16523
2025-09-24,App_A,iOS,Verizon,Fastly,Region,VOD Series,1.14,3.06,1.15,0.39,0.74,1.29,6.41,1.19,8266,31.2,12432,60057,139554,92.6,72.6,61.4,46,67.1,95.9,0.94,81.6,5.6,4.03,5.69,95,139,86,17536
2025-09-24,App_B,WebOS,Comcast Xfinity,Fastly,Metro,VOD Movies,0.95,2.64,1.14,0.43,0.65,1.54,6.31,1.12,6811,33.3,10233,49241,115580,91.8,78.7,62.5,43,65.9,93.3,0.82,85.4,6,3.83,5.8,95,145,80,12453
2025-09-25,App_A,Tizen,Airtel,Akamai,Country,VOD Movies,1.13,2.59,1.06,0.37,0.87,1.32,6.28,0.95,7360,33.6,13426,64286,139731,91.2,78.5,61.7,44.9,68.2,93.5,1.02,82.2,5.8,3.58,5.3,96.1,121,93,19651
2025-09-25,App_B,iOS,T-Mobile,Fastly,Region,VOD Movies,1.12,2.44,1.01,0.39,0.85,1.35,6.99,1.04,5759,33.8,10449,50402,125284,89.3,77.9,61.4,47.7,64.4,91.8,0.97,85.6,6,3.68,6.09,94.6,145,91,13790
2025-09-26,App_A,Tizen,Comcast Xfinity,Fastly,Country,FAST linear,0.97,2.81,1,0.42,0.76,1.36,7.36,1.16,8410,36.3,12685,60722,147085,93.2,75.6,59.4,48.1,68.3,95,0.72,86.7,5.9,3.26,5.68,95.9,111,96,16120
2025-09-26,App_B,WebOS,AT&T,Fastly,Region,Live Sports/Events,1.18,2.81,1.12,0.49,0.79,1.55,7.16,1.22,6234,31.3,10627,50938,124739,88.7,77.1,61.7,49,65.3,94.7,0.85,81.7,5.1,3.84,6.36,97.4,126,73,18501
2025-09-27,App_A,Android,T-Mobile,Akamai,Country,VOD Series,0.89,2.32,1,0.48,0.89,1.24,6.99,0.95,8372,32.7,13743,65503,161054,87.8,72.8,61.5,47.3,70.8,94.2,0.9,81.2,5.6,3.88,6.03,96.3,104,87,21226
2025-09-27,App_B,FireTV,T-Mobile,Akamai,Metro,VOD Series,0.93,2.88,1.05,0.39,0.63,1.49,7.37,0.91,5656,32,10308,49508,131402,91.5,71.9,59.9,48.7,70.5,91.8,0.96,85.5,5.5,3.45,5.87,96.9,124,96,16323
2025-09-28,App_A,WebOS,Broadband,AWS CloudFront,Region,VOD Movies,1.05,2.3,1.13,0.4,0.63,1.52,6.79,1.04,7915,34.9,12711,60444,159987,91.2,77.1,59.6,42.2,69.2,90.9,0.76,84.3,5.7,3.88,5.97,95.6,110,104,21642
2025-09-28,App_B,Android TV,AT&T,Cloudflare,Metro,FAST linear,0.94,2.82,1.2,0.39,0.89,1.5,7.09,1.11,5784,33,11221,53751,139790,88.8,73.4,62.9,46,69.4,94.5,0.75,86.3,5.1,3.9,6.31,94.7,123,84,18525
2025-09-29,App_A,Tizen,Broadband,AWS CloudFront,Metro,FAST linear,0.98,2.41,1.14,0.39,0.68,1.14,6.73,1.01,6291,30.1,12230,59182,151985,90.8,75.3,63.4,47,65.3,97.3,0.7,81.2,6.1,4.06,5.87,97,106,84,21088
2025-09-29,App_B,FireTV,Verizon,AWS CloudFront,Country,FAST linear,0.99,2.69,0.9,0.38,0.81,1.58,7.78,0.93,5914,34.3,11057,53449,126962,86.7,76.7,58.9,46.6,70.8,91.6,0.98,81.7,5.1,3.52,5.75,94.5,116,82,18537
2025-09-30,App_A,Tizen,Airtel,Cloudflare,Country,Live Sports/Events,1.06,2.77,1,0.4,0.82,1.19,7.38,1.08,7960,35.8,11981,57653,130665,88.6,72.1,62.9,48.3,68.2,96,0.86,84.9,5.3,3.7,6.37,95.7,144,74,20754
2025-09-30,App_B,Desktop Web,Verizon,AWS CloudFront,Metro,Live Sports/Events,1.15,2.92,1.13,0.42,0.62,1.28,6.54,1.04,5866,30.3,11565,55365,149796,91.4,78.7,61.5,47.8,70,93.7,1,87.7,5.2,3.98,5.76,95.8,110,95,16050
2025-10-01,App_A,FireTV,AT&T,Akamai,Region,FAST linear,1.16,2.47,1.19,0.45,0.7,1.36,6.95,0.89,6356,31.2,12280,58607,143382,87.2,72.1,63.8,47.2,69.7,92.5,0.81,84.3,6,3.56,5.8,95.2,116,88,15144
2025-10-01,App_B,Android,Jio,Akamai,Region,FAST linear,1.1,3.03,1.17,0.49,0.87,1.5,6.22,0.97,6147,31.4,11415,54283,123320,87.4,72.3,57.6,45.9,64.4,97.2,0.97,85,5.7,3.23,6.22,96.5,106,81,17771
2025-10-02,App_A,Tizen,Airtel,Cloudflare,Country,FAST linear,1.03,2.58,1.21,0.45,0.61,1.11,7.78,1.1,7434,32.1,12481,59524,136722,89.4,73.3,60.1,44.1,63.8,95.8,0.71,83.7,5.5,3.35,5.52,93.9,136,73,17094
2025-10-02,App_B,WebOS,T-Mobile,Akamai,Country,FAST linear,1.12,3.03,1.14,0.4,0.6,1.44,6.55,1.15,5504,30.1,10234,48891,114871,92,77.1,60.7,48.3,68,96.9,0.71,83.1,5.7,3.84,5.39,95.1,140,79,13188
2025-10-03,App_A,FireTV,Cellular 5G,Fastly,Country,VOD Movies,1.06,2.73,0.82,0.44,0.73,1.38,7.64,1.16,8239,35.2,12276,58878,146352,93.7,76.3,57.4,42.8,68.2,94,0.76,82.7,5.2,3.37,5.44,96.1,105,100,21932
2025-10-03,App_B,iOS,AT&T,Fastly,Region,FAST linear,1.08,2.32,1.11,0.46,0.88,1.43,7.6,0.85,6157,34.6,10697,51583,131064,92.5,75.3,63.1,45.2,65.7,93.4,0.98,83.5,6.4,3.23,5.88,95.7,109,78,19251
2025-10-04,App_A,Apple TV,Wi-Fi,Cloudflare,Region,VOD Series,0.99,2.4,0.93,0.52,0.67,1.49,6.9,1.08,7037,31.5,11865,56418,135665,87.6,72.8,58.4,44.5,69.5,92.7,0.82,85.8,6,3.9,6.33,96.4,104,99,18768
2025-10-04,App_B,Tizen,Cellular 4G,AWS CloudFront,Region,FAST linear,1.08,3.02,0.98,0.48,0.84,1.22,7.82,1.1,6864,31,10383,50242,122490,91.5,75.7,57.7,48.3,69.8,93.7,0.9,85.5,5.7,3.46,5.5,96.9,127,84,16364
2025-10-05,App_A,Tizen,Airtel,AWS CloudFront,Country,VOD Series,1.16,2.38,0.95,0.4,0.83,1.38,6.28,0.95,7080,35.6,12591,59890,157735,87.9,76.2,63.7,45.7,68.1,94.9,0.87,80.3,5.5,4.01,6.37,95.2,126,87,19389
2025-10-05,App_B,Android TV,Verizon,Fastly,Country,VOD Series,1.04,2.57,1.2,0.35,0.9,1.26,7.48,1,5874,32.9,10189,48693,110339,89.5,75.8,63.4,47.2,65.7,92.9,1.02,87.4,6.4,3.43,6.26,93.7,134,87,12327
2025-10-06,App_A,Android TV,Broadband,Akamai,Metro,Live Sports/Events,1.03,3,1.11,0.39,0.77,1.24,7.35,0.84,6346,32.9,12197,59049,139361,87.5,76.8,57.9,42.2,70.5,96.6,0.9,87.1,5.5,3.73,6.34,96.5,117,88,20477
2025-10-06,App_B,Desktop Web,Broadband,AWS CloudFront,Metro,Live Sports/Events,0.95,2.87,0.93,0.42,0.89,1.25,7.17,0.96,5708,32.8,9987,47579,121478,87.2,76.8,63.7,47,65.7,94.4,0.98,81.9,6.1,3.7,6.02,96.2,112,101,15153
2025-10-07,App_A,Android,Comcast Xfinity,AWS CloudFront,Metro,VOD Series,1.12,2.88,1,0.42,0.72,1.31,6.23,0.97,8209,32.6,13352,63660,137226,91.5,77.6,58,47.8,70,97.4,0.83,79.9,5,3.56,5.57,95.4,146,90,16431
2025-10-07,App_B,Tizen,T-Mobile,Akamai,Country,FAST linear,0.99,2.76,1.08,0.48,0.64,1.12,6.45,1.16,6457,29.8,10885,51861,121671,89.8,73.6,62.3,42.9,70.5,95,0.83,86.3,5.8,3.71,5.66,97.3,103,73,17685
2025-10-08,App_A,Apple TV,Jio,AWS CloudFront,Metro,VOD Series,1.15,2.55,1.01,0.37,0.77,1.57,6.26,1.14,6640,35.5,12453,60197,154673,92.4,75.3,59.4,44.5,64.5,95.3,1.03,84.8,6.6,4.05,6.01,96.5,112,77,18527
2025-10-08,App_B,WebOS,Cellular 4G,Akamai,Region,VOD Series,0.99,2.75,1.09,0.38,0.82,1.65,6.33,1.2,6868,32.6,9762,46502,108116,91,78.7,58.6,46.9,68.6,96.8,0.7,81.5,5.7,3.82,6.52,96.9,126,94,11992
2025-10-09,App_A,Android,AT&T,Cloudflare,Country,Live Sports/Events,0.88,2.73,0.86,0.35,0.6,1.26,7.36,0.91,7856,29,13480,64584,135598,87.1,77.2,63.8,43.1,65.7,95.8,0.97,84.9,5,4.03,5.6,94.9,112,79,22997
2025-10-09,App_B,WebOS,Jio,Akamai,Country,VOD Series,1.1,2.82,1.03,0.36,0.64,1.17,7.8,1.12,5414,29.9,10272,49186,107689,92.7,72.8,59.4,45.9,67.1,93.2,0.81,83.6,5.6,3.62,5.98,95,138,82,17516
2025-10-10,App_A,iOS,Jio,Akamai,Country,VOD Movies,1.17,2.47,0.91,0.35,0.64,1.62,7.68,1.04,7329,31.6,13640,65859,153072,90.3,75.4,59,44.5,68.8,93.2,0.99,85.7,5.9,3.63,5.96,96.2,143,98,24348
2025-10-10,App_B,FireTV,Wi-Fi,Cloudflare,Metro,FAST linear,1.12,2.55,1.08,0.43,0.66,1.14,7.12,0.82,5554,35,9875,47751,127448,89.5,72.7,56.8,49.1,66,93,0.77,87.1,6.5,3.46,5.95,96.4,110,90,11951
2025-10-11,App_A,Apple TV,Wi-Fi,Fastly,Country,FAST linear,1.04,3.02,0.85,0.35,0.64,1.49,6.73,0.95,6474,29.5,13212,64004,151496,88.3,73.1,59.9,43.9,71.2,93.9,0.84,86.5,5.5,4.02,5.93,96,130,77,16261
2025-10-11,App_B,Android,AT&T,Fastly,Country,FAST linear,1.01,2.43,1.11,0.37,0.86,1.13,7.74,0.82,6334,30.5,10943,52721,135411,88.5,73,63.4,44.5,65.4,96.9,0.96,83.7,4.9,3.29,5.73,95.8,133,78,15294
2025-10-12,App_A,FireTV,Wi-Fi,Akamai,Region,VOD Series,1.13,2.6,1.08,0.45,0.68,1.57,7.06,0.89,6372,31.4,12215,58415,149580,87,78.7,57,47,63.5,93.4,0.97,79,6.3,3.61,5.62,95.5,103,96,20768
2025-10-12,App_B,Desktop Web,Cellular 5G,Cloudflare,Region,VOD Series,0.91,2.91,0.86,0.52,0.81,1.32,7.5,0.97,6628,33.8,9713,46730,125956,92.3,73,60.7,42.8,66.7,93.3,0.79,81.1,5.9,3.21,6.26,95.3,130,90,12500
2025-10-13,App_A,FireTV,Broadband,AWS CloudFront,Metro,FAST linear,0.89,2.47,0.99,0.46,0.88,1.36,6.81,1.2,7502,34.7,12298,58639,124021,91.2,76.9,59.6,47.7,70.7,91.2,0.74,86.4,6.6,3.46,5.73,94.2,111,91,17608
2025-10-13,App_B,Desktop Web,T-Mobile,Fastly,Metro,VOD Movies,0.98,2.45,0.81,0.51,0.78,1.1,6.43,1.03,6257,35.2,10414,49514,113479,93.6,74.4,60.7,46.8,70.1,91.3,0.8,82.4,5.5,4.05,6.1,97.5,137,102,14243
2025-10-14,App_A,Desktop Web,Jio,Akamai,Country,Live Sports/Events,0.92,2.38,0.91,0.41,0.89,1.21,7.33,0.98,6483,33.7,11915,57238,146254,92,73.4,63.2,42.7,67.1,95.6,1,86,5.5,3.35,5.41,95.2,120,103,16589
2025-10-14,App_B,Desktop Web,AT&T,Fastly,Region,FAST linear,1.02,2.41,0.9,0.4,0.86,1.38,6.67,1.06,6403,31.3,10383,50223,122817,91.2,78.4,57.9,48.7,72,91,0.84,86.5,5.3,3.95,6.02,94.4,117,92,13878
2025-10-15,App_A,Apple TV,Cellular 5G,Cloudflare,Region,VOD Series,1.15,2.43,0.86,0.39,0.7,1.51,7.5,1.15,6674,31.1,11570,55595,144132,89.2,72.9,59.9,44.8,66.5,92.5,0.85,79.6,5.6,3.2,6.08,94.4,123,87,20611
2025-10-15,App_B,Apple TV,Verizon,Akamai,Region,Live Sports/Events,1.02,2.68,0.89,0.45,0.83,1.36,6.43,1.08,6656,34.4,10428,49829,125039,89.9,78.9,58.3,43.1,71.9,90.3,0.88,84.4,6.3,3.83,5.86,94.7,141,90,17570
2025-10-16,App_A,Android,Verizon,AWS CloudFront,Country,FAST linear,0.94,2.63,1.03,0.49,0.73,1.53,7.03,0.93,7393,28.9,13118,62341,133816,92,79.2,61.1,44.2,71,97.7,1,79.3,5.6,3.36,6.46,94.7,139,103,15868
2025-10-16,App_B,Tizen,Verizon,Akamai,Country,Live Sports/Events,0.95,2.64,1.07,0.37,0.87,1.19,7.7,1.05,5846,30.7,10399,50140,105529,87.5,71.9,63.9,46.3,67.8,94.1,0.79,82.3,6.2,3.86,6.35,93.9,128,79,12629
2025-10-17,App_A,Android,Airtel,Cloudflare,Metro,FAST linear,1.1,2.66,1.17,0.5,0.65,1.44,6.6,0.92,7164,34.2,12935,62607,147404,89.5,73.2,60.6,48.1,65.9,90.8,0.89,83.9,6.2,3.41,5.89,97.6,114,98,15984
2025-10-17,App_B,Desktop Web,Airtel,Akamai,Country,FAST linear,1.01,2.97,1.16,0.51,0.64,1.3,7.75,0.88,5364,34.1,10098,48307,125150,88,76.9,56.9,48.2,72.2,91.4,0.8,80.8,5.8,3.6,5.86,94.6,103,81,16279
2025-10-18,App_A,FireTV,T-Mobile,Akamai,Metro,VOD Series,0.91,2.45,0.87,0.4,0.78,1.48,6.59,1.19,8033,33.6,12854,61596,142713,93.4,76.3,57.7,44.3,67.9,96.6,0.96,79.6,6.2,3.64,6.48,93.8,113,77,19964
2025-10-18,App_B,FireTV,Cellular 5G,AWS CloudFront,Metro,VOD Movies,1.13,2.71,1.16,0.4,0.82,1.11,7.41,1.17,5154,34.7,11261,53832,124891,91.7,74.6,58,46.3,68.1,92.9,0.87,86.2,6.2,3.7,6.54,94.6,135,81,18268
2025-10-19,App_A,Android TV,Cellular 4G,Fastly,Metro,FAST linear,1.04,2.8,1.12,0.46,0.62,1.37,7.09,0.89,7447,33.8,13206,62828,160928,90.7,72.1,62.7,42.3,68.9,97.3,0.71,84.3,5.5,3.25,6.12,94.2,118,101,15978
2025-10-19,App_B,FireTV,AT&T,Cloudflare,Region,Live Sports/Events,0.99,2.65,1.06,0.36,0.68,1.62,7.8,0.82,5333,34.2,10969,52690,142225,90.5,72,63.2,46.9,66.1,92.7,0.97,82.4,5.4,3.53,5.73,94,124,102,17483
2025-10-20,App_A,Android TV,Airtel,AWS CloudFront,Region,FAST linear,0.89,2.98,0.81,0.41,0.66,1.36,6.74,0.82,6831,30.1,12760,61461,144039,92.4,77.5,61.1,44.5,68.2,94.2,0.73,80.6,6.5,3.76,6.41,96.5,112,77,19021
2025-10-20,App_B,Android TV,AT&T,AWS CloudFront,Country,VOD Movies,1.11,2.71,1.01,0.41,0.64,1.36,7.91,1.07,6394,32,10884,52282,132888,91.2,77.9,56.9,47.5,67.6,91.2,0.96,83.9,5,3.7,6.16,95.9,139,72,14503
2025-10-21,App_A,Android,Wi-Fi,Akamai,Region,FAST linear,0.93,2.83,1.18,0.45,0.74,1.25,7.61,1.12,7043,33.2,12642,61272,133355,89.2,78.4,57.7,44,65.6,95,0.98,87,5.2,3.87,5.42,94.1,106,99,15239
2025-10-21,App_B,Android TV,Broadband,Cloudflare,Region,VOD Series,0.88,2.54,1.14,0.48,0.7,1.47,6.47,0.99,5980,33.3,10202,48756,113045,88,71.9,57,47.6,70.6,96.4,0.97,80.2,6.1,3.78,6.29,96.4,139,85,15302
2025-10-22,App_A,iOS,Verizon,Cloudflare,Country,Live Sports/Events,1.15,2.34,0.85,0.46,0.6,1.18,6.99,1.13,8062,33.7,12646,60821,126620,91.4,72.7,58.3,48.3,63.6,96.1,0.97,85.1,6.4,3.23,5.6,94.4,123,86,22370
2025-10-22,App_B,FireTV,Airtel,Cloudflare,Region,Live Sports/Events,0.88,2.81,1.04,0.45,0.61,1.37,7.55,0.88,6534,32,9767,46674,111826,91,76.1,62.1,47.2,65.3,90.7,0.73,82,5.6,3.29,5.93,96.6,141,89,13693
2025-10-23,App_A,Tizen,T-Mobile,Cloudflare,Country,FAST linear,1.18,2.78,1.15,0.38,0.7,1.1,7.11,0.9,7007,29.1,11633,55352,121990,89,72.1,60,48.5,70.3,94,0.75,85.7,6.5,3.73,5.76,94.8,125,102,14060
2025-10-23,App_B,Tizen,Verizon,Fastly,Country,VOD Movies,1.12,3.01,1.07,0.43,0.6,1.59,7.19,0.86,6645,33.8,9635,45973,119382,87.9,78.4,62.4,45.3,71.9,92.2,0.73,85.6,6.2,3.72,6.18,96,134,89,14142
2025-10-24,App_A,iOS,Airtel,Cloudflare,Region,VOD Series,1.03,2.95,1.05,0.37,0.7,1.34,7.59,1.12,7389,31.2,13002,62553,141399,89.9,73.6,63.4,48,69.1,94.5,0.71,87.2,5.5,3.49,5.59,95.8,140,78,20492
2025-10-24,App_B,iOS,T-Mobile,Fastly,Region,FAST linear,0.97,2.8,0.95,0.37,0.74,1.6,6.47,1.08,5318,33.1,10110,48359,112455,93.7,77.1,63.4,47,68.6,91.3,0.96,85.4,5,3.65,5.6,93.9,140,75,15230
2025-10-25,App_A,Android TV,Airtel,Akamai,Region,VOD Series,1.1,2.51,0.99,0.5,0.79,1.52,7.79,1.04,7500,31.2,12613,60990,140384,89.7,72.5,63.5,44.7,70.8,93.2,0.86,85.2,5.2,3.66,6.26,94.8,109,79,17696
2025-10-25,App_B,Android TV,T-Mobile,AWS CloudFront,Country,Live Sports/Events,0.98,2.32,0.83,0.44,0.67,1.27,7.77,0.97,6504,34.6,10888,52388,136138,91.4,76.2,63.1,48.5,68.2,90.4,0.82,81.8,5,3.92,5.87,94,118,102,16630
2025-10-26,App_A,WebOS,Comcast Xfinity,Fastly,Region,VOD Series,1.16,3.04,0.87,0.42,0.85,1.61,7.09,1.13,7243,32.6,11825,56197,150856,90.8,74.6,56.9,44.5,64.3,90.8,0.8,83.3,6.2,3.3,5.86,94.4,102,93,15098
2025-10-26,App_B,Apple TV,Wi-Fi,Akamai,Region,FAST linear,1.03,2.72,1.06,0.38,0.72,1.22,6.49,0.81,5559,31.6,10654,50626,135046,87.3,79.4,63.4,46.5,68.4,97.5,0.98,82.8,4.9,3.35,6.31,95.6,130,86,14251
2025-10-27,App_A,Desktop Web,Comcast Xfinity,AWS CloudFront,Country,VOD Movies,0.87,3.02,0.92,0.47,0.65,1.25,6.64,0.98,7776,32.1,13095,62935,145780,86.9,78.8,63.3,45.2,66.4,91.1,0.81,80.8,6.3,3.93,5.88,96.8,142,90,19542
2025-10-27,App_B,WebOS,Jio,Akamai,Country,VOD Movies,0.94,2.73,0.99,0.51,0.77,1.56,7.79,1.19,6460,34.5,10369,49721,113627,88.3,74.5,61,44.7,64.8,91.5,0.92,86.8,5.3,3.75,6.35,95.4,102,101,14759
2025-10-28,App_A,Tizen,Comcast Xfinity,Fastly,Metro,VOD Movies,1.02,2.82,1.17,0.42,0.75,1.24,7.84,1.14,7648,29.2,12024,58136,143751,87.9,74.3,63.5,42.4,68.8,95.2,0.88,81.5,6.3,3.48,5.41,94.4,128,90,15269
2025-10-28,App_B,Android TV,T-Mobile,Cloudflare,Region,Live Sports/Events,0.9,2.94,0.88,0.37,0.67,1.61,7.04,1.19,6008,29.5,9783,47342,107445,86.9,77.9,61.1,45,65.6,94.8,0.88,84.1,5,3.71,5.57,95,123,73,16762
2025-10-29,App_A,Android,Wi-Fi,Cloudflare,Region,VOD Series,0.94,2.28,1.03,0.36,0.81,1.16,7.09,1.11,6040,29.1,13145,62725,149001,93.3,78.7,60.1,44.6,64.2,96.5,0.7,85.2,6.1,3.82,5.47,97.1,101,83,23042
2025-10-29,App_B,Android,Comcast Xfinity,AWS CloudFront,Metro,VOD Series,1.13,2.34,0.98,0.36,0.64,1.6,6.99,0.89,6090,34.9,9668,46293,118436,90.1,77.7,62.2,46.8,66.9,90.9,0.88,82.5,6.2,3.84,6.47,95.6,124,97,15120
2025-10-30,App_A,Desktop Web,Cellular 5G,Fastly,Region,FAST linear,1.16,2.35,0.93,0.4,0.59,1.45,6.55,1.13,7568,31.3,11893,57419,149838,89.2,76.8,58.4,45.2,65.1,95.6,0.85,83.6,5.1,3.9,5.52,96.9,103,101,15934
2025-10-30,App_B,Tizen,Broadband,Akamai,Country,Live Sports/Events,0.99,2.7,0.91,0.43,0.82,1.34,7.26,1.03,6030,33.7,10436,50520,118645,92.7,77.6,61.8,48.2,67.7,93.4,0.72,88.7,5.1,3.37,6.15,94.6,104,74,17030
2025-10-31,App_A,Tizen,Comcast Xfinity,Akamai,Metro,FAST linear,0.93,2.31,1.04,0.4,0.79,1.18,7.19,0.99,7619,33.1,13113,63530,157917,88.8,79.4,60.5,47.4,67.2,96.4,1,82.6,5.8,3.78,6.52,95,124,73,16161
2025-10-31,App_B,Tizen,Verizon,Cloudflare,Region,FAST linear,0.94,2.8,0.94,0.5,0.8,1.25,7.21,0.81,6050,31.9,9905,47258,115861,90.1,79,57.4,46,70.7,90.3,0.84,82,5.2,4,6.31,95.6,122,85,13620
2025-11-01,App_A,Android TV,Comcast Xfinity,Fastly,Country,VOD Movies,1.06,2.52,0.86,0.45,0.66,1.63,6.89,1.07,7506,32.2,12398,59479,143249,92.3,78.6,59,43.1,70.4,93.4,0.95,81,5.3,3.97,6.31,96.8,126,83,22275
2025-11-01,App_B,WebOS,AT&T,Cloudflare,Region,Live Sports/Events,0.98,2.43,1.1,0.37,0.87,1.31,6.69,1.15,5982,31.1,9850,47466,123048,93.5,78.5,57.8,44.7,67.8,90.4,0.94,84.5,5.6,3.74,6.29,97.2,130,72,13610
2025-11-02,App_A,Desktop Web,Broadband,Fastly,Country,Live Sports/Events,1.17,2.68,1.09,0.44,0.74,1.12,7.22,1.12,6750,29.7,12894,61795,150834,90.9,72.7,59.7,43.6,63.6,97.3,0.76,81.3,6.4,3.81,5.53,97.6,117,76,15929
2025-11-02,App_B,Tizen,Jio,Akamai,Metro,Live Sports/Events,0.92,2.64,1.06,0.38,0.71,1.29,6.93,0.83,5538,31.5,9809,47313,104702,90.3,78.4,59.4,46,70.3,92.8,0.87,81.2,6.1,3.44,6.31,96.2,115,101,13556
2025-11-03,App_A,Android TV,Cellular 5G,Cloudflare,Country,VOD Movies,1.09,2.85,0.92,0.36,0.73,1.33,6.25,1.13,6830,32.9,12082,58504,125734,89.5,75.6,60.6,47.8,70.9,95.3,0.94,82.2,5.9,3.59,5.69,95.7,107,89,15853
2025-11-03,App_B,Android,Broadband,AWS CloudFront,Country,VOD Movies,0.93,2.7,0.95,0.49,0.78,1.34,7.97,1.12,5112,31.5,9635,45927,124644,92.7,73.9,58.4,44.6,70.2,94.2,0.98,84.1,6,3.18,5.7,94.4,130,94,11566
2025-11-04,App_A,iOS,Jio,Fastly,Country,VOD Movies,0.94,2.66,1.12,0.4,0.65,1.14,7.45,0.85,6818,31.6,12243,58429,146710,90.7,77.7,62.2,47.3,64.3,93.6,0.76,86.6,5.8,3.59,5.48,96.7,120,74,16025
2025-11-04,App_B,Apple TV,AT&T,Cloudflare,Country,VOD Series,1.04,2.63,0.96,0.48,0.76,1.58,7.09,0.91,5147,30.3,11033,53313,114082,88.5,74.2,62.8,47.3,66.3,95.8,0.81,83.7,4.9,3.9,5.48,96,126,102,15199
2025-11-05,App_A,WebOS,Broadband,Akamai,Region,VOD Series,0.87,2.79,1.15,0.39,0.8,1.14,7.69,0.83,7147,33.3,11853,56906,123939,92,78.5,59.3,43.7,71.3,91.5,0.75,82.4,5.5,3.22,6.2,95,107,92,19001
2025-11-05,App_B,Tizen,Cellular 5G,Akamai,Metro,VOD Series,1.01,2.5,0.99,0.36,0.69,1.61,6.45,1.06,6363,33.4,9672,46085,115518,90.7,73.8,59,48.1,67.8,92,1.01,85.5,5.4,3.69,6.45,96.7,142,87,15420
2025-11-06,App_A,WebOS,Broadband,Fastly,Metro,VOD Movies,1.05,2.64,0.89,0.41,0.69,1.22,6.27,0.82,8030,30.5,12483,59386,149450,91.1,74.9,57.8,45.2,68.8,92.1,0.99,85.7,5.7,3.84,6.16,96.2,108,94,20539
2025-11-06,App_B,Tizen,T-Mobile,Akamai,Metro,FAST linear,1.02,2.6,1.14,0.4,0.59,1.2,6.36,0.88,6553,31.4,11166,53347,132494,93.7,75,59.6,43.6,64.9,97.2,0.69,83,6.2,3.17,6.09,94.6,106,79,16308
2025-11-07,App_A,Apple TV,Wi-Fi,Akamai,Region,VOD Series,0.93,2.52,0.98,0.42,0.6,1.34,6.57,0.87,7729,34.4,11509,54700,117482,87.7,78.1,61.2,48.1,68.7,95.1,0.83,84.7,5.3,3.73,5.6,97.4,128,88,19764
2025-11-07,App_B,Tizen,Airtel,Akamai,Region,Live Sports/Events,1.02,2.61,0.9,0.36,0.63,1.25,6.98,0.83,6453,32.8,10140,48243,115813,93.2,77.2,61.4,46.6,67.1,93.1,0.99,87.7,6.4,3.24,6.42,96.7,120,97,16732
2025-11-08,App_A,Tizen,Broadband,Akamai,Metro,FAST linear,0.98,2.25,0.93,0.42,0.7,1.33,7.82,0.9,7241,32.4,13046,62741,164319,90.1,74.1,62.3,44.4,63.5,94.9,0.81,86.3,6,3.84,6.48,95.2,117,87,23235
2025-11-08,App_B,Android,T-Mobile,Akamai,Region,VOD Movies,1.12,2.43,0.95,0.43,0.73,1.1,6.4,1.01,6590,31.1,11206,54279,122330,93.4,79.4,58.3,45.3,66.1,93.4,0.99,88.3,5.5,3.33,6.19,96.1,140,89,15747
2025-11-09,App_A,Desktop Web,Jio,AWS CloudFront,Region,FAST linear,1.14,2.41,1,0.49,0.6,1.61,6.69,1.09,6031,29.8,12104,58665,127772,91.1,79.2,62,43.3,66,95.1,0.87,84.7,5.9,3.17,6.54,93.9,136,74,16824
2025-11-09,App_B,WebOS,AT&T,AWS CloudFront,Metro,Live Sports/Events,0.9,2.54,1.1,0.49,0.86,1.27,6.3,1.08,6193,32.4,9886,47592,127315,87.7,75.8,63.8,48.4,72.7,95,0.85,85.5,5.9,3.63,6.14,95.7,106,79,14104
2025-11-10,App_A,Android,T-Mobile,Fastly,Metro,VOD Movies,1.02,2.28,0.91,0.35,0.77,1.09,6.74,0.79,7768,29.4,12919,62649,150172,93.1,77.8,57.2,44.8,65.4,90.6,0.82,83,5.3,3.18,6.25,94.5,115,100,18707
2025-11-10,App_B,Android,T-Mobile,Cloudflare,Metro,VOD Series,0.95,2.69,1.09,0.48,0.69,1.49,6.49,1,5613,34.8,10281,49240,116110,89.8,74.6,58.3,43.3,71.3,91.7,0.75,86.1,5.7,3.64,5.66,95.4,114,86,13830
2025-11-11,App_A,iOS,Broadband,Cloudflare,Region,VOD Series,1.16,2.5,1.1,0.38,0.88,1.37,7.57,1.14,7671,33.2,12922,62494,130376,92.7,73.9,62.5,43.8,68.2,97.7,0.74,85.2,5.3,3.93,5.74,95,137,89,19332
2025-11-11,App_B,Tizen,Verizon,Cloudflare,Country,FAST linear,0.95,2.76,1.14,0.49,0.84,1.28,7.42,0.9,5402,32.5,9725,46702,119402,87.9,75,61,48.6,66.7,94.7,0.96,85.8,5.8,3.64,5.52,94.6,116,90,16106
2025-11-12,App_A,FireTV,Cellular 4G,Cloudflare,Country,FAST linear,0.91,2.89,1.15,0.5,0.82,1.42,6.97,1.17,6209,30.3,12076,58233,150777,91.5,77.7,62.9,43.5,67.2,92.7,0.74,87.1,5.9,3.83,5.54,96.6,101,100,20085
2025-11-12,App_B,Desktop Web,Broadband,AWS CloudFront,Region,Live Sports/Events,1.14,2.91,1.06,0.42,0.78,1.17,7.18,1.02,5808,30.8,10581,50927,135183,90.1,72.8,58.8,43.3,65.2,92.1,0.92,85.5,5.7,3.22,6.29,94.3,131,85,17476
2025-11-13,App_A,Desktop Web,Verizon,Akamai,Metro,Live Sports/Events,0.9,2.99,0.89,0.47,0.79,1.59,6.4,1.15,6558,31.6,12855,61330,148266,89.4,73.3,59.3,43.3,65.4,92.5,0.77,81.7,5.2,3.91,5.99,95.9,118,91,17943
2025-11-13,App_B,Desktop Web,AT&T,Akamai,Country,FAST linear,1.03,2.54,0.81,0.45,0.67,1.15,6.33,1.03,6376,31,10033,48339,106937,92.7,78.4,62.7,47.6,65.7,93.2,0.87,86.2,5.6,3.45,6.12,94,114,79,14554
2025-11-14,App_A,Tizen,Wi-Fi,Akamai,Metro,VOD Series,0.96,3.01,0.83,0.36,0.77,1.28,6.49,0.9,7038,29.7,12621,60241,133347,88.1,74.3,63.8,42.4,68.5,97.5,1.01,79.2,5.4,3.36,5.46,95,107,96,15936
2025-11-14,App_B,Apple TV,T-Mobile,Cloudflare,Region,VOD Series,1.07,2.76,0.99,0.34,0.75,1.28,7.87,0.99,6509,34.8,10679,51276,123710,92.5,75.7,61.1,48.4,71.4,92.6,0.89,83.4,5.4,3.96,6.4,94.8,140,95,14916
2025-11-15,App_A,iOS,Verizon,Fastly,Country,Live Sports/Events,0.91,2.25,0.84,0.42,0.87,1.11,7.28,1.13,6612,32.6,12663,60475,139848,87.5,79.3,59.3,47.1,69.3,92.1,0.71,81.8,6.3,3.8,5.62,95.4,100,81,19671
2025-11-15,App_B,Tizen,Verizon,Akamai,Region,FAST linear,1.16,2.55,1.16,0.48,0.63,1.5,6.74,0.93,6367,30.1,10920,52936,137936,89.7,73.3,60.3,45.7,71.5,97.9,1.01,87.5,4.8,3.42,5.82,96,100,81,17576
2025-11-16,App_A,Desktop Web,Jio,Akamai,Region,FAST linear,0.94,2.82,0.88,0.37,0.84,1.39,7,1.11,7387,29.9,11905,56889,139612,88.3,74.1,64,45.2,68.4,97.2,0.73,87.2,5.4,3.52,5.78,97.5,108,100,18346
2025-11-16,App_B,Android,Broadband,Cloudflare,Country,VOD Movies,1.1,2.31,0.79,0.45,0.83,1.17,7.42,1.01,5581,35,9977,48362,106831,90.4,75.1,64.1,48.7,66.6,93,0.86,88.7,6.4,3.97,6.04,95.7,123,76,13134
2025-11-17,App_A,FireTV,Airtel,AWS CloudFront,Metro,FAST linear,0.91,2.57,0.88,0.44,0.61,1.4,6.33,1.17,6986,31.6,13605,64688,174522,93,72.7,60.6,42.7,70.5,92.2,0.76,87.3,6.3,3.39,5.95,95.2,142,97,18235
2025-11-17,App_B,iOS,Cellular 4G,Cloudflare,Metro,Live Sports/Events,1.02,2.35,0.85,0.47,0.73,1.46,6.38,1.03,5485,31.3,11211,53739,132901,91.4,76.1,58.6,46.8,70.4,94,0.83,88.9,5.6,3.26,6.31,97.6,111,87,18453
2025-11-18,App_A,Apple TV,Broadband,Cloudflare,Region,FAST linear,1.12,2.57,1.16,0.34,0.78,1.54,7.1,1.11,7509,30.6,13689,65419,172694,88.3,76.4,62.1,48.1,65.2,97.2,1,80.9,4.8,3.51,5.97,95.4,113,99,22021
2025-11-18,App_B,Apple TV,Comcast Xfinity,Akamai,Country,Live Sports/Events,0.9,2.46,0.98,0.42,0.74,1.11,6.36,1.06,6519,35.1,10663,50704,133347,86.8,78.2,57.1,43.4,70.4,95.5,0.95,86,5.1,3.84,6.13,95.1,131,83,18226
2025-11-19,App_A,WebOS,Cellular 4G,Fastly,Metro,Live Sports/Events,1.04,2.52,0.94,0.47,0.75,1.61,7.67,1.1,7875,29.2,13164,62807,134605,87.7,78.9,63.1,43.7,67.6,94.5,0.84,79.8,6.4,3.85,5.87,96.2,105,72,23468
2025-11-19,App_B,Tizen,Broadband,Akamai,Metro,VOD Movies,1.11,2.34,0.91,0.43,0.74,1.54,7.32,0.89,6513,35,10974,53059,120231,91.1,73.8,60.3,49,65.8,95,0.95,83.3,4.9,3.63,5.69,97.4,103,82,14761
2025-11-20,App_A,Desktop Web,AT&T,Fastly,Country,Live Sports/Events,0.92,2.44,0.92,0.5,0.69,1.33,7.32,1.02,7340,30,12664,60720,141754,91.8,75.3,61.3,44.8,71.2,91.5,0.9,81.1,5.5,3.57,5.44,96,123,77,22436
2025-11-20,App_B,Desktop Web,Cellular 5G,Akamai,Country,VOD Movies,1.01,2.31,0.94,0.41,0.79,1.55,7.39,1.1,6686,32.8,11472,55151,121525,91.7,78.5,61.8,45.9,65.1,97.1,0.74,84.2,5.4,3.45,5.79,95.8,134,77,18628
2025-11-21,App_A,Apple TV,Cellular 4G,AWS CloudFront,Region,Live Sports/Events,1,2.25,0.99,0.41,0.61,1.49,6.77,1.09,8192,34.1,12631,60334,138279,92.5,73.8,58,47.4,63.7,94.5,0.96,87,5.9,3.45,5.78,97.3,126,77,18287
2025-11-21,App_B,Apple TV,Cellular 5G,Akamai,Metro,Live Sports/Events,1.08,2.96,0.96,0.41,0.74,1.11,6.92,1.06,5354,35.5,10803,51998,108791,91.6,72.9,61.2,46.7,69.2,92.8,0.77,81,6.2,3.22,6.16,96.8,129,90,14309
2025-11-22,App_A,WebOS,Verizon,Akamai,Country,FAST linear,1.05,2.4,0.93,0.37,0.71,1.35,7.08,0.83,6175,29.9,12969,62070,150827,90.2,76.3,63.6,48.6,65.2,93.9,0.88,80.9,6.4,3.51,6.1,95,126,91,22645
2025-11-22,App_B,Android,Verizon,AWS CloudFront,Metro,Live Sports/Events,0.87,2.51,1.01,0.39,0.61,1.09,7.39,1.05,6066,33.4,10215,48866,124376,93.7,72.3,59.4,45.4,69.8,97,0.96,82.7,5.8,3.69,5.51,97.4,135,86,17080
2025-11-23,App_A,Desktop Web,Wi-Fi,Akamai,Metro,VOD Series,1.09,2.7,1.07,0.48,0.62,1.34,7.01,1.03,7186,35.1,13610,65837,147968,92.3,73.7,64,47.6,64.5,90.6,0.88,81.7,5.2,3.61,6.19,94,108,75,16425
2025-11-23,App_B,Android TV,Broadband,Fastly,Country,Live Sports/Events,1.02,2.85,1.16,0.42,0.63,1.17,7.92,1.13,5499,32.9,10879,52473,116215,92.9,78.7,63.6,45.4,69.5,93.5,0.74,80.7,5.3,3.99,5.61,95.3,112,97,16849
2025-11-24,App_A,Android,Cellular 4G,AWS CloudFront,Region,Live Sports/Events,1.16,2.92,1.08,0.41,0.6,1.09,7.8,0.94,7078,34.8,12085,57519,130354,88.3,74.4,62.2,43.7,65.9,94.5,0.92,86.7,5.2,3.98,6.08,96.5,100,93,17361
2025-11-24,App_B,Android TV,Airtel,Cloudflare,Metro,FAST linear,0.94,2.52,1.02,0.48,0.8,1.15,7.33,0.82,5910,31.9,10965,52271,115272,89.8,74.3,57.1,49.2,72.4,95.8,0.83,81.7,5.3,3.4,6.29,95.4,139,94,13556
2025-11-25,App_A,Desktop Web,Comcast Xfinity,Akamai,Country,FAST linear,1.08,2.71,1.14,0.49,0.59,1.24,7.42,0.83,6892,29.9,12428,59445,143321,87.7,77.1,59.5,46.8,64.3,91.6,0.92,84.9,6.3,3.52,6.41,95.5,106,95,20315
2025-11-25,App_B,Apple TV,Cellular 4G,Fastly,Metro,VOD Movies,0.96,2.24,0.92,0.46,0.8,1.18,7.75,0.97,6550,31.2,11188,54120,130299,92.7,78.4,59.7,48.3,69.9,96.8,0.76,82.9,6.1,3.51,6.54,95.6,104,78,17679
2025-11-26,App_A,iOS,Wi-Fi,AWS CloudFront,Metro,Live Sports/Events,0.94,2.9,0.98,0.39,0.58,1.12,7.02,0.79,7420,33.6,12024,57817,139271,87.4,78.5,60.8,46.8,71.6,94.1,0.85,85.9,5.2,3.89,6.14,97.4,141,72,19933
2025-11-26,App_B,Desktop Web,AT&T,Cloudflare,Country,Live Sports/Events,1.06,2.77,1.05,0.35,0.69,1.23,7.01,1,5701,34.9,10281,49820,107938,91.4,75.9,58.3,45.3,67.9,96,0.77,84.1,6,3.91,6.31,94.1,115,90,12655
2025-11-27,App_A,Tizen,AT&T,Fastly,Country,Live Sports/Events,0.92,2.49,1.02,0.45,0.66,1.45,6.55,0.92,7063,35.4,13290,63139,139406,90.1,73.3,64.2,43.4,63.6,95.8,0.75,85.2,4.8,3.98,5.87,96.8,123,73,20465
2025-11-27,App_B,Android TV,AT&T,Akamai,Metro,VOD Series,0.9,2.6,0.85,0.47,0.84,1.42,7.95,1.05,5260,36.2,10605,51244,125314,93,78.1,59.4,46.8,65.3,97,0.84,82.8,4.9,3.49,6.15,94.4,99,93,18436
2025-11-28,App_A,iOS,Cellular 5G,AWS CloudFront,Region,Live Sports/Events,1.1,2.92,0.92,0.36,0.78,1.57,7.22,1.07,8464,34.6,13062,63324,133085,90.7,79.7,62.1,44.6,69.1,97.2,0.72,82.5,5.6,3.92,5.43,94.7,127,89,23023
2025-11-28,App_B,Apple TV,Comcast Xfinity,Akamai,Metro,FAST linear,1.08,2.75,0.97,0.35,0.84,1.42,6.42,0.9,6590,33.5,10202,49173,125812,87.7,75.2,57.8,46.6,71.5,93.4,0.98,86.6,5.5,3.23,5.71,97.4,123,100,14335
2025-11-29,App_A,Desktop Web,AT&T,Akamai,Region,FAST linear,1.11,2.61,1,0.34,0.79,1.17,7.1,0.93,6712,35,12221,58316,133751,91.5,74.5,59.6,45,68.8,92.1,0.73,84.4,6,3.7,6.25,94.1,124,92,17278
2025-11-29,App_B,FireTV,Broadband,Fastly,Metro,VOD Movies,1,2.44,0.93,0.34,0.85,1.57,7.94,0.79,5604,36.4,10175,48384,122112,87.7,77.9,60.7,47.4,64.9,90.7,0.75,84.1,5.1,3.74,5.73,96.7,134,91,16071
2025-11-30,App_A,Android,Cellular 4G,Cloudflare,Country,FAST linear,1.08,2.84,0.89,0.42,0.82,1.17,7.2,0.98,8069,31.1,12239,58598,146250,87.1,73.3,59.2,45.5,68.6,93.8,0.94,86,5.7,3.83,6.15,94.5,128,96,18691
2025-11-30,App_B,iOS,Verizon,AWS CloudFront,Metro,VOD Movies,0.96,2.53,1.15,0.49,0.81,1.45,7.81,0.9,5709,33,11498,55756,130663,93,73.2,61.2,46.7,68.4,92.1,0.87,82.7,5.7,3.56,6.61,96.1,122,99,18801
2025-12-01,App_A,WebOS,Broadband,Cloudflare,Metro,VOD Series,1.05,2.41,0.82,0.36,0.87,1.26,7.83,0.96,6743,31.4,12579,60364,126343,91.7,77.4,59.6,45.6,66.3,94.1,0.88,80.6,5.8,3.51,6.04,97.7,138,81,21856
2025-12-01,App_B,Tizen,Cellular 4G,Fastly,Region,VOD Movies,1.09,2.61,0.9,0.38,0.68,1.24,7.08,1,7031,34.1,11501,55700,144359,93.4,77.7,57.9,43.9,65.9,93.1,0.69,81.7,6.4,3.5,5.84,95.8,135,93,19639
2025-12-02,App_A,Apple TV,Airtel,AWS CloudFront,Region,VOD Movies,1.03,2.68,1.13,0.35,0.74,1.16,7.34,1.13,6908,33.9,14004,67066,141874,90,73.8,58.6,45.8,69.3,92.4,0.77,80.1,5.6,3.51,5.52,97.7,117,76,23519
2025-12-02,App_B,Android,Cellular 4G,Cloudflare,Country,Live Sports/Events,0.9,2.9,0.86,0.44,0.66,1.24,6.8,0.92,5415,32.3,10657,50623,126704,94.1,74.2,60,49.6,65.4,90.5,0.88,88.1,5.7,3.69,5.56,96.3,124,85,18819
2025-12-03,App_A,Apple TV,Verizon,Fastly,Region,VOD Movies,1,2.98,1.07,0.46,0.61,1.21,7.09,1.03,8148,31.4,13279,63984,159025,89.5,77.6,61.5,48.1,64.9,95.1,0.75,84.6,6.1,3.52,6.12,94.3,114,82,22838
2025-12-03,App_B,iOS,Comcast Xfinity,AWS CloudFront,Metro,VOD Series,1.03,2.26,0.89,0.34,0.72,1.35,7.16,0.84,6931,32.9,10246,49556,116085,89.6,79.4,57.3,49.8,65.7,94.4,0.73,87.6,5.2,3.96,6.03,94.4,115,87,17800
2025-12-04,App_A,Apple TV,Broadband,AWS CloudFront,Metro,VOD Movies,0.95,2.94,0.9,0.38,0.7,1.46,6.51,1.1,7377,32.3,13596,65511,143002,93.7,76.1,61.1,46.7,65.9,96.3,0.82,85,6.4,3.96,5.73,96.4,136,97,19801
2025-12-04,App_B,WebOS,Cellular 5G,Fastly,Metro,FAST linear,0.94,2.81,0.9,0.39,0.74,1.58,7.1,0.93,6004,33.9,11284,54053,139349,90.4,76.8,59.9,46.6,67.8,94.9,0.84,84.9,6.3,3.2,5.68,96.9,113,84,15482
2025-12-05,App_A,Android TV,AT&T,Akamai,Metro,VOD Movies,1.16,2.24,0.9,0.42,0.77,1.5,7.76,0.93,7684,35.7,13658,65144,161447,94.1,72.5,62,46.7,69.6,91.4,0.82,81,5.9,3.32,6.09,96,136,98,17515
2025-12-05,App_B,WebOS,Cellular 5G,Fastly,Country,VOD Movies,0.99,2.27,0.81,0.43,0.66,1.1,7.42,0.78,7240,36.9,10505,50484,134540,94,73.7,57.4,44.1,69.1,93.6,0.73,82.6,4.8,3.24,6.36,94.5,115,92,12780
2025-12-06,App_A,FireTV,Cellular 5G,Akamai,Region,VOD Series,1.08,2.3,1.12,0.42,0.58,1.12,7.73,1.11,8248,34.4,13131,63518,164581,90.5,79.3,63,45.7,63.9,90.8,0.81,81.9,5.4,3.22,6.55,94.7,105,79,19664
2025-12-06,App_B,Desktop Web,Cellular 4G,AWS CloudFront,Country,FAST linear,1.01,2.29,1.05,0.35,0.83,1.57,7.27,0.81,6270,38.2,11225,54168,127652,92.3,77.7,64.3,43.6,65.4,91.1,0.89,85.7,4.8,3.16,6.38,97.6,108,74,13491
2025-12-07,App_A,WebOS,Wi-Fi,Akamai,Region,VOD Series,1.14,2.88,0.95,0.41,0.68,1.38,6.83,0.97,7199,34.5,13052,63282,162320,87.3,75.9,57.2,48.8,65.4,94,0.73,86,5,3.99,5.83,97.5,109,70,21470
2025-12-07,App_B,Android,Wi-Fi,Fastly,Region,FAST linear,0.97,3,0.93,0.41,0.74,1.35,7.34,0.89,6740,37.9,11127,53045,124035,92.7,78.2,63.3,48.5,70.1,97.9,0.74,81.8,6.3,3.57,5.55,97.8,135,99,15733
2025-12-08,App_A,Apple TV,Airtel,Fastly,Metro,FAST linear,0.97,2.71,1.12,0.43,0.86,1.58,6.25,0.82,6660,31.4,13014,62334,154137,90,79.3,62.9,46.9,66,95.4,0.69,82.8,5.2,3.4,5.47,96.8,116,91,16338
2025-12-08,App_B,WebOS,T-Mobile,AWS CloudFront,Country,Live Sports/Events,1.06,2.61,0.96,0.41,0.74,1.45,6.8,1.1,6585,35.1,11557,54905,125709,87.9,72.2,58.1,44.7,66,93,0.99,80.9,5.5,3.94,6.31,97.6,116,81,20767
2025-12-09,App_A,WebOS,Verizon,Cloudflare,Metro,VOD Series,1.02,2.96,0.86,0.36,0.62,1.6,6.43,0.8,7034,37.7,13030,61915,141632,90.7,77.4,63.9,47.2,69.8,94,0.87,84.4,6.2,3.68,5.66,96.6,122,77,16593
2025-12-09,App_B,Tizen,Comcast Xfinity,Cloudflare,Metro,VOD Movies,1,2.27,1.14,0.42,0.73,1.59,6.99,1.1,5636,37,11755,56131,120714,92.8,74.8,61,47.1,65.4,91.3,0.94,87.4,5.4,3.96,5.75,95.9,123,81,16375
2025-12-10,App_A,WebOS,Wi-Fi,Akamai,Country,VOD Movies,0.93,2.54,0.99,0.43,0.8,1.54,7.36,0.93,6679,33.4,13044,63021,154492,87.7,76,58.6,45.5,66.3,95.5,0.79,85.5,4.9,3.15,6.34,96.4,135,77,21545
2025-12-10,App_B,Apple TV,Cellular 5G,Fastly,Metro,VOD Movies,1.12,2.43,0.79,0.44,0.78,1.29,6.48,1.16,7155,36.6,11159,53332,142412,93.6,77.4,62.6,48.7,71.4,94,0.81,82.9,5.7,3.24,6.7,94.6,117,77,17282
2025-12-11,App_A,iOS,Broadband,Fastly,Region,FAST linear,1,2.44,0.86,0.34,0.66,1.17,7.03,0.86,6837,36.2,14073,67370,173680,89.3,79.8,62.1,46.1,67,92.6,0.76,82.1,5.9,3.34,5.64,94.9,106,96,22648
2025-12-11,App_B,Android TV,T-Mobile,Cloudflare,Metro,Live Sports/Events,1.1,2.73,0.95,0.36,0.65,1.25,6.79,0.88,6665,33.3,11133,53511,131274,88.8,77.6,63,44.1,67.7,97.2,0.83,89.2,6.3,3.74,5.75,95,131,71,19782
2025-12-12,App_A,Tizen,Comcast Xfinity,AWS CloudFront,Metro,VOD Movies,0.88,3,1.1,0.46,0.58,1.29,6.45,0.85,8298,32.4,14449,69440,181658,88.5,77.8,61.9,48.9,67.3,94.2,0.74,82.7,5.4,3.49,6.48,94.5,116,84,25073
2025-12-12,App_B,Desktop Web,Wi-Fi,AWS CloudFront,Country,VOD Series,0.86,2.53,0.81,0.49,0.61,1.44,6.75,1.14,6932,37.2,11995,58156,138404,89.8,73.1,63.2,47.1,72.5,91.6,0.97,86.2,6.1,3.16,6.06,94.7,128,91,17621
2025-12-13,App_A,Apple TV,Wi-Fi,Cloudflare,Region,VOD Series,0.9,2.43,1.13,0.47,0.84,1.29,7.69,0.96,7444,37.6,13159,63572,167331,94.1,76.6,60.3,44,64.4,94.6,0.95,80.5,6,3.69,6.19,94.2,117,78,15995
2025-12-13,App_B,Apple TV,Airtel,Fastly,Country,Live Sports/Events,1.02,2.34,0.86,0.48,0.61,1.56,6.38,1.08,7343,35.9,12399,59574,132452,89.7,75.3,62.2,43.6,72,96.7,0.79,87.9,5.5,3.9,5.59,97.3,131,92,17332
2025-12-14,App_A,Apple TV,Airtel,Fastly,Metro,VOD Series,0.87,2.73,1.04,0.39,0.67,1.09,6.23,1.12,8093,36.1,12910,62387,148729,88.5,72.4,63.1,48.7,70.8,90.8,0.68,86.6,5.2,3.92,6.52,96.5,121,78,22105
2025-12-14,App_B,Android TV,AT&T,Cloudflare,Country,VOD Series,0.9,2.82,0.89,0.42,0.78,1.53,6.82,0.89,6316,35.6,11990,57835,134575,91.6,74.6,60.4,43.6,66.7,96.5,0.67,88.8,6.1,3.67,6.58,95.2,110,73,20199
2025-12-15,App_A,Android TV,Jio,AWS CloudFront,Metro,VOD Movies,0.88,2.7,0.79,0.41,0.8,1.5,7.24,0.99,8939,38.4,13571,65779,155268,91.3,78.1,61.4,45.3,68.6,95.9,0.89,79.9,6,3.91,5.65,94.6,117,83,19565
2025-12-15,App_B,Desktop Web,AT&T,Fastly,Region,VOD Series,0.9,2.89,0.82,0.47,0.77,1.21,6.78,0.94,6749,35.6,11805,56544,133535,92.7,77.6,64,46.3,72.8,96.5,0.72,85.1,4.7,3.59,6.52,94.8,136,79,18282
2025-12-16,App_A,iOS,T-Mobile,AWS CloudFront,Region,VOD Movies,1.06,3,1.02,0.41,0.64,1.22,7.44,0.78,8734,34.8,14136,68233,165054,88.4,79.7,57.6,43.6,68.6,94.2,0.84,84.4,5.7,3.63,6.5,97.3,128,70,21107
2025-12-16,App_B,Android TV,Cellular 4G,Akamai,Country,VOD Movies,0.94,2.28,1.11,0.45,0.64,1.11,7.34,1.04,5679,33.8,11599,55855,146871,91.2,72.4,58.7,49.9,72.3,94.3,0.86,86.2,4.9,3.12,6.57,95.2,133,91,17361
2025-12-17,App_A,FireTV,Jio,AWS CloudFront,Region,Live Sports/Events,0.94,2.26,0.84,0.46,0.78,1.38,7.71,1,8752,34.9,14855,70676,154159,89.9,77.8,63.1,43.7,69.9,96.4,0.81,81.8,6.2,3.8,5.54,94.1,126,71,17978
2025-12-17,App_B,Desktop Web,T-Mobile,Fastly,Region,VOD Series,0.99,2.94,0.85,0.47,0.63,1.6,6.52,1.07,6328,35.1,11348,54431,135703,93.6,74.4,59.8,48,71.5,91.1,0.98,87,5,3.96,5.93,95.7,124,70,19364
2025-12-18,App_A,Tizen,Airtel,Cloudflare,Country,FAST linear,1.08,2.22,1.1,0.41,0.82,1.24,7.74,0.82,8588,34,14816,71250,183693,91.8,73.8,59.9,46.6,70.6,93.6,0.74,83.9,6,3.7,5.96,96.6,125,89,21366
2025-12-18,App_B,iOS,Wi-Fi,Akamai,Region,Live Sports/Events,1.13,2.23,1.08,0.45,0.59,1.07,6.79,0.97,6261,39,11996,56999,121333,90,74.4,62.3,49.9,66.6,96.1,0.81,87.8,5.4,3.23,6.22,94.1,132,88,16718
2025-12-19,App_A,iOS,Broadband,AWS CloudFront,Country,VOD Series,1.09,2.9,1.11,0.34,0.84,1.38,6.44,1,7747,34.4,14887,71949,186843,93.7,73.3,58.8,45.5,71.3,91.2,0.94,83.7,6.1,3.81,6.58,97.8,133,96,26472
2025-12-19,App_B,Tizen,Cellular 5G,AWS CloudFront,Region,VOD Movies,0.87,2.51,1.11,0.41,0.84,1.45,7.2,1.15,6621,36.6,11958,57265,143290,87.2,75.6,64,45.3,66.8,92.3,0.74,88.4,5.5,3.41,6.31,97.6,110,73,15520
2025-12-20,App_A,FireTV,AT&T,Fastly,Region,FAST linear,1.01,2.35,0.99,0.34,0.59,1.09,7.76,0.78,8126,34.1,14085,67380,141254,93.5,76.6,63.8,48.7,70.3,91.2,0.74,86.7,4.9,3.27,6.01,95.6,106,91,22708
2025-12-20,App_B,WebOS,T-Mobile,AWS CloudFront,Metro,VOD Movies,1.01,2.37,1.03,0.36,0.83,1.19,8.02,1.08,5839,35.7,12243,59378,128731,87.2,79.7,60.7,44.1,71.7,91.4,0.96,81.5,5,3.22,6.33,96.3,131,94,17320
2025-12-21,App_A,FireTV,Verizon,Cloudflare,Region,FAST linear,0.94,2.29,0.98,0.47,0.68,1.12,7.61,0.77,7351,34,14702,71115,166418,92.1,77.9,60.5,46.4,66.8,91.3,0.97,80.8,4.9,3.45,6.54,97.5,118,98,21479
2025-12-21,App_B,FireTV,Airtel,AWS CloudFront,Country,VOD Series,1.12,2.42,0.79,0.36,0.72,1.51,6.9,0.92,5950,40.3,12580,60500,130691,92.3,74.1,60.5,45.9,70.1,96.4,0.9,88.1,5.5,3.22,6.04,94.2,135,68,15266
2025-12-22,App_A,iOS,Verizon,Akamai,Metro,VOD Movies,0.97,2.37,0.98,0.33,0.86,1.18,6.45,1,9223,35.2,14952,72265,169185,93.5,74.2,60.5,46.4,68.8,93.5,0.9,83.5,5.9,3.51,6.54,95.2,138,77,21986
2025-12-22,App_B,iOS,Airtel,Akamai,Region,VOD Movies,1.03,2.76,0.94,0.41,0.73,1.5,7,1.03,5914,36.9,12502,60449,149274,87.1,77.2,62.1,49.1,71.8,98,0.81,85.9,5.5,3.32,5.86,95.8,113,82,17095
2025-12-23,App_A,iOS,Cellular 4G,Fastly,Region,VOD Series,0.96,2.95,1.1,0.41,0.68,1.37,7.82,0.78,7418,35.4,13473,64745,166369,91.3,74.4,57.7,42.8,65.5,95.1,0.69,80.9,5.1,3.37,5.6,97.6,107,80,21070
2025-12-23,App_B,Android TV,T-Mobile,Akamai,Region,Live Sports/Events,0.93,2.31,0.96,0.38,0.74,1.39,6.95,1.11,7751,34,11812,57047,142079,93.7,78.3,61.3,43.6,71.9,96.8,0.69,84.4,6.2,3.32,6.25,97.9,113,88,17917
2025-12-24,App_A,FireTV,Airtel,AWS CloudFront,Metro,VOD Movies,1.1,2.78,1.01,0.4,0.66,1.49,7.65,0.82,9245,40.3,14314,68956,145174,92,75.9,63.7,44.2,70,94,0.68,79.7,4.9,3.58,5.77,97.8,128,74,18765
2025-12-24,App_B,iOS,Jio,Cloudflare,Region,VOD Series,0.88,2.32,1.01,0.45,0.85,1.46,7.35,0.99,6939,38.9,12462,59974,138610,89.4,78.8,62.6,48.9,72.2,97,0.71,85.9,4.7,3.48,5.57,95.1,123,81,18928
2025-12-25,App_A,Android,Broadband,Cloudflare,Country,Live Sports/Events,1.13,2.75,0.8,0.47,0.71,1.39,6.45,1.07,8596,37.9,13664,66184,156478,87.7,74.2,63.2,42.9,72,91,0.86,87.4,6.4,3.67,5.46,96,100,79,16869
2025-12-25,App_B,Desktop Web,Verizon,Cloudflare,Metro,FAST linear,1.08,2.77,1.03,0.37,0.6,1.3,7.84,1.03,6230,37.9,11808,57112,149101,90.2,79.4,64.1,44.3,66.8,96,0.7,86.9,5.6,3.55,6.53,96.3,124,93,19855
2025-12-26,App_A,Android TV,Verizon,Cloudflare,Country,Live Sports/Events,0.89,2.28,0.83,0.41,0.8,1.38,7.94,0.89,7888,38.9,15324,72913,166356,87.2,74.2,60.2,44.4,65.5,97.1,0.85,85.3,4.8,3.42,5.77,96.6,116,98,21444
2025-12-26,App_B,Desktop Web,T-Mobile,Akamai,Metro,VOD Series,0.95,2.28,1.05,0.39,0.58,1.08,6.82,1.12,7088,40.4,12484,59632,138130,93.8,78.3,62.3,49,66.3,91.6,0.91,81.3,6.1,3.71,6.64,96.1,102,87,21085
2025-12-27,App_A,Android,Comcast Xfinity,Akamai,Region,VOD Movies,1.15,2.37,0.99,0.43,0.66,1.27,6.41,0.79,9294,38.9,15254,72957,186284,89.4,76.7,63.2,46.8,64,94.2,0.83,85.3,5.8,3.83,6.53,94.9,120,95,23651
2025-12-27,App_B,iOS,Comcast Xfinity,Akamai,Metro,FAST linear,1.01,2.85,1.07,0.37,0.82,1.28,8.02,1.07,6834,36.3,11576,56134,121152,88.8,74.2,62.8,43.6,72.8,97.8,0.86,89.1,5.2,3.38,6.07,96.2,102,96,14468
2025-12-28,App_A,Apple TV,T-Mobile,Fastly,Country,VOD Movies,1.07,2.5,0.9,0.41,0.71,1.25,7.59,0.8,8884,41.1,14702,71179,164436,88.7,76.2,62.8,46.2,67.8,94.5,0.72,85.2,5.1,3.88,6.39,95.6,105,74,26095
2025-12-28,App_B,Tizen,Broadband,AWS CloudFront,Metro,Live Sports/Events,0.92,2.78,0.8,0.34,0.68,1.29,7.63,0.92,6334,35.5,11827,56266,133606,94.1,77.2,63.9,44.3,66.7,95.4,0.9,88.6,5,3.78,6.58,96.5,103,80,15971
2025-12-29,App_A,Android,Broadband,Cloudflare,Metro,VOD Series,1.07,2.63,0.86,0.35,0.73,1.35,6.71,1.03,7688,38.6,14278,68675,170594,92.8,73.2,57.8,46.5,65.4,95.6,0.66,80.2,6,3.38,6.62,97.5,98,98,21183
2025-12-29,App_B,Android TV,AT&T,Fastly,Region,VOD Movies,1.07,2.58,0.87,0.43,0.6,1.42,7.29,0.77,6724,40.2,11474,54936,115093,91.8,73,58.8,45.4,72.3,97.3,0.91,81.3,6,3.49,5.64,94.4,138,81,18464
2025-12-30,App_A,FireTV,Broadband,Akamai,Metro,VOD Series,1.07,2.77,1.12,0.47,0.7,1.51,6.99,0.79,9231,39.2,14579,70684,151450,87.1,74.3,64.6,48.8,65.2,90.8,0.96,87.9,4.9,3.45,6.02,94.8,124,93,17675
2025-12-30,App_B,Android,Verizon,Cloudflare,Country,FAST linear,1,2.22,0.94,0.45,0.82,1.14,6.77,0.84,6129,36.1,12560,60458,146423,89.5,76.9,60.9,44.3,65.7,94.9,0.67,88.2,5.7,3.77,5.9,94.9,102,82,18791
2025-12-31,App_A,Apple TV,Broadband,Akamai,Metro,Live Sports/Events,1.12,2.31,1.1,0.38,0.6,1.43,7.68,1.14,7597,40.8,14443,69876,162050,87.6,75.3,64.1,48.9,67.2,95.6,0.94,80.1,5.6,3.23,5.6,96.7,99,72,17527
2025-12-31,App_B,Apple TV,Comcast Xfinity,Fastly,Region,VOD Series,1.14,2.28,0.93,0.39,0.59,1.27,7.59,0.8,6587,39.8,12103,58355,134501,87.7,73.4,62.7,47.6,68.9,93.5,0.81,85.1,5.2,3.37,5.8,95.6,136,89,21019
2026-01-01,App_A,WebOS,AT&T,Fastly,Metro,Live Sports/Events,0.92,2.87,0.98,0.46,0.82,1.51,7.64,0.95,7607,36.2,15772,75907,196945,91.5,74.1,58.9,47.9,65.6,93.5,0.89,79.9,5.3,3.4,6.1,94.7,101,93,28385
2026-01-01,App_B,iOS,Jio,Cloudflare,Country,VOD Movies,0.95,2.25,1.04,0.41,0.65,1.18,8.01,0.85,6433,41.2,12669,60796,136183,93.6,78.4,59.5,47,66.3,91.9,0.74,82.1,6.2,3.82,6.17,97.5,129,78,21868
2026-01-02,App_A,Tizen,Verizon,Cloudflare,Country,VOD Movies,0.85,2.79,0.82,0.46,0.67,1.54,6.32,0.99,7405,41.9,15568,75253,191292,90.7,76.4,63.6,47.9,71.4,98.2,0.69,86.7,5.8,3.27,5.71,94.2,111,71,21869
2026-01-02,App_B,FireTV,Broadband,Cloudflare,Metro,Live Sports/Events,1.02,2.21,1.13,0.34,0.82,1.46,7.61,1.1,6730,41.8,11901,56907,137493,94,79.9,59.5,48.9,70.3,96.3,0.94,89.5,5.2,3.87,6.76,97,132,79,17562
2026-01-03,App_A,WebOS,Cellular 5G,AWS CloudFront,Metro,VOD Series,0.87,2.53,0.87,0.44,0.83,1.54,6.26,1.03,8460,41.9,15081,72080,190988,88.5,72.6,61.7,43.7,71.9,96.8,0.75,85.1,5.2,3.97,5.48,94.6,132,98,25367
2026-01-03,App_B,WebOS,AT&T,Akamai,Region,VOD Movies,0.93,2.88,1.03,0.33,0.75,1.47,7.15,1.08,6538,35.3,12673,60409,159781,89.6,73.8,60.7,43.9,71,95.9,0.82,82.8,6,3.45,6.53,97.5,126,76,18361
2026-01-04,App_A,FireTV,Broadband,Akamai,Country,VOD Series,1.14,2.28,0.81,0.49,0.77,1.3,6.47,1.1,9333,40.6,14999,72059,187835,92.9,74.5,60.5,48.9,64.2,96.8,0.81,80.5,5.6,3.25,6.28,96.3,105,95,25186
2026-01-04,App_B,iOS,AT&T,Akamai,Region,VOD Series,1.11,2.59,0.92,0.35,0.63,1.53,6.67,1.14,7236,36.7,12741,61022,153800,90.3,79.8,59.3,48.3,66.1,96.4,0.8,85,5.8,3.75,6.66,94.2,120,84,22813
2026-01-05,App_A,iOS,Jio,Akamai,Metro,Live Sports/Events,0.95,2.33,0.8,0.43,0.82,1.36,7.61,0.87,8176,36,14571,69422,178563,91.9,76.3,58.1,45.4,66.9,93.2,0.86,81.7,5.6,3.54,6.35,95.2,133,93,19690
2026-01-05,App_B,WebOS,Cellular 5G,AWS CloudFront,Metro,FAST linear,0.85,2.34,0.81,0.34,0.76,1.5,7.98,0.89,7412,35.7,13004,62794,131233,88.2,73.7,58.3,45.7,70,97.2,0.84,87.5,5.5,3.81,5.59,95,130,69,22129
2026-01-06,App_A,Android TV,Cellular 4G,Fastly,Country,VOD Series,0.89,2.46,0.93,0.41,0.81,1.26,6.37,1.06,7559,38.9,16613,80004,179944,90.9,74.2,57.5,47.5,71.1,93.3,0.81,83.3,5.6,3.42,5.88,96.8,98,97,24867
2026-01-06,App_B,Apple TV,Cellular 4G,Cloudflare,Region,Live Sports/Events,0.96,2.95,1.12,0.4,0.58,1.46,7.98,0.79,7363,42.2,12422,59110,147807,93.3,73.2,59.6,46.6,67.7,94.1,0.96,84.5,5.4,3.88,6.12,97.2,129,81,16162
2026-01-07,App_A,Desktop Web,Wi-Fi,AWS CloudFront,Region,Live Sports/Events,1.06,2.87,0.87,0.36,0.64,1.18,6.35,0.77,8886,40.2,15309,73433,157494,93.7,76.8,60.7,45.9,67.5,95.5,0.86,86.5,6,3.6,5.87,95,138,97,20614
2026-01-07,App_B,Desktop Web,Cellular 5G,Cloudflare,Metro,Live Sports/Events,0.89,2.45,1,0.33,0.67,1.32,7.11,0.78,6525,38.4,12020,57581,136328,88.5,73.7,64.3,47.3,71.3,97.1,0.87,89.6,5.1,3.78,6.2,96.1,129,79,20734
2026-01-08,App_A,Apple TV,Broadband,Akamai,Country,FAST linear,0.97,2.71,0.87,0.37,0.72,1.38,6.35,0.8,7645,43,14521,69231,153801,90.3,72.8,63.7,47.2,65.6,95.4,0.78,81.1,5.1,3.3,5.56,96.3,105,93,18270
2026-01-08,App_B,Tizen,Jio,AWS CloudFront,Region,FAST linear,0.91,2.31,1.13,0.42,0.57,1.24,6.93,0.77,7516,38.9,13053,62366,149678,91.5,77.6,58.1,44.1,73.2,93.6,0.87,88.6,5.3,3.46,5.76,96.6,97,79,19717
2026-01-09,App_A,Desktop Web,AT&T,Fastly,Region,FAST linear,0.9,2.81,1.06,0.33,0.59,1.59,7.57,0.81,9492,35.6,15940,75918,172041,92.2,74.4,63.4,48.6,67.8,98,0.89,85.6,5.1,3.88,6.52,97.2,137,92,21705
2026-01-09,App_B,Android,T-Mobile,Cloudflare,Country,FAST linear,0.87,2.21,1,0.49,0.61,1.34,7.12,0.86,7752,38,13297,64166,169851,91,78.1,64.2,46.7,68.9,92,0.67,85.3,6,3.17,6.76,97.1,105,81,17076
2026-01-10,App_A,Desktop Web,Comcast Xfinity,Cloudflare,Region,Live Sports/Events,1.11,2.23,0.79,0.4,0.81,1.5,7.35,0.78,9472,39.5,15414,73315,187730,91.6,79.4,59.6,46.9,66.3,95.9,0.85,81.6,5.5,3.62,5.77,95.8,120,95,23980
2026-01-10,App_B,iOS,Jio,Cloudflare,Region,VOD Series,0.97,2.56,0.89,0.45,0.62,1.56,7.8,0.96,7573,39.9,12782,61267,139248,91.8,76.5,64.3,46.5,65.9,94.6,0.76,87.5,6.3,3.68,5.85,94.9,116,71,21798
2026-01-11,App_A,Android TV,Cellular 4G,AWS CloudFront,Region,VOD Movies,1.09,2.27,0.93,0.34,0.6,1.56,7.83,0.94,8272,42.4,16617,79624,213942,93.3,77.1,58.9,43.4,65,93.2,0.86,87,5.2,3.23,5.92,95.3,137,87,24921
2026-01-11,App_B,WebOS,Jio,AWS CloudFront,Region,VOD Movies,1.11,2.52,1.02,0.42,0.75,1.38,6.48,0.8,6463,37.8,12968,61790,145964,93.1,75,60.1,49.9,70.3,92.4,0.71,89.4,5.1,3.13,6.45,95.9,105,76,18801
2026-01-12,App_A,iOS,T-Mobile,Akamai,Country,VOD Series,0.94,2.67,1,0.36,0.71,1.42,7.67,0.87,7945,42.6,16273,77530,179117,88.3,76,58.9,44.4,68.4,96.7,0.88,80.1,4.8,3.56,6,97,131,75,27367
2026-01-12,App_B,Android TV,Jio,AWS CloudFront,Region,VOD Movies,1,2.54,0.95,0.41,0.66,1.15,6.54,0.89,7295,43.6,13647,65972,158194,90.5,73.2,59.8,48.2,73,94.1,0.95,84.4,5.4,3.87,5.72,96.7,118,92,22684
2026-01-13,App_A,FireTV,Comcast Xfinity,Fastly,Country,Live Sports/Events,0.91,2.67,0.81,0.39,0.79,1.45,6.53,0.77,10217,42.5,16330,78296,204308,90,77.7,63.4,44.7,68.7,93.9,0.72,87.7,5.5,3.34,5.68,95.4,112,89,26095
2026-01-13,App_B,Tizen,Airtel,Cloudflare,Region,Live Sports/Events,1.07,2.47,0.8,0.41,0.63,1.34,6.47,0.89,7671,37.2,13535,64368,154251,87.5,73.4,62,46,65.7,96.8,0.76,89.5,4.7,3.73,6.08,95.4,112,81,21004
2026-01-14,App_A,Desktop Web,T-Mobile,Fastly,Region,VOD Movies,1,2.72,1.04,0.35,0.69,1.2,6.75,0.81,8977,38.4,16197,77792,187917,88.6,76.2,62,47.1,65.4,90.9,0.96,84.6,5,3.46,6.13,97.8,110,85,27806
2026-01-14,App_B,WebOS,Cellular 5G,AWS CloudFront,Country,FAST linear,0.96,2.75,0.95,0.38,0.57,1.53,6.81,0.84,7339,40,14297,69242,181486,88.4,75.6,59,46.9,65.5,96.9,0.89,85.6,5.6,3.65,5.68,95.7,127,82,20980
2026-01-15,App_A,Android TV,Broadband,AWS CloudFront,Metro,VOD Series,1.13,2.77,0.89,0.4,0.72,1.21,6.62,0.85,9404,42,15148,72839,190085,93.1,74.6,57.6,48.5,64.4,91.1,0.84,86.5,5.8,3.87,6.52,96.6,121,85,24167
2026-01-15,App_B,Apple TV,Cellular 5G,AWS CloudFront,Metro,Live Sports/Events,0.96,2.75,1.11,0.37,0.73,1.56,7.71,0.89,7865,42.2,12571,60091,159982,91.8,74,60.5,45,72.9,92.2,0.94,85.8,5.7,3.35,6.76,96.8,109,72,20530
2026-01-16,App_A,Desktop Web,Cellular 4G,Fastly,Region,VOD Movies,1.02,2.57,1.11,0.34,0.79,1.17,6.49,0.79,9525,37.7,17235,81885,185452,91.2,78.8,64.2,49.3,65.8,97.4,0.94,85.8,4.9,3.55,5.57,95.5,132,75,21166
2026-01-16,App_B,Tizen,Cellular 5G,Akamai,Metro,VOD Series,0.87,2.84,0.82,0.43,0.61,1.24,8.14,0.93,7414,41.5,13670,65803,137353,91.4,76,60.7,50.2,65.6,92.4,0.85,81.8,5.5,3.53,6.38,95.8,102,68,17630
2026-01-17,App_A,WebOS,Broadband,AWS CloudFront,Region,FAST linear,0.94,2.3,0.8,0.43,0.67,1.28,6.84,0.98,8471,42.3,16767,81304,182097,88.4,77,60.2,49,66.7,98,0.96,80.9,5.9,3.56,6.47,96.6,127,77,22558
2026-01-17,App_B,Desktop Web,Comcast Xfinity,Fastly,Country,FAST linear,1.1,2.24,0.9,0.44,0.76,1.27,7.41,1.04,8423,40.6,13021,62285,155583,92.6,73.3,60.1,44.1,66.5,94.2,0.8,89.8,6,3.65,6.25,97.7,121,86,18833
2026-01-18,App_A,Android TV,Jio,AWS CloudFront,Region,VOD Series,0.88,2.3,0.79,0.41,0.72,1.14,7.12,1.09,8435,38.6,17101,82406,216208,93,79.6,60.7,43.4,71.9,97,0.87,83.8,5.1,3.61,5.96,95.8,130,81,24539
2026-01-18,App_B,Tizen,T-Mobile,Cloudflare,Region,VOD Series,1.07,2.32,0.9,0.45,0.59,1.53,6.81,0.83,7773,39.1,12782,60844,147873,90.3,75.6,59.5,46.4,68.2,92,0.67,82.8,6.3,3.66,5.89,97.6,109,75,20824
2026-01-19,App_A,FireTV,Comcast Xfinity,AWS CloudFront,Region,VOD Series,0.9,2.88,0.78,0.39,0.78,1.25,7.9,0.9,8916,37.5,14998,71682,158299,92.3,78.5,58.4,45.6,69.2,95.5,0.73,88,5.2,3.68,5.48,96.4,129,82,25377
2026-01-19,App_B,FireTV,T-Mobile,Cloudflare,Region,Live Sports/Events,1.1,2.78,1.12,0.46,0.56,1.41,7.94,0.83,6615,39.6,13774,65540,147019,91.5,78.4,64.2,47.4,65.7,97.8,0.87,81.5,4.8,3.12,6.64,96.5,97,73,23658
2026-01-20,App_A,Android,Airtel,Cloudflare,Metro,VOD Movies,1.05,2.21,1.12,0.41,0.78,1.14,7.52,0.9,9016,41.4,17093,82654,199817,92.5,74.8,60.9,47,65.2,94.7,0.88,82.5,5.9,3.47,6.14,96.9,102,71,27667
2026-01-20,App_B,Android,Cellular 5G,Akamai,Metro,VOD Movies,0.88,2.24,0.77,0.33,0.75,1.47,6.92,1.04,6528,37.9,13950,66670,151771,91.5,75.6,63.8,46.2,65.3,93.6,0.94,83.1,5.2,3.21,6,96.2,95,92,22298
2026-01-21,App_A,Tizen,Cellular 5G,AWS CloudFront,Metro,FAST linear,0.99,2.52,0.87,0.43,0.66,1.21,7.96,1.11,8765,38.9,16795,80237,193964,90.9,75.3,60.7,43.2,65,93.8,0.95,85,6.3,3.87,5.71,96.6,114,85,21443
2026-01-21,App_B,Tizen,Broadband,AWS CloudFront,Region,FAST linear,0.99,2.29,0.81,0.41,0.71,1.29,6.89,0.9,7000,44.8,12597,60453,145182,89,73.2,64.3,48.4,69,96.2,0.67,84.8,5.5,3.72,6.64,96.2,128,91,17754
2026-01-22,App_A,Android,Broadband,Akamai,Metro,VOD Movies,1.08,2.3,1.1,0.44,0.77,1.46,6.42,1.09,10371,40.1,16852,81032,178637,87.3,74.3,57.7,45.5,67.1,96.6,0.81,84.5,5.9,3.67,5.65,96.5,108,83,20708
2026-01-22,App_B,FireTV,Comcast Xfinity,Fastly,Country,VOD Movies,1.05,2.5,0.98,0.45,0.56,1.45,7.71,1.03,6805,40.8,14590,70652,171754,90.6,74.3,57.7,47.7,72.8,92.1,0.76,84.6,6,3.12,5.69,95.1,113,85,19147
2026-01-23,App_A,Tizen,Cellular 5G,Fastly,Country,VOD Movies,1,2.47,0.99,0.45,0.83,1.54,7.21,0.9,10553,43.1,15811,76476,197741,89.8,77.4,59.4,43.8,68.4,98.2,0.7,83.2,5.8,3.26,6,97.1,112,81,26461
2026-01-23,App_B,WebOS,Cellular 5G,Cloudflare,Country,VOD Movies,1.04,2.27,0.84,0.45,0.71,1.27,7.29,1.11,8020,41.3,14226,68995,162152,89.8,77,60.3,44.2,65.7,95.9,0.79,87,5.3,3.59,6.6,94.8,134,79,22587
2026-01-24,App_A,Android,Airtel,Cloudflare,Country,Live Sports/Events,0.96,2.29,0.82,0.38,0.67,1.16,6.51,1.1,9804,39.5,17570,84127,191416,94,78.7,62.3,43.4,66.7,96.1,0.72,80.8,5.2,3.38,5.62,96.7,105,83,29195
2026-01-24,App_B,WebOS,Jio,Cloudflare,Country,FAST linear,0.92,2.43,0.81,0.41,0.72,1.18,7.03,0.91,7429,38.6,13332,64332,168955,87.6,74.1,60.9,47.2,69.6,94.4,0.92,82.1,5.7,3.52,6.2,97.8,119,81,21430
2026-01-25,App_A,Desktop Web,Airtel,Fastly,Metro,FAST linear,0.89,2.55,0.93,0.48,0.84,1.57,6.5,1.12,9621,39.2,16223,77546,175019,87.2,77.6,64.1,44.9,69.7,92.5,0.74,87.5,5.9,3.7,5.98,97.2,126,83,27991
2026-01-25,App_B,Apple TV,Cellular 5G,Cloudflare,Metro,FAST linear,0.87,2.28,0.87,0.4,0.66,1.12,8.08,0.9,7839,38.8,14579,70492,148219,92.5,75.2,58.8,44.8,71.5,94.6,0.85,89.8,5.9,3.38,6.75,96.9,101,94,25707
2026-01-26,App_A,Desktop Web,T-Mobile,Cloudflare,Region,VOD Movies,1.13,2.67,0.88,0.35,0.56,1.42,7.25,0.91,10070,41.2,15634,75627,201507,92.7,75.8,61.1,47.9,69.4,95.8,0.7,83.3,5.7,3.78,5.93,95.4,130,85,21809
2026-01-26,App_B,FireTV,Verizon,Cloudflare,Metro,VOD Movies,1.01,2.73,0.91,0.46,0.61,1.5,7.73,0.88,7694,38.6,13095,63206,131254,92.7,75.5,57.6,44.6,67.8,91.9,0.79,84.8,5.9,3.57,5.63,94.3,123,95,22867
2026-01-27,App_A,Android TV,Broadband,Fastly,Metro,VOD Movies,0.94,2.78,0.81,0.33,0.82,1.26,7.71,1.01,10228,39,17504,83691,199232,91.8,77.5,63,49.2,66,91.9,0.67,84.5,5,3.57,5.65,94.9,101,78,30048
2026-01-27,App_B,Apple TV,T-Mobile,AWS CloudFront,Country,FAST linear,1.07,2.81,0.87,0.36,0.68,1.44,7.75,0.8,8928,42.2,14407,69360,187267,87.4,76.3,58.5,49.4,69.3,97.1,0.7,89.8,5.9,3.63,6.33,96,105,95,25145
2026-01-28,App_A,FireTV,Jio,AWS CloudFront,Country,Live Sports/Events,1.07,2.41,0.95,0.38,0.82,1.46,7.82,1.04,8951,41.5,17977,86913,213491,88.4,78.7,59.7,46.2,68.5,94.4,0.75,81.1,5.7,3.33,6.19,97.7,105,74,25219
2026-01-28,App_B,Android TV,Wi-Fi,Cloudflare,Region,Live Sports/Events,1.09,2.37,0.85,0.47,0.57,1.22,7.54,1.11,7558,40.1,13797,65673,146843,88.6,79.1,58.7,45.4,66.2,97.5,0.85,81.7,4.9,3.41,6.1,95.9,99,69,17581
2026-01-29,App_A,Tizen,Cellular 4G,Cloudflare,Region,Live Sports/Events,1.11,2.66,0.78,0.38,0.65,1.26,7.16,0.94,9914,41,17794,84585,184089,93.2,77.8,64.8,48.1,68.2,93,0.79,81.4,5,3.27,6.61,95.4,115,96,22978
2026-01-29,App_B,FireTV,Cellular 4G,Cloudflare,Country,VOD Series,0.95,2.93,0.79,0.37,0.67,1.56,7.61,1.09,8014,39.9,14595,70177,155352,88.3,73.4,61.7,49.8,72.2,96.3,0.86,87.6,5.4,3.9,5.8,96.5,107,81,23651
2026-01-30,App_A,iOS,Jio,Akamai,Metro,Live Sports/Events,0.95,2.73,1.05,0.46,0.83,1.09,7.37,0.8,9834,38.5,17310,82299,201148,93.4,78.6,60.4,47.8,66,94.9,0.73,85.2,5.2,3.26,6.54,94.3,136,79,31115
2026-01-30,App_B,Desktop Web,AT&T,Cloudflare,Country,VOD Movies,1.11,2.37,0.77,0.32,0.58,1.34,7.66,0.88,8956,45.6,14106,67413,169344,93.6,73.1,61.4,46.7,70.7,97.6,0.72,83.9,5.5,3.82,5.99,95,99,74,22520
2026-01-31,App_A,Desktop Web,Cellular 4G,Fastly,Country,VOD Series,0.9,2.89,1,0.4,0.71,1.34,7.26,1.11,10260,40.7,15581,74905,183273,91.7,73.5,62.8,45.7,66.4,94,0.71,82.5,5.6,3.18,5.8,97.4,135,94,18814
2026-01-31,App_B,FireTV,T-Mobile,Fastly,Country,Live Sports/Events,1.02,2.59,0.89,0.34,0.76,1.35,6.73,0.93,6775,42.4,13915,66565,166242,92,73.6,58.5,47.4,67.6,91.5,0.72,88.1,5.5,3.42,6.49,96.2,117,69,23598
2026-02-01,App_A,WebOS,Cellular 5G,Cloudflare,Region,Live Sports/Events,0.92,2.86,1.12,0.48,0.65,1.43,8.01,1.06,8517,41.4,17661,85048,183133,87.5,77.5,58.8,48.9,64.6,94,0.91,87.7,5.1,3.43,5.67,96.3,97,71,26390
2026-02-01,App_B,Android TV,Airtel,AWS CloudFront,Country,VOD Movies,0.9,2.73,1.07,0.46,0.8,1.29,6.92,0.92,8908,40.3,15005,71468,154949,91.4,76,64.5,47.8,71.8,92.1,0.68,88.1,4.7,3.2,6.81,94.9,126,85,23864
2026-02-02,App_A,iOS,Airtel,Fastly,Region,VOD Series,1.12,2.83,0.98,0.4,0.63,1.12,7.9,0.75,9292,44.1,17208,83206,174390,89.1,73.3,61.7,45.4,70,91.6,0.73,84.4,5.4,3.84,5.53,96.5,96,76,28860
2026-02-02,App_B,iOS,Cellular 5G,AWS CloudFront,Country,FAST linear,1.05,2.22,1.07,0.43,0.56,1.55,6.63,1.1,6969,39.6,13672,65874,168978,91.8,80.1,61.5,50.3,71.5,92.9,0.79,88.5,4.7,3.33,5.76,96,112,93,19278
2026-02-03,App_A,Desktop Web,Verizon,Fastly,Country,Live Sports/Events,1.04,2.68,0.94,0.4,0.59,1.53,7.95,0.82,8207,39.9,17440,83035,201527,92.7,75.8,58.6,45.1,69.1,98,0.92,80.4,6.1,3.87,5.66,94.6,122,93,23101
2026-02-03,App_B,Apple TV,Cellular 4G,AWS CloudFront,Country,VOD Movies,0.95,2.81,0.8,0.39,0.81,1.28,7.01,1.1,8562,41.2,14776,70827,169395,89.9,79.9,57.8,45.8,69.4,97.8,0.64,87.4,5.9,3.36,6.34,94.2,94,73,21182
2026-02-04,App_A,Android TV,Cellular 5G,Fastly,Region,Live Sports/Events,0.9,2.52,0.92,0.35,0.59,1.5,6.98,0.78,10903,41,16773,80476,193439,89.6,78.7,60.5,47.3,64.4,92.4,0.68,86.9,5.8,3.26,6.17,97.3,113,81,29855
2026-02-04,App_B,iOS,T-Mobile,Fastly,Country,Live Sports/Events,0.86,2.25,1.01,0.35,0.58,1.31,6.88,1.08,7009,48.2,14605,70733,153105,88.2,77,60.4,46.6,66.9,95.1,0.75,85.3,5,3.33,6.24,96.3,124,76,25899
2026-02-05,App_A,Android TV,Airtel,Cloudflare,Country,FAST linear,1.12,2.7,1.05,0.35,0.68,1.54,7.66,0.85,9468,41.9,18153,86272,196375,88.6,79.1,60.8,44.1,64.8,96.8,0.94,80.6,4.9,3.7,6.07,95.5,130,96,26824
2026-02-05,App_B,Desktop Web,Verizon,AWS CloudFront,Country,VOD Series,0.98,2.82,1.03,0.46,0.7,1.08,7.44,1.02,8232,41.1,14205,68775,162000,89.6,73.7,61.2,45.1,72.1,95.2,0.78,87.5,5.3,3.52,5.76,95.6,99,88,21048
2026-02-06,App_A,Android TV,Airtel,Cloudflare,Country,VOD Series,0.84,2.4,1.03,0.42,0.77,1.36,7.35,0.98,8473,42.8,17879,85012,224740,92.8,75.1,61.4,48.7,68.7,92.7,0.77,81.1,6.2,3.77,6.33,95.7,134,73,23541
2026-02-06,App_B,Desktop Web,AT&T,AWS CloudFront,Country,FAST linear,1.1,2.46,0.77,0.45,0.75,1.19,7.54,1.1,8644,46.6,13489,64709,158010,88.4,80.1,58.9,48.3,68.6,96.2,0.79,83.3,5,3.32,6.4,95.7,97,69,17536
2026-02-07,App_A,Desktop Web,Cellular 4G,Fastly,Country,Live Sports/Events,1.03,2.52,0.86,0.47,0.82,1.15,7.3,1,9272,42,18027,85711,182247,89.3,73.6,61.3,49.2,68.9,91.7,0.75,87.6,4.7,3.63,6.09,94.5,94,75,22006
2026-02-07,App_B,iOS,Wi-Fi,Cloudflare,Region,VOD Series,0.97,2.9,1.01,0.36,0.65,1.31,7.66,0.98,7143,45.6,15232,72732,193909,89.8,79.9,59.2,49.8,66.7,94.8,0.89,83.3,4.8,3.74,6.34,95.3,112,81,26116
2026-02-08,App_A,Desktop Web,Verizon,AWS CloudFront,Metro,FAST linear,0.87,2.45,0.98,0.43,0.6,1.34,7.33,0.99,9645,46.8,18391,88593,214762,88.3,79.3,62.2,43.8,66.9,94,0.95,87.7,5.3,3.79,6.41,95.4,101,77,25019
2026-02-08,App_B,Apple TV,AT&T,AWS CloudFront,Region,Live Sports/Events,1.01,2.24,1,0.42,0.81,1.55,6.73,0.76,7421,43.3,13521,65253,138431,91.6,73.2,60.2,48.1,67.3,94.7,0.81,84.4,5.9,3.09,6.34,97.9,123,69,22297
2026-02-09,App_A,Android,Comcast Xfinity,AWS CloudFront,Metro,FAST linear,1.11,2.4,0.93,0.46,0.64,1.53,6.96,1.01,9806,39.4,17584,84857,182618,94,74.2,64.5,44.8,65,96.6,0.89,87.5,5.7,3.09,6.52,97.8,98,94,21584
2026-02-09,App_B,Desktop Web,Cellular 4G,Akamai,Metro,FAST linear,1,2.29,0.76,0.36,0.58,1.14,8.09,1,7187,47.3,13207,63033,136054,94,74.6,58.1,44.7,67.4,96.3,0.94,82.1,5.4,3.76,5.94,94.4,106,71,19237
2026-02-10,App_A,FireTV,T-Mobile,Akamai,Region,VOD Movies,0.84,2.83,0.85,0.46,0.73,1.18,6.34,0.87,8271,47.4,17200,81749,182766,88.6,78.2,58.9,49.4,69.5,92.7,0.88,87.9,6.2,3.74,6.64,94.4,134,71,30863
2026-02-10,App_B,Android,Cellular 4G,Fastly,Country,FAST linear,0.97,2.35,0.82,0.37,0.65,1.14,6.94,1.06,9221,44,15025,71610,177986,90.2,73.9,63.6,48.7,70,91.5,0.9,85.2,4.6,3.49,6.02,96.6,125,88,19332
2026-02-11,App_A,FireTV,Verizon,Cloudflare,Country,VOD Series,0.99,2.64,1.03,0.43,0.59,1.15,7.18,1.03,10279,42.5,18294,87111,183573,87.3,79.8,59.5,45.4,65.9,94.8,0.88,82.1,5.7,3.23,6.66,94.3,104,84,23764
2026-02-11,App_B,Android TV,T-Mobile,Fastly,Metro,FAST linear,0.92,2.83,1.07,0.32,0.58,1.21,7.5,0.78,8980,41,15403,73856,164310,88.3,75.9,64.8,45.2,73,93.2,0.72,84.5,5.8,3.26,6.46,95.7,132,85,22607
2026-02-12,App_A,Desktop Web,T-Mobile,Fastly,Metro,Live Sports/Events,1.12,2.29,0.91,0.45,0.6,1.56,7.71,1.05,10786,41.2,16104,77377,176940,88.1,79.6,64.1,47.5,67.5,91.4,0.77,85.9,6,3.92,6.01,96.1,121,86,28331
2026-02-12,App_B,Tizen,Comcast Xfinity,Cloudflare,Metro,VOD Series,1.1,2.18,0.79,0.41,0.81,1.39,6.55,0.95,7671,46.6,15111,72855,171500,93.2,73.7,61,47.9,69.5,91.1,0.94,88.9,5.6,3.7,5.98,95.5,95,78,19205
2026-02-13,App_A,Android TV,Cellular 5G,AWS CloudFront,Country,FAST linear,0.88,2.24,0.88,0.45,0.72,1.28,6.57,1.1,9351,46.6,17897,85875,213058,91.6,79.8,61.2,49.4,70.8,94.7,0.7,82.9,5.4,3.55,6.63,96.2,96,80,27491
2026-02-13,App_B,Android,Airtel,AWS CloudFront,Country,VOD Series,0.98,2.38,0.9,0.44,0.65,1.39,6.85,0.76,9146,44.6,13769,66383,143354,87.4,77.6,64.7,50.5,67.4,95.1,0.66,83,6.1,3.63,6.02,95.6,133,69,17673
2026-02-14,App_A,Android TV,Airtel,Akamai,Country,VOD Series,0.93,2.58,1.05,0.37,0.82,1.12,6.67,0.88,9034,45.8,18119,86641,226920,93.7,73.2,59.8,44.3,65.5,91.6,0.68,82.7,5.3,3.29,6.36,95.6,128,71,31411
2026-02-14,App_B,Apple TV,Comcast Xfinity,AWS CloudFront,Metro,FAST linear,0.9,2.88,0.87,0.36,0.62,1.41,7.41,0.92,9162,43.6,14164,67401,160857,93,79,58.3,45.3,70.9,94.8,0.78,84.6,5.6,3.52,6.27,95.8,104,92,20877
2026-02-15,App_A,Tizen,Broadband,Fastly,Region,FAST linear,0.96,2.51,0.84,0.47,0.63,1.27,7.1,1.02,11194,43,16638,79587,213188,93.7,73.1,64.5,44.5,64.5,97.7,0.81,82.2,5.9,3.13,6.62,94.3,123,69,27371
2026-02-15,App_B,FireTV,Verizon,Cloudflare,Region,Live Sports/Events,1.02,2.42,0.84,0.35,0.59,1.29,7.91,0.81,7092,41.2,13911,67402,175562,93.1,73.5,64,48.3,73.5,96.2,0.84,89.5,6.2,3.48,6.57,96.5,119,77,19305
2026-02-16,App_A,Tizen,Wi-Fi,AWS CloudFront,Region,VOD Series,0.99,2.46,0.85,0.42,0.8,1.5,7.83,0.89,8790,43.7,17352,83390,215840,88.6,74.4,61.9,48.8,70.6,91.5,0.84,87.3,4.8,3.28,5.94,95.2,127,83,28348
2026-02-16,App_B,iOS,Cellular 5G,Akamai,Country,Live Sports/Events,0.99,2.41,1.04,0.47,0.75,1.23,7.77,0.79,8746,41.5,15049,72202,161537,92.3,77.3,62.5,44.4,70.3,97.5,0.69,90.1,5.8,3.86,6.12,97.6,123,70,24173
2026-02-17,App_A,Android,Verizon,Akamai,Metro,VOD Movies,1.01,2.2,0.87,0.39,0.8,1.2,7.58,0.79,10764,47.1,17247,82888,209948,92.3,76.9,61.4,48.1,69,92.3,0.8,83.3,5.2,3.91,6.73,96.7,95,82,21036
2026-02-17,App_B,Android TV,T-Mobile,Fastly,Metro,VOD Movies,0.92,2.28,1.09,0.4,0.63,1.43,7.4,1.07,7471,41.9,15335,73956,156699,89.6,74.7,58.2,46.1,66.3,92,0.81,84.4,5.3,3.35,6.34,94.9,127,85,24676
2026-02-18,App_A,Apple TV,Wi-Fi,Cloudflare,Metro,Live Sports/Events,0.89,2.87,0.82,0.4,0.66,1.06,6.87,0.85,9216,44.8,17320,83094,211352,92,78,57.7,47,65.3,93.8,0.74,87.9,5.4,3.3,6.28,94.3,97,69,21329
2026-02-18,App_B,Android TV,Wi-Fi,Akamai,Metro,Live Sports/Events,0.93,2.41,0.74,0.34,0.59,1.29,8.05,0.86,7994,44.8,13600,64944,153342,88.3,75.6,58.4,48.2,70.8,92.8,0.78,87,4.8,3.81,5.94,96.7,128,73,22457
2026-02-19,App_A,Android TV,Wi-Fi,Cloudflare,Region,Live Sports/Events,1.05,2.42,0.83,0.39,0.61,1.23,7.56,0.98,11160,47.1,16703,79850,171590,93.5,78.6,59.5,47.5,68.1,91.7,0.78,82.5,5.7,3.16,6.35,96.4,107,80,21796
2026-02-19,App_B,Android TV,Cellular 5G,Fastly,Country,Live Sports/Events,0.94,2.28,0.97,0.33,0.68,1.24,7.95,0.75,7883,48.5,15375,74001,191408,91.9,79.9,63.2,48.5,70.4,95.5,0.69,84.1,4.9,3.07,5.91,97.7,115,87,25883
2026-02-20,App_A,Apple TV,Comcast Xfinity,Fastly,Region,Live Sports/Events,0.96,2.87,1.06,0.35,0.8,1.24,6.74,0.88,9585,47.6,17150,81518,178284,93.4,76.4,63.5,47.5,68.6,95.4,0.65,81,6.1,3.58,6.68,94.8,120,84,22072
2026-02-20,App_B,Desktop Web,Wi-Fi,Cloudflare,Metro,VOD Movies,0.84,2.86,0.76,0.45,0.55,1.09,6.98,0.95,7854,44.5,15639,75800,196013,92.4,77.7,64,49.4,73.3,92.2,0.93,89,5.6,3.63,5.87,94.5,121,68,25126
2026-02-21,App_A,FireTV,Cellular 4G,Fastly,Country,Live Sports/Events,1.11,2.87,0.74,0.45,0.65,1.16,7.2,1.03,10411,48.6,16381,78808,188747,92.4,76.5,63.6,48,66.3,93.5,0.86,81.5,4.7,3.49,6.56,94.6,105,75,20216
2026-02-21,App_B,FireTV,Jio,Akamai,Country,Live Sports/Events,0.84,2.45,0.83,0.4,0.56,1.16,7.44,1.07,7972,44.5,15026,72458,157303,91.2,78.7,64.4,47.1,70.4,98.2,0.64,90.1,4.7,3.76,5.92,97.1,108,71,21144
2026-02-22,App_A,Android TV,Airtel,AWS CloudFront,Region,FAST linear,0.93,2.55,1,0.4,0.6,1.12,6.99,0.83,9660,48.5,17982,85660,191751,87.6,78,58.6,45.2,67.2,93.1,0.83,80.7,5.1,3.76,6.26,97.7,123,72,24421
2026-02-22,App_B,Desktop Web,Broadband,AWS CloudFront,Metro,VOD Movies,0.92,2.22,0.89,0.44,0.58,1.24,7.06,1.05,7045,40.9,13483,64302,156622,93.1,77.7,63.6,49.7,70.2,91.5,0.69,90.3,5.4,3.27,6.46,94.8,104,84,23187
2026-02-23,App_A,Android,Broadband,AWS CloudFront,Country,Live Sports/Events,0.91,2.58,0.92,0.34,0.67,1.22,7.55,1.06,10405,41.2,16174,76936,181239,88.3,78,59.9,45.3,70.1,92.9,0.73,86.5,6,3.2,5.85,97.1,117,77,21398
2026-02-23,App_B,Tizen,T-Mobile,Cloudflare,Region,FAST linear,0.99,2.65,0.74,0.32,0.72,1.23,7,0.82,7909,43.2,15288,73816,169682,89.3,78.2,60.4,50.1,66.4,93.3,0.72,85.3,5.5,3.24,6.26,95.8,98,78,21192
2026-02-24,App_A,Android TV,Jio,AWS CloudFront,Country,FAST linear,1.01,2.72,1.02,0.42,0.78,1.43,7.24,0.76,10004,45.6,17045,82354,200060,93.8,75.9,63.5,43.5,71,98.3,0.95,81.3,5.7,3.74,6.08,94.8,115,81,24929
2026-02-24,App_B,Apple TV,Cellular 4G,Cloudflare,Region,Live Sports/Events,1.1,2.25,0.96,0.33,0.66,1.33,6.62,1.05,8365,42.7,14896,70806,191723,94.2,80.1,59.3,49.4,73,96.7,0.86,87.5,5.2,3.42,6.18,95.3,108,77,19945
2026-02-25,App_A,Desktop Web,Jio,Akamai,Region,VOD Series,1.02,2.5,0.78,0.41,0.6,1.15,7.53,0.83,8462,47.1,16318,78241,202129,89.8,75,64.5,49.6,67.4,91.4,0.83,83.7,4.7,3.71,6.69,94.4,112,78,28391
2026-02-25,App_B,Android TV,T-Mobile,AWS CloudFront,Country,FAST linear,1.05,2.77,0.89,0.44,0.62,1.39,7.09,1.06,9124,42.8,13522,64985,155556,91.2,73.4,61.1,47.8,71.3,97.9,0.85,83.1,5.4,3.15,5.7,94.9,115,89,19068
2026-02-26,App_A,Android TV,AT&T,Cloudflare,Metro,VOD Series,0.97,2.44,0.84,0.33,0.78,1.56,7.69,0.88,9730,44.6,16538,80087,196145,93.5,74.4,64.5,45.9,66.6,91.4,0.95,83.8,5.8,3.88,6.67,97.3,103,75,27629
2026-02-26,App_B,Tizen,AT&T,AWS CloudFront,Region,Live Sports/Events,1.07,2.35,0.77,0.41,0.76,1.27,7.94,0.86,8236,49.7,14785,70264,157008,88.9,73.6,59.6,46.7,67.6,92.9,0.8,82.4,5.3,3.11,6.86,97.9,107,79,22292
2026-02-27,App_A,Android TV,AT&T,Cloudflare,Region,Live Sports/Events,0.88,2.58,0.89,0.37,0.68,1.44,7.24,0.8,9363,41.9,17061,81921,199115,91.3,74.5,64.5,45.3,65.3,92.8,0.64,85.8,4.6,3.08,5.66,96.2,134,77,26101
2026-02-27,App_B,FireTV,Cellular 5G,Fastly,Country,Live Sports/Events,1.05,2.62,0.99,0.4,0.56,1.4,7.09,0.8,9456,42.4,15769,75578,171346,91.6,74.8,63.3,47.9,66.4,95.9,0.67,84.9,5.3,3.55,5.87,94.9,126,87,27913
2026-02-28,App_A,Apple TV,Wi-Fi,AWS CloudFront,Region,FAST linear,0.96,2.33,0.95,0.41,0.61,1.27,6.95,0.76,8813,40.7,17390,84184,183907,87.8,75.1,62.9,49.1,71,95.4,0.83,83.1,5.7,3.86,6.4,97.6,120,73,20902
2026-02-28,App_B,Desktop Web,Airtel,Cloudflare,Metro,FAST linear,0.97,2.54,1.02,0.36,0.7,1.13,7.24,1.01,7770,42.4,13959,67238,178374,90.3,77.5,60.8,47.6,66.2,97.2,0.65,85.1,5,3.67,5.74,97.4,125,71,23073
2026-03-01,App_A,Apple TV,Cellular 5G,Fastly,Country,VOD Series,1,2.59,0.94,0.32,0.65,1.44,7.97,0.84,9222,42.6,18413,87827,208072,93.6,77.2,64.3,48.7,72.4,92.8,0.73,87,5.7,3.71,5.66,97.7,112,78,25740
2026-03-01,App_B,Android TV,Broadband,AWS CloudFront,Region,VOD Movies,1.09,2.67,1.03,0.47,0.6,1.45,7.2,1.03,7549,44.8,14010,66859,149677,89.7,74.2,64.5,50.2,67.3,97.5,0.67,87.6,5.6,3.44,6.65,96.9,106,77,24728
2026-03-02,App_A,Android TV,Broadband,AWS CloudFront,Country,Live Sports/Events,0.84,2.75,0.82,0.39,0.58,1.36,7.09,1.03,9787,41.3,18161,87308,216944,93,73.3,63.4,48.8,67.9,96.6,0.93,87,4.7,3.26,6.09,95.7,120,84,29608
2026-03-02,App_B,iOS,Comcast Xfinity,Cloudflare,Region,VOD Movies,1.1,2.64,1.02,0.37,0.73,1.23,6.72,0.94,7387,48.9,14700,70961,164344,90.1,73.6,60.2,47.6,70.5,96,0.91,88,5.3,3.56,6.24,97.9,109,80,21376
2026-03-03,App_A,FireTV,Cellular 4G,AWS CloudFront,Region,Live Sports/Events,1.06,2.59,1.01,0.35,0.62,1.42,7.49,0.91,9123,47.3,16638,79317,190647,90.5,76.4,61.8,45.2,68.7,94,0.89,85.7,5.9,3.1,5.84,97.3,121,84,25464
2026-03-03,App_B,Android TV,Airtel,Akamai,Metro,Live Sports/Events,0.82,2.86,0.82,0.42,0.64,1.22,7.42,0.89,8060,45.5,15175,72843,171672,90.7,78.5,64.1,50.8,74,98.1,0.79,85.3,6.1,3.56,6.49,94.5,131,80,18819
2026-03-04,App_A,Tizen,T-Mobile,Fastly,Country,FAST linear,1.07,2.64,1.08,0.42,0.65,1.27,7.34,1.01,10850,45.5,18212,87075,233641,93.1,77.1,65.1,46.9,65.7,93.4,0.86,86.1,6.2,3.19,6.3,96,102,69,29776
2026-03-04,App_B,Desktop Web,Comcast Xfinity,Akamai,Region,VOD Series,1.09,2.79,0.74,0.32,0.78,1.11,7.49,0.89,8905,49.6,15184,72665,153718,89,76.8,60.2,50.8,69.5,92.4,0.67,87.7,5.9,3.82,6.37,96.6,104,77,25294
2026-03-05,App_A,Apple TV,AT&T,Cloudflare,Metro,VOD Series,0.88,2.88,0.78,0.43,0.6,1.31,7.93,0.95,9144,40.9,16849,80498,198083,92.3,78.1,59.6,44.9,66.6,96.3,0.64,84,6.1,3.72,5.83,97.2,120,75,23121
2026-03-05,App_B,FireTV,Jio,Akamai,Metro,FAST linear,0.98,2.89,0.92,0.32,0.65,1.06,8.01,1.01,7840,41.7,13508,65276,165018,92.8,75.9,61.9,49.4,72.4,95.9,0.85,85.5,4.6,3.65,5.8,95.1,119,79,22496
2026-03-06,App_A,Tizen,Cellular 4G,Cloudflare,Region,FAST linear,1.12,2.42,0.8,0.42,0.75,1.25,7.76,1.08,9162,48.4,18950,90911,214927,92.5,76.8,63.1,45.4,68,93.4,0.7,87.5,5.4,3.6,6.28,95,124,69,31851
2026-03-06,App_B,Apple TV,AT&T,Akamai,Region,FAST linear,0.9,2.77,0.83,0.34,0.59,1.49,7.91,1.01,7655,43.3,14178,68495,183837,87.8,75.6,61.3,44.5,66.4,95.5,0.77,90,5.8,3.25,6.89,94.3,104,84,25393
2026-03-07,App_A,Android TV,Cellular 4G,Cloudflare,Country,FAST linear,1.08,2.43,0.86,0.4,0.73,1.48,7.2,0.81,9068,46.3,18914,91512,243478,93.6,79.9,60,45.9,69.7,91.2,0.84,82.8,5.6,3.75,5.81,97.5,101,69,26901
2026-03-07,App_B,WebOS,Airtel,AWS CloudFront,Country,FAST linear,0.98,2.69,0.93,0.41,0.56,1.35,7.02,0.89,7756,47.5,15803,75499,195675,88.5,78.6,62.6,49.7,73.8,93.2,0.64,89.3,6.1,3.55,6.67,96.1,122,72,24319
2026-03-08,App_A,Android TV,Airtel,Akamai,Metro,VOD Movies,1.08,2.62,1.04,0.44,0.81,1.23,8.05,1.02,9618,40.4,17324,82794,183331,89.6,74.4,61.9,45.8,64.9,96.2,0.92,85.9,5.9,3.67,6.14,97.7,130,71,30121
2026-03-08,App_B,Apple TV,Jio,Cloudflare,Region,Live Sports/Events,1.01,2.71,1.04,0.35,0.6,1.14,7.48,1.06,8500,43.7,15320,73857,162820,90.7,76.6,59.2,44.8,68,91.7,0.64,90.5,5.9,3.69,6.09,95.6,118,83,22171
2026-03-09,App_A,Desktop Web,Verizon,Akamai,Country,VOD Series,0.98,2.83,0.98,0.47,0.79,1.07,6.81,1.05,10860,48.1,16781,80571,217033,92.6,72.9,60.7,46.9,66.2,92,0.65,81.3,5.4,3.09,6.73,97.4,117,79,20487
2026-03-09,App_B,Android,Wi-Fi,AWS CloudFront,Country,VOD Movies,0.87,2.5,0.9,0.37,0.63,1.13,7.05,1.08,8481,41.2,13972,67087,180354,87.5,80.4,63.1,48.2,69.3,94.1,0.69,86.1,5.1,3.09,6.64,94.5,115,75,18150
2026-03-10,App_A,iOS,Broadband,AWS CloudFront,Country,Live Sports/Events,1.05,2.59,1.01,0.47,0.61,1.18,7.06,1.03,9250,40,17438,82999,222766,91.8,74.4,64,44.6,64.8,96.8,0.85,85,6,3.45,6.68,94.6,108,79,28662
2026-03-10,App_B,iOS,Comcast Xfinity,Akamai,Metro,FAST linear,1.09,2.87,0.93,0.4,0.6,1.26,7.62,0.73,8365,44.6,13688,65385,168845,91,79.8,64.2,50.7,73.3,98.6,0.81,82.8,4.7,3.54,6.34,95.1,111,69,18036
2026-03-11,App_A,Apple TV,Airtel,Akamai,Country,FAST linear,1,2.26,0.96,0.33,0.68,1.41,7.65,1,10321,48.3,18064,85809,203526,91.6,79.1,58.7,47,70.4,97.3,0.78,87.7,5.2,3.21,6.11,97.5,110,91,22153
2026-03-11,App_B,Tizen,Comcast Xfinity,Akamai,Metro,VOD Series,0.83,2.82,0.85,0.34,0.55,1.05,7.34,0.83,9468,42.8,14663,70476,180199,92.5,76.4,62.7,47.1,68.8,92.2,0.66,84,5.1,3.67,6.12,95.8,126,82,24637
2026-03-12,App_A,iOS,AT&T,Fastly,Region,VOD Series,0.96,2.22,0.96,0.46,0.64,1.5,7.39,0.89,10682,47.1,17150,82308,206992,88.9,80.1,63.2,49.6,66.1,96.3,0.79,81.5,6,3.64,6.15,96.6,119,78,23713
2026-03-12,App_B,WebOS,Broadband,Fastly,Region,VOD Series,1.07,2.34,1.05,0.33,0.65,1.06,7.99,0.85,7844,47.7,15644,75066,202519,91,73.5,60.4,47.3,74.1,92.5,0.81,90.4,5.4,3.52,6.49,96.3,99,74,27548
2026-03-13,App_A,Desktop Web,Wi-Fi,Fastly,Region,Live Sports/Events,1.05,2.55,0.91,0.37,0.61,1.19,6.83,1.09,8481,48.7,18813,89963,217400,89.4,78.6,61.4,46.1,68.5,94.1,0.8,88.1,5.7,3.21,6.03,97.9,128,90,25635
2026-03-13,App_B,WebOS,Verizon,Cloudflare,Region,FAST linear,0.9,2.72,0.9,0.45,0.6,1.49,7.34,0.99,7571,45.9,14710,70358,172679,89.2,78.5,58.3,45,70.7,92.1,0.83,83.4,4.6,3.77,6.78,96.7,132,74,23086
2026-03-14,App_A,FireTV,Comcast Xfinity,Akamai,Metro,VOD Series,0.92,2.44,0.82,0.43,0.58,1.11,7.61,0.84,9744,48.6,16655,80744,172120,89.4,77.2,60.6,45.5,68.4,91.7,0.84,88.5,5.7,3.21,6.27,97.6,102,85,25870
2026-03-14,App_B,Android,Jio,AWS CloudFront,Region,Live Sports/Events,1,2.41,1,0.43,0.76,1.12,6.66,0.89,8138,44.3,15335,74006,159355,90.1,73.4,60.9,50.9,70.4,96.3,0.86,83.5,6,3.72,6.92,95.9,96,66,22227
2026-03-15,App_A,Android,T-Mobile,Akamai,Country,VOD Series,0.88,2.64,0.86,0.41,0.72,1.11,7.04,0.98,10693,41.2,18618,89701,225645,87.7,73.9,64.4,48.3,64.7,94.5,0.7,86.8,4.6,3.69,6.37,95.9,122,81,28957
2026-03-15,App_B,FireTV,Verizon,Akamai,Country,VOD Movies,1.06,2.84,1.03,0.36,0.64,1.45,7.93,0.9,7332,45.8,13712,65177,173272,93.6,73.5,64,46.1,74.2,97.3,0.77,85.2,5.1,3.15,6.56,98.1,120,92,24526
2026-03-16,App_A,WebOS,AT&T,Fastly,Metro,Live Sports/Events,0.96,2.5,0.86,0.41,0.55,1.11,6.98,0.98,9003,46.3,18756,90960,226369,94.6,73.4,65.1,49.9,68.4,95.8,0.91,82.4,5.6,3.5,6.66,94.5,99,78,30633
2026-03-16,App_B,Android TV,Broadband,Akamai,Country,FAST linear,1.1,2.3,0.72,0.4,0.78,1.23,6.54,0.76,7044,40.8,13772,66239,163140,89.5,78.5,59.8,49.9,65.9,91.7,0.85,90.5,4.8,3.27,6.65,97.5,121,65,24459
2026-03-17,App_A,Apple TV,Broadband,AWS CloudFront,Country,FAST linear,0.87,2.78,0.98,0.42,0.63,1.23,6.64,0.93,8632,41.1,17508,83690,176669,88.3,80,63.6,44.6,65,97.6,0.67,83.4,5.4,3.35,6.08,95.7,110,76,26185
2026-03-17,App_B,FireTV,Comcast Xfinity,AWS CloudFront,Metro,FAST linear,1.07,2.48,1.05,0.35,0.8,1.42,7.22,0.81,7088,41.9,13982,66423,164178,94.2,80,62.1,48.3,69.3,95,0.77,84.8,5.1,3.58,6.22,97.7,124,82,20977
2026-03-18,App_A,Apple TV,Comcast Xfinity,Akamai,Region,Live Sports/Events,0.84,2.49,1.02,0.37,0.57,1.48,8.04,0.97,9766,41.7,16415,78363,176821,88,77,58.1,45.1,71.6,94.2,0.66,80.3,6.2,3.23,6.04,95.3,126,92,22730
2026-03-18,App_B,FireTV,Airtel,Fastly,Country,Live Sports/Events,0.98,2.17,0.9,0.46,0.75,1.51,7.37,0.76,7066,41.7,14184,68628,175305,92.5,75.6,60.6,45.7,66.7,92.9,0.67,85.8,5,3.83,6.32,96,128,74,25069
2026-03-19,App_A,Android TV,Airtel,Fastly,Country,VOD Movies,0.94,2.2,0.88,0.35,0.74,1.38,7.74,1,8884,47.5,17763,84377,229511,87.8,79.7,58.2,48,66,93.1,0.68,88.1,5,3.17,6.69,97.4,110,66,22639
2026-03-19,App_B,Android TV,Jio,Akamai,Metro,FAST linear,0.88,2.76,1.01,0.38,0.62,1.19,7.83,0.96,8503,43.2,14851,70987,188244,93.6,77.1,59.5,45.4,69.3,91.5,0.9,82.4,5.7,3.04,6.25,97.5,92,87,22111
2026-03-20,App_A,Desktop Web,Broadband,Fastly,Region,Live Sports/Events,0.97,2.21,0.77,0.44,0.55,1.35,8.08,0.78,11295,46.1,16171,77454,193087,90.4,78.6,60.9,49.2,70.2,97.2,0.68,84.9,4.6,3.3,6.09,95.5,97,82,19634
2026-03-20,App_B,Android TV,Cellular 5G,Akamai,Region,VOD Movies,1.02,2.23,0.73,0.35,0.63,1.11,6.56,0.88,8587,49.1,13987,67107,163244,90.8,76,65.2,49,73.6,95.9,0.83,85.5,5.9,3.77,5.87,94.9,127,92,19331
2026-03-21,App_A,FireTV,T-Mobile,AWS CloudFront,Metro,VOD Movies,0.97,2.41,0.85,0.35,0.66,1.06,6.89,0.73,11122,45,18727,90508,230770,87.5,73.8,62,47.9,72,98.5,0.73,85,5.6,3.64,5.76,95.7,103,75,33610
2026-03-21,App_B,iOS,Broadband,Cloudflare,Metro,VOD Movies,1.02,2.85,0.76,0.33,0.58,1.3,7.86,0.81,7846,49.5,14561,70213,159456,88.9,78.4,61.1,45.8,72.4,96.8,0.68,89.7,4.7,3.4,6.62,97.8,125,75,19081
2026-03-22,App_A,FireTV,Cellular 5G,Cloudflare,Region,Live Sports/Events,1.01,2.49,0.89,0.34,0.66,1.48,7.43,0.81,9219,47.4,16357,78044,172038,91.1,74.9,62.6,48.4,67.2,96,0.9,81.7,6.1,3.84,5.71,96.1,122,71,28287
2026-03-22,App_B,Desktop Web,Cellular 5G,Cloudflare,Region,FAST linear,1.02,2.8,1.03,0.34,0.54,1.3,7.97,0.76,7677,43.6,14615,70383,185404,92.9,79.1,64.3,46.5,69.1,93.9,0.66,85.9,5.2,3.35,6.1,96.2,94,75,17682
2026-03-23,App_A,Apple TV,Cellular 4G,AWS CloudFront,Region,FAST linear,0.96,2.29,0.89,0.39,0.67,1.18,7.52,0.81,10107,46.4,17260,82713,210075,91,73.8,63.1,49.4,71.2,94.6,0.92,82.1,4.6,3.82,5.6,96.6,112,88,28407
2026-03-23,App_B,WebOS,Cellular 4G,AWS CloudFront,Metro,Live Sports/Events,0.92,2.68,0.78,0.38,0.75,1.03,6.63,0.92,9094,44.4,13380,64227,138638,93.1,77,60.2,48.8,66.2,96.8,0.92,87.3,5,3.79,6.97,97.9,92,75,17657
2026-03-24,App_A,Tizen,Wi-Fi,Fastly,Country,Live Sports/Events,0.89,2.71,0.81,0.39,0.67,1.4,6.46,0.97,8754,47.6,18765,89357,238663,88.7,79.5,62.6,46.4,66.6,92.1,0.63,88.6,5.4,3.41,6.22,95.5,102,86,31277
2026-03-24,App_B,Apple TV,T-Mobile,Cloudflare,Metro,Live Sports/Events,1.03,2.71,0.97,0.39,0.72,1.48,7.34,1.04,9122,42.1,13631,64793,146132,92,75,60,48.1,73.3,94.2,0.67,86.7,6,3.27,5.8,96.7,115,85,18456
2026-03-25,App_A,Apple TV,Cellular 4G,Akamai,Country,VOD Series,0.88,2.56,0.88,0.45,0.62,1.21,7.76,1.05,11164,40.9,16828,81563,208983,90.2,79.8,59.3,44.7,70.9,92.6,0.83,80.5,5.9,3.85,5.79,95.7,95,81,25123
2026-03-25,App_B,WebOS,Wi-Fi,Cloudflare,Country,VOD Series,1.02,2.58,0.75,0.35,0.71,1.23,7.17,0.77,7759,45.8,13737,65512,171172,92.4,75,65,50.9,72.6,98.3,0.8,83.3,5,3.48,6.79,97.5,94,85,20748
2026-03-26,App_A,WebOS,Cellular 4G,AWS CloudFront,Country,VOD Series,1,2.86,1.02,0.4,0.81,1.19,7.01,1.05,9253,46,16135,78002,192443,87.6,78.2,64.7,44,71.8,96.5,0.74,81.8,5.4,3.43,6.03,96.5,121,87,25189
2026-03-26,App_B,Desktop Web,Cellular 5G,Cloudflare,Metro,Live Sports/Events,0.96,2.21,0.9,0.41,0.76,1.06,7.81,0.99,8574,40.9,15154,73482,173578,91,77.3,59.5,49,72.8,95.5,0.63,89.2,4.5,3.57,6.92,94.7,117,75,18857
2026-03-27,App_A,Android TV,Wi-Fi,Fastly,Metro,VOD Series,0.91,2.32,0.85,0.39,0.76,1.31,8.09,0.95,8499,41.9,17576,84944,222895,94.5,80,58.3,44.6,71.1,95.2,0.63,87.8,5.6,3.23,6,97.6,102,73,25320
2026-03-27,App_B,WebOS,Verizon,Cloudflare,Country,VOD Movies,0.98,2.75,0.73,0.45,0.7,1.36,7.28,0.72,7880,42.2,13966,67221,147765,90.9,75.7,58.4,47.1,68.1,97.2,0.85,87.3,5.1,3.51,6.4,94.9,99,90,22301
2026-03-28,App_A,FireTV,Airtel,AWS CloudFront,Country,Live Sports/Events,0.91,2.59,0.99,0.4,0.75,1.31,7.66,0.91,9378,40.6,18493,88722,232268,91,80.5,63,48.6,68.4,95.9,0.87,80.5,5.7,3.37,5.76,97.5,109,67,28948
2026-03-28,App_B,iOS,Wi-Fi,Akamai,Metro,Live Sports/Events,0.89,2.73,0.78,0.42,0.69,1.51,6.85,1.05,8383,44.4,15025,71460,169931,89.5,79.7,63.9,47.8,72.2,93.9,0.88,83.3,4.9,3.24,6.52,97.7,129,69,25142
2026-03-29,App_A,Desktop Web,Comcast Xfinity,AWS CloudFront,Region,VOD Movies,0.87,2.22,0.73,0.37,0.64,1.18,7,1.02,10565,42.3,16437,78799,207677,92.5,74,61.6,47.1,70,92.6,0.62,80.6,5.7,3.68,6.62,97.6,92,85,26641
2026-03-29,App_B,Android,Cellular 5G,Fastly,Region,FAST linear,0.9,2.41,1.02,0.32,0.69,1.32,6.53,0.75,8544,40.3,13825,66132,163737,88.6,76.8,64.1,51.1,73,96.2,0.65,83.9,6,3.04,6.71,97.6,120,88,17000
2026-03-30,App_A,Apple TV,Verizon,AWS CloudFront,Region,VOD Movies,0.83,2.69,0.73,0.42,0.57,1.18,7.22,0.94,10023,39.7,17160,81527,180503,91.1,78.9,59.4,49.2,68.5,95.8,0.8,86.5,5.6,3.14,5.68,94.9,100,77,21915
2026-03-30,App_B,Android TV,Cellular 4G,Fastly,Metro,Live Sports/Events,0.96,2.54,1.06,0.41,0.55,1.06,6.81,1.03,7357,43.2,14195,67996,150901,87.5,77.4,59.7,47.8,66.9,93.6,0.62,86.1,6.1,3.71,6.36,95.1,122,91,22429
2026-03-31,App_A,Desktop Web,Airtel,AWS CloudFront,Region,VOD Movies,1.07,2.88,1.01,0.46,0.55,1.14,7.77,0.97,9742,39.3,17192,82020,216819,94.1,77.3,59.1,49.6,70.8,92.5,0.89,86.9,5.1,3.8,5.92,95,117,86,27110
2026-03-31,App_B,Android,Airtel,AWS CloudFront,Country,VOD Series,1.05,2.65,0.89,0.44,0.74,1.33,7.05,0.94,7319,43.1,14622,69664,157349,90.7,79.6,63.9,49,69.7,94.7,0.68,90.1,5.9,3.59,6.44,94.7,129,75,20631
2026-04-01,App_A,Android,Wi-Fi,AWS CloudFront,Country,VOD Series,0.83,2.53,0.84,0.42,0.63,1.2,7.03,0.86,8730,43.4,16879,81169,205930,94.3,74,63.2,44.7,69.9,98.6,0.84,88.1,5.6,3.46,5.78,97.6,116,67,25789
2026-04-01,App_B,Tizen,Cellular 4G,Akamai,Country,VOD Movies,0.83,2.82,0.97,0.36,0.69,1.45,7.2,0.88,9097,45.9,14563,70081,181202,93.1,80.5,62.5,49.4,69.7,94.4,0.64,90.1,5.1,3.76,6.23,96.3,120,70,22321
2026-04-02,App_A,Android TV,Wi-Fi,Cloudflare,Metro,VOD Series,0.91,2.55,0.85,0.32,0.75,1.34,7.84,0.75,9904,41.2,16429,78865,194215,89.8,79.8,61.2,49.1,71.8,96.2,0.8,87.7,5.9,3.43,5.62,95.9,99,67,28274
2026-04-02,App_B,Apple TV,Cellular 5G,Akamai,Metro,Live Sports/Events,0.88,2.81,1.04,0.46,0.58,1.03,8.17,0.77,7906,47.4,15297,72818,153909,94.3,77.3,64.2,48.6,71.6,95.5,0.72,82.3,5.1,3.1,5.82,95.8,111,86,19673
2026-04-03,App_A,Desktop Web,Jio,Fastly,Region,Live Sports/Events,1.08,2.64,0.9,0.4,0.71,1.04,7.94,0.95,8901,42.6,17461,83973,202291,89.2,74.1,58.2,45.6,68.1,91.9,0.93,88,5.4,3.44,6.8,97.8,103,65,23084
2026-04-03,App_B,Apple TV,Verizon,AWS CloudFront,Region,VOD Movies,0.92,2.16,0.71,0.45,0.75,1.3,7.2,0.82,8687,41.5,13221,63261,170160,89.6,75.2,61.3,50.3,71,91.5,0.89,90,5.2,3.31,5.88,95.9,99,86,22721
2026-04-04,App_A,Tizen,Jio,Akamai,Metro,VOD Movies,1.03,2.61,0.8,0.4,0.67,1.26,6.94,0.89,11026,44,18235,87137,197899,93.8,79.9,65.3,49,71.8,93,0.73,85.3,5,3.08,5.81,97.1,122,72,29243
2026-04-04,App_B,iOS,Cellular 5G,Fastly,Region,Live Sports/Events,1.07,2.45,0.87,0.42,0.61,1.45,7.69,1.04,7945,44.3,13590,65002,152195,89.4,80.7,64.4,49.9,67,92.5,0.71,90.2,4.5,3.55,6.56,96.6,102,86,19132
2026-04-05,App_A,iOS,Broadband,Fastly,Country,FAST linear,1.04,2.62,0.75,0.44,0.57,1.48,6.96,0.79,8712,41.2,17184,82814,191060,94.4,76.6,65.3,47.3,65.4,91.4,0.87,85.4,5,3.16,6.35,96.7,109,66,27138
2026-04-05,App_B,iOS,AT&T,Akamai,Region,FAST linear,0.9,2.84,0.79,0.31,0.76,1.12,7.33,0.92,7025,46.3,13979,67306,149827,88.3,77.3,63.9,44.8,67,98.2,0.89,86.1,5.1,3.08,6.79,94.6,119,84,22954
2026-04-06,App_A,Tizen,Jio,Fastly,Metro,VOD Series,0.87,2.15,1.02,0.33,0.56,1.22,7.7,0.89,8502,40.3,16740,80343,201708,94.4,76.3,59.9,47.6,72.3,94.8,0.85,86.6,5.5,3.29,5.71,96.7,101,87,27898
2026-04-06,App_B,Android,AT&T,Akamai,Metro,Live Sports/Events,0.86,2.63,1.04,0.33,0.59,1.41,8.08,0.83,7565,39.6,14892,71980,176182,92.3,74.8,64.2,49.6,69.9,93.9,0.81,84.1,5.2,3.17,6.63,96.4,111,67,25359
2026-04-07,App_A,FireTV,Cellular 5G,Akamai,Country,VOD Series,1.02,2.24,0.86,0.4,0.68,1.49,7.19,0.82,9596,45.2,17064,81869,210975,90.8,77.5,62.4,47.4,70.8,97.6,0.85,86.2,5.8,3.36,6.12,94.9,131,69,22923
2026-04-07,App_B,WebOS,Broadband,Fastly,Country,Live Sports/Events,1.04,2.35,0.78,0.32,0.75,1.49,7.75,0.92,7656,45.4,13422,63987,144092,88.7,77.7,61.7,49.8,72.3,93.4,0.91,86.6,5.8,3.39,6.78,98.1,107,79,21739
2026-04-08,App_A,Desktop Web,Jio,Cloudflare,Region,VOD Movies,1.07,2.6,0.8,0.42,0.59,1.13,7.38,0.85,10863,44.8,15984,77503,201384,89.6,77.3,58.4,47.5,68.4,94.8,0.91,81,5.3,3.67,5.62,96.3,99,70,28447
2026-04-08,App_B,Tizen,Verizon,Fastly,Region,FAST linear,1.05,2.65,0.92,0.36,0.65,1.25,7.46,0.76,8370,41.6,14053,67516,172597,94.6,76.3,63.1,49.5,71.1,97.1,0.88,84.8,4.7,3.7,6.27,97.5,99,71,24615
2026-04-09,App_A,Desktop Web,AT&T,Fastly,Country,VOD Movies,0.91,2.65,0.85,0.35,0.58,1.38,7.84,0.99,8658,46.7,17319,82599,190907,90.5,75,64.7,47.2,67.5,98.4,0.89,81.5,5,3.37,5.62,97.4,111,77,27659
2026-04-09,App_B,Android,T-Mobile,Cloudflare,Country,Live Sports/Events,1.08,2.74,1.04,0.39,0.72,1.23,7.55,0.97,8171,43.8,14039,67325,147748,87.8,77.9,64.1,47.1,67.8,95.6,0.64,85.7,4.8,3.01,6.93,95.3,101,89,23067
2026-04-10,App_A,Desktop Web,Comcast Xfinity,Cloudflare,Metro,VOD Movies,1,2.43,0.77,0.39,0.57,1.4,6.79,0.96,8843,42,17449,83344,184612,90.2,76.1,58.8,45.6,68,95.1,0.88,83.4,5.3,3.62,6.02,96.6,95,85,24271
2026-04-10,App_B,Android TV,Jio,Akamai,Region,Live Sports/Events,1.05,2.48,0.95,0.42,0.61,1.48,6.79,0.81,7088,43.6,13200,64001,137320,90.7,73.4,64.3,47.3,72,94.2,0.76,86.8,5.8,3.75,6.58,97.4,104,81,19638
2026-04-11,App_A,Android,Cellular 5G,Fastly,Metro,Live Sports/Events,0.9,2.26,0.78,0.4,0.55,1.11,8.1,0.86,10652,43.9,16768,79881,184537,90.9,80.7,64.2,44,68,97.6,0.69,82.2,4.9,3.61,6.25,97.9,108,83,20346
2026-04-11,App_B,iOS,Verizon,Cloudflare,Country,Live Sports/Events,0.85,2.38,0.78,0.38,0.63,1.12,7.73,0.99,7639,40.9,14965,71096,171555,88.1,78.9,59.2,47.3,70.3,95.5,0.84,88.7,5.7,3.08,6.31,95.4,125,78,22340
2026-04-12,App_A,iOS,Airtel,Fastly,Metro,VOD Movies,0.82,2.45,0.92,0.38,0.77,1.44,6.6,0.86,10474,43.3,17464,83111,188432,94.1,76.8,60.2,44.1,66.4,93.1,0.71,87.3,5.6,3.22,6.53,96,106,64,29959
2026-04-12,App_B,Desktop Web,Broadband,Akamai,Metro,VOD Series,0.93,2.71,0.71,0.41,0.58,1.27,6.82,1.02,7364,45.4,13862,66302,168566,88.2,80,58.7,48.3,72.5,96.8,0.87,85.2,4.8,3.78,5.95,95.2,105,74,17100
2026-04-13,App_A,Tizen,Verizon,AWS CloudFront,Region,VOD Series,1.09,2.44,0.88,0.36,0.55,1.1,7.53,0.89,8473,41.1,15622,74777,184340,94.6,73.9,63,48.6,70.3,95.5,0.69,83,5.8,3.36,5.9,98.2,115,74,24537
2026-04-13,App_B,Desktop Web,Comcast Xfinity,Akamai,Metro,VOD Series,1.04,2.21,0.91,0.38,0.66,1.05,7.72,0.79,7712,42,13473,65336,162142,89.3,73.5,58.7,51.1,68.7,95.9,0.73,83.4,5.2,3.53,6.05,97.9,120,77,22433
2026-04-14,App_A,FireTV,Cellular 5G,Akamai,Country,VOD Movies,1.09,2.44,0.89,0.38,0.79,1.16,7.49,1.03,9043,38.2,17200,82856,186122,89.1,73.5,59.7,49.3,67.7,98.6,0.74,83.6,4.7,3.07,6.75,94.7,103,87,20720
2026-04-14,App_B,Android,T-Mobile,Fastly,Region,FAST linear,1.03,2.81,0.77,0.36,0.53,1.02,6.67,0.87,7820,39.5,12986,62712,161539,90.9,74.9,59.5,50.1,74,92.3,0.85,87.5,5.9,3.52,6.56,96.2,116,71,20650
2026-04-15,App_A,Tizen,Verizon,Cloudflare,Metro,FAST linear,0.93,2.17,0.9,0.38,0.62,1.06,7.23,0.81,8377,39.3,15528,74601,188482,89.8,76.3,58.9,49,69.5,98.1,0.83,85.7,5.4,3.29,6.07,98,125,90,19529
2026-04-15,App_B,WebOS,Broadband,Cloudflare,Region,FAST linear,1.04,2.53,0.83,0.3,0.73,1.31,8.1,0.83,7843,42.1,13374,64056,133906,90.8,80.6,60.1,48.6,71.2,94.8,0.69,88.8,5,2.99,6.53,96,123,82,22333
2026-04-16,App_A,FireTV,Airtel,AWS CloudFront,Region,VOD Movies,1.03,2.4,1,0.34,0.79,1.5,6.94,0.86,9563,42.2,15993,77108,200593,87.8,73.7,62.2,49.4,67.3,98.3,0.91,82.2,5.1,3.19,6.13,98.1,127,74,21075
2026-04-16,App_B,WebOS,Wi-Fi,AWS CloudFront,Country,VOD Movies,0.85,2.79,1.02,0.34,0.6,1.5,6.89,0.88,8800,39.2,12855,61511,144499,94.6,75.4,63.6,44.7,67.8,95.9,0.9,88.5,4.7,3.24,6.56,96.7,116,81,15432
2026-04-17,App_A,FireTV,Jio,Akamai,Country,VOD Movies,1,2.49,0.75,0.37,0.57,1.35,8.08,0.99,10588,45.8,17695,85091,229093,90,73.2,63.6,48,68.9,92.3,0.77,88.5,5.8,3.85,6.4,96.4,114,82,27079
2026-04-17,App_B,Desktop Web,Cellular 5G,Cloudflare,Metro,VOD Movies,1.08,2.76,0.88,0.31,0.7,1.51,7.52,0.81,6808,44,14815,71367,154716,87.6,75.7,58.2,50.2,67.1,98,0.84,82.7,5.1,3.18,5.8,96.1,107,71,17964
2026-04-18,App_A,Android,Jio,Cloudflare,Region,Live Sports/Events,0.86,2.89,0.81,0.39,0.63,1.22,7.16,0.98,10323,41,16771,81333,189685,93.1,74.1,62,45.8,71.9,94.5,0.72,82.2,4.6,3.7,5.85,95.4,117,78,25824
2026-04-18,App_B,Android TV,Broadband,AWS CloudFront,Region,VOD Movies,0.87,2.79,1.03,0.35,0.7,1.44,6.61,0.98,7170,47.3,13461,64922,155695,91.3,79.5,64.6,49.9,72.2,97.6,0.68,89,4.8,3.46,7.01,95.2,118,71,23309
2026-04-19,App_A,iOS,Cellular 5G,Cloudflare,Region,FAST linear,0.85,2.38,0.81,0.41,0.54,1.29,7.73,1.02,10559,45,16618,79667,195810,90.2,78.3,60.3,45,69,92.5,0.74,85.3,5.9,3.24,6.35,97.7,115,79,25602
2026-04-19,App_B,Android,Verizon,Akamai,Metro,FAST linear,1.02,2.66,0.75,0.43,0.59,1.37,8.04,1.02,8928,45.3,13468,64027,172870,92.1,76.7,65.3,45.2,68.3,96.3,0.83,89.5,4.7,3.36,6.16,95.2,126,80,22398
2026-04-20,App_A,Desktop Web,Cellular 5G,Fastly,Region,FAST linear,0.98,2.32,1.03,0.44,0.68,1.34,8.03,0.96,9268,43.4,16425,78495,209587,88.8,77.2,62.6,46.5,66.7,94.8,0.64,82.7,4.6,3.08,5.93,97.3,114,79,20469
2026-04-20,App_B,FireTV,Airtel,Cloudflare,Region,VOD Movies,0.99,2.4,0.73,0.45,0.69,1.11,7.48,0.79,8504,44.6,14657,70252,152631,94.4,74.1,65,46.3,70,94.1,0.66,85.2,4.7,3.17,6.13,95.6,101,68,25228
2026-04-21,App_A,FireTV,Wi-Fi,Cloudflare,Country,VOD Movies,1,2.72,0.9,0.37,0.59,1.37,6.79,0.73,9753,40,15345,73932,155787,88.4,73.3,62.8,48.5,67,97.6,0.87,87.3,5.6,3.14,6.11,96.7,117,76,21607
2026-04-21,App_B,iOS,Cellular 4G,Akamai,Metro,Live Sports/Events,0.99,2.72,0.81,0.45,0.65,1.12,6.9,0.73,6964,43.8,13206,63049,169789,90.2,74.5,60.3,47.8,67.4,92.8,0.69,90.6,4.5,3.49,6.97,98.3,89,72,17692
2026-04-22,App_A,Tizen,Cellular 4G,AWS CloudFront,Metro,VOD Movies,1.05,2.14,0.94,0.41,0.69,1.28,7.34,0.89,8012,42.4,15818,76508,187983,90.2,80.3,62,49,71.7,97.3,0.76,85.4,5.8,3.7,6,96.9,104,73,27968
2026-04-22,App_B,Android,Broadband,Akamai,Region,VOD Series,0.92,2.8,0.75,0.3,0.65,1.14,7.19,0.75,7749,46.8,13597,65378,158213,87.9,78.1,64.5,46.4,71.2,92.1,0.9,85.3,5.6,3.56,6.05,94.9,101,87,22330
2026-04-23,App_A,Android TV,Airtel,Akamai,Region,VOD Series,0.83,2.68,1.05,0.37,0.72,1.52,7.95,1.04,10306,38.8,16629,79029,177263,93.3,75.2,60.9,48.4,65.7,94.4,0.66,84.4,5.2,3.71,6.88,98.3,123,63,23064
2026-04-23,App_B,Android TV,T-Mobile,Akamai,Metro,VOD Series,1.05,2.69,0.78,0.41,0.55,1.15,7.6,0.78,7024,45.7,12914,61826,158219,91.7,76.9,64.2,48.8,67.5,93,0.68,90.9,5.1,3.47,6.92,95.1,127,72,18750
2026-04-24,App_A,Apple TV,Jio,Fastly,Country,Live Sports/Events,1.03,2.5,0.98,0.32,0.57,1.51,6.83,0.71,9772,44.4,15425,73995,193934,88.7,78.3,62.5,45.5,71.7,95.1,0.73,88.8,5.9,3.22,6.07,96.7,128,90,27377
2026-04-24,App_B,Apple TV,Broadband,AWS CloudFront,Metro,Live Sports/Events,0.86,2.36,0.75,0.37,0.77,1.03,8.26,0.78,7991,39,13379,63567,147926,91.8,73.8,65.4,47.5,69.6,97.9,0.63,86.8,4.5,3.67,6.08,95.5,126,86,18204
2026-04-25,App_A,Desktop Web,T-Mobile,Cloudflare,Region,VOD Series,0.98,2.51,0.88,0.33,0.76,1.24,7.5,0.77,10063,41.5,17579,84674,215597,92.7,73.6,62.8,45.1,67,96.2,0.77,82.4,5.4,3.6,6.24,96.3,129,76,22524
2026-04-25,App_B,Apple TV,Broadband,Cloudflare,Metro,VOD Series,0.83,2.27,0.99,0.37,0.77,1.15,8.13,1.02,6591,44,13178,63786,139076,93.7,77.3,64.3,49.1,68.3,92.9,0.78,88.7,5.8,3.15,6.92,98.3,97,63,19041
2026-04-26,App_A,FireTV,Broadband,Fastly,Region,FAST linear,0.94,2.39,0.75,0.35,0.67,1.04,7.88,0.88,9325,41.7,16257,78084,208713,88,73.5,63.5,48.9,71.8,91.4,0.86,80.7,4.6,3.59,6.49,97.7,115,69,27403
2026-04-26,App_B,Apple TV,Comcast Xfinity,Akamai,Country,FAST linear,0.91,2.56,0.9,0.35,0.7,1.11,6.71,0.84,8353,42.8,12977,62035,133763,94.7,79.9,64.1,50.2,66.4,92.3,0.88,89.8,4.8,3.38,6.47,96.4,92,89,21820
2026-04-27,App_A,Android,T-Mobile,Akamai,Region,Live Sports/Events,1.08,2.33,1,0.33,0.71,1.45,6.98,0.82,9409,41.6,17046,82579,174894,93.8,77.8,60.2,48.8,71.5,95.8,0.68,84.4,5.9,3.13,6.4,97.8,103,65,26181
2026-04-27,App_B,iOS,Airtel,Fastly,Country,FAST linear,1.01,2.38,0.75,0.34,0.63,1.23,7.29,0.81,8843,41.1,12843,62172,139408,91,78.3,62.7,48.5,67.4,96.6,0.73,87.6,5,3.74,5.95,97.1,98,74,19071
2026-04-28,App_A,Android TV,Jio,AWS CloudFront,Country,VOD Series,1.02,2.79,0.87,0.32,0.78,1.31,6.77,0.85,9056,42.9,16858,80147,177178,93.9,78.1,64.3,49.4,68.7,96.5,0.87,86.2,5.2,3.06,6.75,95.4,107,73,23791
2026-04-28,App_B,Android TV,AT&T,Fastly,Country,VOD Movies,0.98,2.23,0.85,0.3,0.63,1.14,7.14,0.88,7519,38.7,12837,61166,141865,93,75.8,64,51.1,72.6,97.4,0.67,83.7,5.7,2.99,6.47,97.8,125,81,18067
2026-04-29,App_A,FireTV,Verizon,Fastly,Region,Live Sports/Events,0.92,2.29,0.96,0.45,0.68,1.34,6.46,0.86,8988,41.5,17320,83366,176286,88,76,63.5,44.5,72,96.4,0.64,85.5,5.4,3.46,6.03,95.7,92,86,21733
2026-04-29,App_B,FireTV,Cellular 4G,Fastly,Metro,FAST linear,0.92,2.25,0.91,0.33,0.66,1.18,7.55,0.82,7040,41.5,12640,60887,132836,91.2,77.2,59.2,44.8,67,94.9,0.77,90.4,5.9,3.14,6.38,96.9,96,88,18258
2026-04-30,App_A,iOS,T-Mobile,AWS CloudFront,Region,FAST linear,1.08,2.68,0.72,0.36,0.58,1.19,7.69,0.91,8719,37.9,15217,72319,189046,87.8,78.1,63.4,47,69.2,98.7,0.62,83.4,5,3.53,6.74,97.9,99,79,24049
2026-04-30,App_B,Desktop Web,Wi-Fi,Akamai,Country,Live Sports/Events,0.84,2.67,0.95,0.39,0.74,1.44,7.1,0.94,8429,38.9,14248,68781,144554,91.2,76.9,62.8,47.9,73.7,97.1,0.66,90.9,5.7,3.07,5.81,96.9,100,69,21592
2026-05-01,App_A,iOS,Broadband,Cloudflare,Metro,VOD Series,1.02,2.14,0.89,0.43,0.68,1.39,6.82,1.04,9138,38.4,15133,73059,184372,88.9,80.5,64.8,44.9,68.5,97.8,0.88,88.3,5,3.5,6.16,95.4,90,72,27201
2026-05-01,App_B,FireTV,Comcast Xfinity,Akamai,Metro,VOD Movies,0.9,2.38,1.03,0.43,0.54,1.05,7.05,0.96,7497,38.2,13722,65633,146431,87.8,80.5,61.1,47.5,73.3,92.9,0.69,88.8,4.7,3.2,6.47,97.3,123,69,24338
2026-05-02,App_A,Desktop Web,Broadband,AWS CloudFront,Metro,Live Sports/Events,0.86,2.3,0.8,0.36,0.69,1.1,6.73,0.92,10130,43.1,16982,81330,171229,88.7,77.8,59,46.4,67.1,94.5,0.7,80.7,6,3.78,6.54,96.4,95,71,23458
2026-05-02,App_B,Tizen,Jio,Akamai,Metro,VOD Series,0.87,2.47,0.94,0.39,0.58,1.17,7.5,1.01,8523,37.9,13306,64369,166391,89.8,78.8,59.1,46.9,66.8,92.3,0.8,85.6,5.5,3.04,5.98,97.4,114,87,19327
2026-05-03,App_A,Tizen,Jio,Akamai,Country,VOD Series,0.99,2.64,0.82,0.31,0.71,1.46,7.39,0.83,9747,42.9,15461,73769,193564,89,79.7,61.8,48.6,66.1,97.5,0.86,83.7,5.7,3.53,6.71,95.6,100,84,22566
2026-05-03,App_B,Desktop Web,T-Mobile,AWS CloudFront,Country,FAST linear,0.93,2.29,0.78,0.43,0.53,1.29,7.53,0.87,7193,37.7,13677,65899,153939,88.2,77,58.4,48.4,71.4,92,0.85,87,5.5,3.77,6.4,96.5,119,69,23479
2026-05-04,App_A,Desktop Web,Wi-Fi,Cloudflare,Metro,Live Sports/Events,0.82,2.16,0.94,0.41,0.57,1.5,6.72,0.94,8090,39.8,17132,82552,175327,89.7,76.4,62.6,45.5,70.7,96.2,0.76,82.1,5,3.33,6.57,95.7,105,83,29827
2026-05-04,App_B,Apple TV,Verizon,Fastly,Country,VOD Series,0.99,2.71,0.76,0.35,0.68,1,6.88,0.9,8020,39.9,13380,63635,141176,92.6,74.8,60.8,47.3,73.6,94.9,0.65,91.2,4.6,2.97,6.7,95.5,116,63,23828
2026-05-05,App_A,FireTV,Cellular 5G,Akamai,Metro,FAST linear,1.05,2.79,0.75,0.38,0.61,1.43,7.49,0.76,9980,43.9,16564,79152,173073,92.4,80.6,63.5,43.9,72.1,97.9,0.85,83.4,5.4,3.07,6.74,96.5,99,65,24032
2026-05-05,App_B,iOS,Cellular 5G,Fastly,Region,FAST linear,0.9,2.69,0.96,0.43,0.64,1.49,6.7,0.82,6804,43.3,12665,61097,154026,94.3,77.9,63.7,51.5,72.4,95.5,0.9,88.6,4.9,3.52,6.94,95.2,103,75,22040
2026-05-06,App_A,Android,T-Mobile,Fastly,Metro,VOD Movies,0.82,2.23,0.96,0.41,0.55,1.37,7.79,0.88,8028,43.9,17078,82149,178880,92.3,73.7,60.6,48.6,68.7,92.4,0.73,81.6,5.3,3.68,6.14,98.2,117,75,21646
2026-05-06,App_B,Desktop Web,Wi-Fi,Fastly,Metro,VOD Movies,0.93,2.59,0.98,0.37,0.53,1.11,7.15,0.88,6544,43.5,12721,61428,157522,88.9,77.3,61.1,46.1,72.9,96.4,0.69,85.7,5,3.48,6.07,95.2,111,82,20136
2026-05-07,App_A,Android,Verizon,AWS CloudFront,Metro,VOD Series,0.99,2.75,0.86,0.35,0.54,1.04,7.6,0.83,7858,44.2,14936,71533,183807,94.4,80.5,58.5,45,72.1,92.3,0.84,85,5.5,3.02,5.69,95.5,105,68,24282
2026-05-07,App_B,Desktop Web,Cellular 5G,Fastly,Metro,VOD Series,0.96,2.37,0.93,0.42,0.53,1.19,7.76,0.79,7550,44.4,13449,65166,147147,88.9,77.8,62.1,50.2,67.7,91.7,0.65,85.2,5.1,3.46,6.37,97.7,119,76,22582
2026-05-08,App_A,WebOS,Airtel,Fastly,Metro,VOD Series,0.86,2.29,0.82,0.36,0.73,1.51,7.23,1.04,10180,43.1,16104,77010,205162,92.8,80,60.6,45.3,67.8,97.9,0.65,85.5,5.3,3.37,5.92,96.9,99,79,24091
2026-05-08,App_B,FireTV,T-Mobile,AWS CloudFront,Region,FAST linear,0.81,2.62,0.91,0.33,0.57,1.24,6.62,0.73,6801,45.6,14410,69857,163991,90.1,80.6,61.8,46.1,68.1,96.5,0.8,85.7,5.2,3.23,6.41,97,94,78,20933
2026-05-09,App_A,Android TV,Jio,AWS CloudFront,Metro,FAST linear,1.06,2.38,0.97,0.38,0.72,1.48,7.93,0.81,8464,39.2,15627,75357,179711,89.9,76.7,62.6,49.9,69,98.3,0.83,81.7,4.6,3.12,6.1,94.8,94,89,22741
2026-05-09,App_B,iOS,T-Mobile,Cloudflare,Country,FAST linear,1.01,2.26,0.88,0.39,0.73,1.19,6.67,1,6567,41.8,13675,65654,155516,88.8,78.4,64.9,46.5,71.1,94.7,0.66,84.5,5.2,3.53,6.13,95.8,91,75,19864
2026-05-10,App_A,iOS,Airtel,Fastly,Region,FAST linear,0.94,2.5,0.75,0.43,0.59,1.01,7.54,0.78,9489,38.6,17287,82919,186395,90,75.5,61.1,44.1,66.7,99.1,0.69,84,6,3.06,5.66,97.1,123,77,27490
2026-05-10,App_B,FireTV,Wi-Fi,Cloudflare,Region,FAST linear,0.86,2.24,0.85,0.44,0.64,1.34,7.78,0.95,8146,38.3,13277,63290,134234,89.5,77.3,63.1,50.2,67.7,94.2,0.81,87.9,5.8,3.09,6.59,95.5,112,83,19359
2026-05-11,App_A,Apple TV,Cellular 5G,Cloudflare,Region,FAST linear,0.91,2.66,0.9,0.31,0.53,1.45,7.22,0.8,7744,40.3,16688,80357,180121,91.5,77.1,59.6,49.4,67.3,94.4,0.89,80.9,6,3.1,6.31,95.3,120,70,29700
2026-05-11,App_B,Android TV,Comcast Xfinity,AWS CloudFront,Metro,VOD Movies,0.81,2.56,0.79,0.43,0.67,1.34,6.91,0.8,7043,40.7,14188,68405,169280,92.8,74.6,64.4,47.8,68.8,98.6,0.75,87.4,5.4,3.18,6.79,96.4,114,88,25139
2026-05-12,App_A,Android,Verizon,Cloudflare,Region,VOD Movies,0.95,2.35,0.8,0.42,0.67,1.21,7.82,0.81,8554,40.8,17021,82414,186579,94.7,76.8,61.3,46.1,68.3,95.2,0.79,84,5.3,3.3,6.4,96.7,108,88,21313
2026-05-12,App_B,FireTV,Airtel,AWS CloudFront,Metro,Live Sports/Events,1.04,2.2,1.03,0.3,0.67,1.09,7.69,0.79,7523,42.5,13468,64912,165701,93.5,80.3,61.2,48.6,72.8,99,0.61,88.5,5.4,3.55,5.96,96.4,95,79,17816
2026-05-13,App_A,Desktop Web,Cellular 5G,Cloudflare,Metro,Live Sports/Events,0.88,2.75,0.86,0.31,0.55,1.29,8.08,0.73,9156,38.7,15155,73316,163003,88.1,78.2,58.4,50.3,71.8,99,0.67,81,4.7,3.43,6.19,95.3,97,64,19362
2026-05-13,App_B,WebOS,Cellular 5G,Akamai,Country,VOD Movies,1.05,2.23,0.93,0.31,0.6,1.43,8.12,0.99,7532,37.3,13447,64156,149849,88.3,80.2,64.6,50.2,71.1,95.3,0.88,89.8,5.2,2.98,5.86,96.3,99,72,16898
2026-05-14,App_A,Desktop Web,T-Mobile,Akamai,Country,Live Sports/Events,0.96,2.22,0.87,0.32,0.65,1.39,7.25,0.94,7969,43.4,14726,70834,175951,94.5,77.6,59,46.9,73.1,97.2,0.82,89.1,4.5,3.06,5.77,97.2,111,63,18032
2026-05-14,App_B,Android TV,T-Mobile,Akamai,Country,VOD Series,0.98,2.24,1.01,0.42,0.59,1.48,8.07,0.84,7440,40,13976,66674,176331,91.9,76.1,62.1,47,71,91.9,0.74,82.8,5.9,3.13,6.41,95.3,118,65,25062
2026-05-15,App_A,iOS,T-Mobile,AWS CloudFront,Metro,VOD Movies,1.07,2.13,0.83,0.45,0.63,1.1,7.12,0.84,8897,40.6,15097,72260,177974,91.5,77.8,60.6,48.4,72.7,97.6,0.84,88,5.7,3.52,6.91,95.5,93,88,22796
2026-05-15,App_B,iOS,Verizon,Cloudflare,Metro,Live Sports/Events,0.83,2.14,0.82,0.39,0.58,1.19,7.71,0.99,7679,45,13411,64460,170955,94.6,73.4,59.1,45.4,67.1,94.7,0.87,89.6,5.5,3.19,6.64,94.9,103,68,18472
2026-05-16,App_A,Desktop Web,T-Mobile,Cloudflare,Region,FAST linear,0.92,2.51,0.94,0.38,0.69,1.01,6.96,0.86,8831,40.8,16318,79134,210313,92.9,75.4,64.7,47.8,69.1,92.5,0.6,81.9,4.8,3.12,6.08,98.4,89,75,28928
2026-05-16,App_B,Android,Comcast Xfinity,Fastly,Country,Live Sports/Events,1.04,2.79,0.87,0.44,0.57,1,7.13,0.76,6655,38.2,13814,66027,144956,94.9,74.3,58.8,46.4,74.7,95.5,0.8,90.8,5.5,3.57,6.42,97,111,84,21748
2026-05-17,App_A,Android,Jio,Fastly,Region,VOD Movies,1.08,2.69,0.86,0.31,0.71,1.13,6.6,1.03,8977,40.3,15668,75972,181758,94.8,76.3,64.6,44.4,71.3,97.7,0.71,85.2,5.4,3.05,5.8,97.8,119,73,28015
2026-05-17,App_B,Tizen,Comcast Xfinity,AWS CloudFront,Country,FAST linear,1.02,2.58,0.77,0.36,0.57,1.4,7.72,0.87,7697,43.3,13251,63862,148690,94.1,78.5,61.3,45.3,69.2,92.3,0.74,84.6,5.1,3.21,6.66,96.1,115,63,15950
2026-05-18,App_A,WebOS,Cellular 5G,Cloudflare,Country,VOD Series,1.08,2.17,1.01,0.34,0.61,1.15,8.07,0.71,9311,41.7,15052,71984,163124,90.8,74,65.8,49.6,70.7,98.5,0.81,87.1,5.7,3.65,6.25,96.3,98,77,19344
2026-05-18,App_B,Android,Cellular 4G,Akamai,Metro,VOD Series,0.92,2.19,0.84,0.34,0.68,1.18,8.02,0.76,6422,39.4,13356,64651,146751,89,77,60,45.7,72.5,94,0.89,88.7,5.3,3.28,6.17,95.7,99,79,17909
2026-05-19,App_A,Android,Cellular 4G,AWS CloudFront,Country,FAST linear,0.82,2.41,0.98,0.4,0.6,1.29,7.5,0.86,8077,38.1,16011,76597,199388,90.2,75.4,60.5,47.8,66.6,93.5,0.81,87.6,4.6,3.28,6.8,96.6,127,87,26170
2026-05-19,App_B,WebOS,Cellular 5G,Cloudflare,Region,FAST linear,0.89,2.79,0.71,0.44,0.72,1.27,8.16,0.97,8000,37,13083,63394,135926,90.7,74.4,59.9,49.9,67.8,93.1,0.81,88.4,5.9,3.3,6.44,95.4,102,72,18880
2026-05-20,App_A,Apple TV,Cellular 5G,Fastly,Metro,VOD Movies,1.04,2.64,0.7,0.36,0.72,1.5,7.35,0.73,10168,36.8,16923,81660,191519,92.8,75.2,65.5,48.6,71,94.5,0.64,87.8,5.3,3.75,5.85,98.2,113,85,20781
2026-05-20,App_B,Desktop Web,Wi-Fi,Cloudflare,Country,Live Sports/Events,0.98,2.13,0.73,0.34,0.56,1.39,8.25,1,8134,44.3,14220,67733,164968,90.7,80,61.9,47.3,73.9,99.1,0.76,86.5,4.7,3.02,6.51,97.9,92,81,22619
2026-05-21,App_A,iOS,AT&T,AWS CloudFront,Metro,VOD Movies,0.92,2.14,0.89,0.32,0.77,1.28,6.85,0.77,10055,37,15575,74871,190381,94.5,73.6,64.4,49.9,69.3,94.5,0.72,86.6,4.5,3.69,6.71,96.1,120,75,27228
2026-05-21,App_B,WebOS,Comcast Xfinity,Fastly,Country,FAST linear,0.93,2.52,0.7,0.39,0.52,1.4,7.53,0.92,7093,39.5,13629,64784,136966,87.9,73.4,65.1,49.1,71.8,93.2,0.6,89.9,5.9,3.65,5.86,94.8,120,69,23817
2026-05-22,App_A,Tizen,Broadband,Cloudflare,Country,FAST linear,0.93,2.54,0.75,0.42,0.7,1.38,7.17,0.8,8995,41.7,16067,77463,193415,94.1,75.5,60.7,46.4,68.8,96.5,0.69,84.6,4.5,3.17,6.68,94.8,124,85,25565
2026-05-22,App_B,Android,Cellular 5G,Cloudflare,Region,VOD Movies,0.87,2.72,0.71,0.39,0.59,1.47,7.48,0.7,7381,43.2,12773,60933,150493,93.6,78,62.5,51.4,74.4,96.1,0.82,87.9,5,3.43,6.74,97.2,89,80,22227
2026-05-23,App_A,Tizen,Cellular 4G,AWS CloudFront,Country,VOD Series,0.88,2.43,0.74,0.43,0.67,1.21,7.22,0.74,9823,41.2,17015,82162,193030,89.7,75.3,61.8,47.7,68.7,97.6,0.81,88.7,5.1,3.78,6.67,95.3,107,62,26116
2026-05-23,App_B,WebOS,AT&T,Fastly,Country,VOD Movies,0.99,2.73,0.91,0.44,0.65,1.37,7.63,0.9,7356,38.7,13191,63114,153383,89.7,78.9,58.5,50.7,69.9,93.1,0.88,83.3,4.6,3.43,6.45,96.7,110,76,20395
2026-05-24,App_A,Tizen,Cellular 4G,AWS CloudFront,Metro,VOD Movies,0.82,2.79,0.8,0.31,0.63,1.33,8.02,1,9438,37.7,16632,79827,183604,88.3,77.8,63.7,44.1,66.4,96.1,0.61,82.5,6,3.72,6.32,97,112,65,20019
2026-05-24,App_B,iOS,Wi-Fi,Fastly,Country,Live Sports/Events,0.87,2.25,0.78,0.3,0.72,1.03,6.85,0.75,7985,42.5,12201,58122,138793,91.9,80.1,62.8,50.7,70,94.7,0.8,89.8,4.6,3.55,6.83,96.4,97,85,20378
2026-05-25,App_A,Android TV,Jio,Fastly,Country,FAST linear,0.97,2.46,0.85,0.44,0.59,1.24,7.61,0.76,9787,37.5,16592,79371,171171,95,74.2,64.3,46.2,67.8,98.5,0.68,83.8,5.6,3.64,5.78,98.4,116,66,29789
2026-05-25,App_B,Apple TV,Comcast Xfinity,Fastly,Metro,VOD Movies,1,2.75,0.94,0.3,0.71,1.28,8.07,0.97,7357,43.6,13423,64485,154492,90.1,80.2,59.4,50.1,68.8,96.6,0.65,86.1,5.3,3.63,6.34,95.6,107,81,21499
2026-05-26,App_A,FireTV,Wi-Fi,AWS CloudFront,Region,VOD Movies,1.01,2.49,1.02,0.3,0.67,1.01,6.53,0.97,9501,36.4,15419,73603,200094,87.9,75.4,62.4,45.9,72,94.8,0.68,86.7,6,3.16,6.61,96.4,119,73,19768
2026-05-26,App_B,WebOS,T-Mobile,AWS CloudFront,Metro,FAST linear,0.8,2.11,0.95,0.42,0.71,1.4,8.16,0.98,6458,44.3,12096,58190,125463,92,74.3,62.9,47.7,69.1,98.6,0.63,84.8,5.1,3.69,5.94,97.9,106,83,20278
2026-05-27,App_A,Desktop Web,T-Mobile,Cloudflare,Country,Live Sports/Events,0.81,2.4,0.72,0.36,0.66,1.2,7.63,1,8787,43.1,16885,80761,205769,93,77.2,65.9,47,69.1,91.8,0.73,88.8,4.9,3.17,5.98,95.6,122,75,23766
2026-05-27,App_B,Apple TV,Jio,Akamai,Metro,VOD Series,1,2.22,0.86,0.32,0.61,1.16,6.64,0.88,6363,37.1,13783,66173,150777,88,80.3,58.7,48.6,68.5,98.5,0.76,90.8,5.8,3.59,5.93,95.6,119,64,17919
2026-05-28,App_A,Desktop Web,Airtel,AWS CloudFront,Metro,VOD Movies,0.97,2.72,0.88,0.33,0.69,1.5,6.76,0.92,8084,42.9,16380,78829,203558,89.5,80.9,64.5,44.3,67.9,91.8,0.89,84.8,4.6,3.65,5.82,98.2,90,66,20934
2026-05-28,App_B,WebOS,T-Mobile,Cloudflare,Metro,VOD Movies,1.04,2.8,0.77,0.31,0.68,1.42,7.42,0.86,8112,39.6,13855,67181,149706,88.5,79.7,58.5,46.4,68.2,97,0.81,86.9,5.3,3.24,5.95,98.3,92,64,19770
2026-05-29,App_A,Apple TV,Wi-Fi,AWS CloudFront,Country,Live Sports/Events,0.97,2.69,1,0.34,0.73,1.3,6.69,0.72,8017,39.8,15444,73912,197219,93.9,75.9,61.5,44.6,72.9,97.2,0.67,84.6,5,3.49,6.67,97.5,120,74,19731
2026-05-29,App_B,WebOS,Broadband,AWS CloudFront,Country,VOD Movies,0.95,2.51,0.81,0.32,0.7,1.4,7.42,0.87,6336,44.6,13734,65591,166134,89.3,74.4,62.9,51.5,69.4,98.5,0.66,86.8,5.3,3.43,6.34,97.5,105,79,20150
2026-05-30,App_A,Android TV,Jio,Cloudflare,Region,VOD Movies,0.81,2.68,0.9,0.41,0.71,1.43,7.61,0.85,8829,40,14530,70104,165118,93.8,76.3,63.7,44.4,68.9,91.7,0.79,86.5,5.8,3.66,6.93,96.4,110,75,19631
2026-05-30,App_B,Android,T-Mobile,Akamai,Region,VOD Series,0.81,2.47,0.8,0.43,0.53,1.26,8.05,0.97,7337,39.5,12120,58176,136919,91.9,80.6,58.7,46.4,69.6,96.1,0.67,83.4,4.4,3.11,6.62,95,93,66,16614
2026-05-31,App_A,FireTV,T-Mobile,Cloudflare,Region,VOD Series,0.83,2.27,0.79,0.32,0.61,1.4,7.66,0.86,8399,40.2,16155,77473,189749,92.3,76.1,65.2,50.3,65.5,98.7,0.83,85.6,4.5,3.67,6.73,95.1,103,86,21748
2026-05-31,App_B,Android TV,T-Mobile,Fastly,Country,Live Sports/Events,0.88,2.8,0.95,0.4,0.61,1.32,6.72,0.89,7273,39,12142,58319,127601,93.5,79.8,59.4,51.4,75,96.9,0.73,90.7,4.7,3.55,6.42,94.9,87,63,18459
2026-06-01,App_A,iOS,Cellular 4G,Fastly,Region,VOD Series,0.94,2.49,0.72,0.32,0.69,1.31,7.13,0.91,9530,43.4,16553,80161,181398,93.3,77.9,62.9,47.6,70.8,94.1,0.85,87.2,5.7,3.69,6.77,95.3,110,62,24160
2026-06-01,App_B,iOS,Jio,Akamai,Region,Live Sports/Events,0.79,2.42,0.99,0.4,0.53,1.45,7.51,0.7,8100,40.5,12784,61185,155755,92.2,74.4,64.4,49.5,72.1,92.3,0.66,90,4.4,3.74,5.91,97.1,122,87,20204
2026-06-02,App_A,Tizen,Airtel,Fastly,Metro,FAST linear,0.87,2.34,0.95,0.41,0.6,1.43,8.01,0.93,8147,36.4,15270,72819,162377,91.1,80,63.7,45.2,69.5,95,0.87,88.9,4.6,3.16,6.59,95.1,114,76,23151
2026-06-02,App_B,Android TV,Comcast Xfinity,Cloudflare,Metro,VOD Movies,0.96,2.61,0.72,0.31,0.7,1.03,7.15,0.73,7374,43.1,13027,63000,161833,92,81.1,60.9,47.5,73,91.8,0.66,86.4,4.8,3.11,6.96,96.9,112,61,18283
2026-06-03,App_A,WebOS,Airtel,Akamai,Region,FAST linear,0.87,2.68,0.8,0.31,0.68,1.13,7.1,0.94,8596,35.8,15613,74649,162602,88.1,75.5,65.5,47.9,72,98.7,0.83,86.8,5.7,3.11,5.86,97.7,89,84,25462
2026-06-03,App_B,WebOS,Cellular 4G,Fastly,Metro,VOD Series,0.98,2.74,1.01,0.32,0.69,1.15,7.97,0.87,7584,39,12074,58309,140148,90.6,74.2,59,51.2,72.8,94.2,0.76,90.1,5.3,2.96,6.46,96.7,112,78,20465
2026-06-04,App_A,Apple TV,Airtel,Akamai,Metro,Live Sports/Events,0.83,2.58,0.87,0.42,0.55,1.5,6.75,0.96,8149,42.6,14717,70642,158291,90.9,80.9,64.6,47,67.4,93.4,0.67,87.4,4.5,3.74,6.91,97.1,124,69,20565
2026-06-04,App_B,Tizen,Broadband,Akamai,Country,FAST linear,0.79,2.52,0.92,0.35,0.62,1.44,7.35,0.79,7374,40.5,12541,60646,161876,90.3,79.5,59.2,50,75.2,93.4,0.74,89.6,5.2,3.33,6.51,95.4,112,66,21760
2026-06-05,App_A,Tizen,Comcast Xfinity,Akamai,Region,VOD Movies,0.92,2.78,0.77,0.41,0.58,1.04,7.24,0.72,7788,38.8,16217,77275,175725,91,79.1,61.6,45.3,66.3,99.1,0.79,88.6,4.6,3.14,6.51,97.6,121,67,27218
2026-06-05,App_B,WebOS,AT&T,Akamai,Metro,VOD Movies,1.01,2.34,0.92,0.37,0.57,1.28,7.82,0.75,6596,41,14059,68047,141685,91.7,75.6,63.6,46.7,72.2,97.7,0.62,83.6,5.3,3.09,6.7,94.8,89,80,19409
2026-06-06,App_A,iOS,Wi-Fi,AWS CloudFront,Region,VOD Series,0.85,2.33,0.95,0.37,0.52,1.19,6.49,0.78,9136,36.4,15291,73684,186886,92.8,77.6,58.7,46.4,71.3,96.7,0.62,82.7,4.9,3.69,6.83,97.8,89,83,22554
2026-06-06,App_B,Apple TV,Cellular 5G,Fastly,Metro,Live Sports/Events,0.87,2.66,0.92,0.4,0.59,1.47,6.88,0.99,8104,40,13260,63589,150291,94,76.8,58.9,50.7,72.6,91.7,0.66,91.7,5.8,3.07,5.88,98.2,124,63,18977
2026-06-07,App_A,Android TV,Cellular 4G,Akamai,Region,VOD Movies,0.96,2.39,0.86,0.3,0.66,1.32,7.45,0.85,9548,42.5,14516,70111,173935,88.9,75.3,60.1,44.5,66.7,94.2,0.77,85.1,4.6,3.04,6.42,94.9,119,77,24329
2026-06-07,App_B,iOS,Comcast Xfinity,Akamai,Country,Live Sports/Events,0.84,2.58,0.98,0.31,0.57,1.42,7.38,0.97,6949,37.4,12704,60424,163377,92.8,80,65.8,46.2,74.3,92.2,0.7,91.1,5.8,3.26,6.71,98,88,75,16182
2026-06-08,App_A,Android,Broadband,AWS CloudFront,Metro,FAST linear,0.91,2.39,1.03,0.31,0.59,1.36,7.13,0.83,8564,36.3,14651,70934,148793,90.8,78.9,59.3,45.8,70.5,92.4,0.63,87.2,5.4,3.36,6.18,96.6,105,69,20329
2026-06-08,App_B,FireTV,Cellular 5G,Akamai,Metro,FAST linear,0.89,2.56,0.75,0.42,0.7,1.29,8.15,0.87,7998,43.5,13197,63193,161088,93.9,79.8,62.1,46.2,68.9,96.4,0.65,84.9,5.6,3.11,6.34,97.4,88,70,18409
2026-06-09,App_A,Apple TV,T-Mobile,AWS CloudFront,Country,FAST linear,1.06,2.73,0.8,0.31,0.65,1.24,6.92,0.93,8923,37.9,15917,76976,163622,89.5,80.8,60.4,45.3,71.8,98.5,0.83,83.5,5.2,3.09,5.92,95.7,92,86,27202
2026-06-09,App_B,Android,Wi-Fi,Cloudflare,Country,VOD Movies,0.8,2.39,0.67,0.4,0.68,1.39,8.03,0.73,8011,39.3,12832,60983,142021,94.4,73.8,63,45.6,75.1,95.4,0.74,90.6,5.6,3.67,7.15,95.1,118,78,16752
2026-06-10,App_A,WebOS,Verizon,AWS CloudFront,Region,VOD Movies,1.04,2.65,0.89,0.3,0.55,1.16,7.4,1.01,7710,42.4,15130,72087,166665,93.4,79,65.3,46.1,72.3,99,0.89,83.5,5.7,3.48,6.66,98.1,125,70,26396
2026-06-10,App_B,iOS,Cellular 5G,AWS CloudFront,Metro,FAST linear,0.95,2.34,0.69,0.35,0.62,1.13,8.26,0.76,7697,43.9,12742,61696,133609,94.3,73.5,63.7,48.3,74.9,93.2,0.59,88.3,4.6,3.72,6.92,95.8,111,69,22927
2026-06-11,App_A,Tizen,AT&T,Fastly,Country,VOD Movies,1.05,2.24,0.78,0.43,0.64,1.08,8.02,0.92,7636,40.5,16922,81775,206623,93.5,77,64.8,45.4,65.2,94.4,0.65,84.9,4.5,3.55,6.59,96.6,95,83,24534
2026-06-11,App_B,Desktop Web,Airtel,Akamai,Metro,FAST linear,1.04,2.67,1,0.31,0.6,1.25,8.18,0.71,8386,42.3,12238,58646,137824,91.1,74.5,65.1,50.5,73.3,97.8,0.67,86.9,5.8,2.96,6.92,96.5,90,74,15794
2026-06-12,App_A,WebOS,Wi-Fi,Fastly,Region,FAST linear,0.96,2.34,0.98,0.37,0.64,1.19,7.7,0.83,7939,37.2,14915,71165,177404,94.4,74.8,66.1,47.5,66.5,95,0.88,83.3,5.5,3.07,6.67,96.5,104,79,24855
2026-06-12,App_B,Desktop Web,Cellular 4G,AWS CloudFront,Metro,VOD Movies,0.81,2.68,0.78,0.32,0.55,1.05,8.02,0.7,7617,43.5,12433,59825,148136,91.9,79.6,60.8,47.4,68.1,96.8,0.73,84,5,3.22,6.29,97.2,95,75,18644
2026-06-13,App_A,iOS,Cellular 4G,AWS CloudFront,Country,FAST linear,0.8,2.42,0.69,0.32,0.67,1.39,6.54,0.72,7705,41,14448,69765,153256,94,80.7,61.2,48,65.3,92.8,0.64,82.1,4.9,3.45,6.81,96.9,115,74,24669
2026-06-13,App_B,Android TV,Comcast Xfinity,Akamai,Metro,VOD Movies,1.04,2.18,0.72,0.34,0.75,1.3,7.16,0.82,7368,43.4,13885,67169,173612,90.6,74,64.4,45.7,71.1,95.7,0.65,83.3,5.5,3.63,6.31,96.5,102,74,19663
2026-06-14,App_A,Apple TV,Verizon,AWS CloudFront,Region,Live Sports/Events,0.86,2.3,0.82,0.44,0.59,1.04,7.61,1,8770,35.8,15757,75025,188820,93.5,80.7,59.3,47.7,71.9,98.2,0.62,83.7,5.1,3.22,6.3,98.4,102,72,27743
2026-06-14,App_B,Android TV,Cellular 4G,AWS CloudFront,Metro,Live Sports/Events,0.89,2.22,0.91,0.42,0.61,1.21,6.83,0.77,6748,38.5,12642,60512,132577,89.5,73.9,58.7,49.1,72.3,98.6,0.75,87.1,5.1,3.28,6.69,97.1,116,81,19517
2026-06-15,App_A,FireTV,Airtel,AWS CloudFront,Region,FAST linear,1,2.12,0.74,0.34,0.53,1.2,7.28,0.9,7555,38.5,16906,81208,178022,91.5,76.8,59.1,45.1,67.8,93.2,0.64,89.1,5.3,3.57,6.8,97.4,124,68,28519
2026-06-15,App_B,iOS,Airtel,Akamai,Metro,Live Sports/Events,0.97,2.18,0.81,0.39,0.53,1.07,7.02,0.77,6795,40.7,12719,61584,131578,92.3,73.9,59.3,45.8,75.2,95.1,0.6,90.7,5.4,3.09,6.68,96.3,92,65,16963
2026-06-16,App_A,Android,Comcast Xfinity,Akamai,Region,VOD Series,0.93,2.37,0.76,0.32,0.65,1.13,7.35,1.02,9019,35.7,14451,68836,180675,90.5,76,58.9,48,68.1,96.4,0.79,81.9,4.5,3.75,6.22,97.4,120,70,21130
2026-06-16,App_B,WebOS,AT&T,AWS CloudFront,Metro,VOD Movies,1.01,2.37,0.72,0.4,0.66,1.04,7.14,0.93,6298,37.1,13935,66980,173833,95.1,79.4,59.6,50.5,67,97.1,0.65,90.3,5.7,3.3,7.13,97.5,112,66,24243
2026-06-17,App_A,WebOS,Verizon,Akamai,Region,Live Sports/Events,0.97,2.69,0.72,0.3,0.67,1.37,8.13,0.9,10117,36.9,15869,76345,203256,91.8,76.8,60.6,48.6,67.1,95.8,0.81,88.9,5.1,3.34,5.94,95,105,83,19967
2026-06-17,App_B,Android TV,Jio,Fastly,Metro,VOD Series,0.84,2.76,0.96,0.29,0.6,1.01,7.98,0.69,7242,43.4,12547,59967,153948,94,78.5,58.9,50.3,71.1,96.5,0.85,85.7,5.3,3.15,6.76,97,94,73,19554
2026-06-18,App_A,Android,Cellular 4G,Fastly,Country,FAST linear,1,2.58,0.82,0.37,0.6,1.21,7.02,0.8,9507,37.1,15151,72578,152362,94.9,79.8,62.7,48,68.9,96.6,0.75,89,5.1,3.04,6.38,96.1,115,87,24586
2026-06-18,App_B,Android TV,Cellular 4G,AWS CloudFront,Region,VOD Movies,0.81,2.39,0.94,0.3,0.72,1.18,8.41,0.82,6481,37.3,13032,62584,158616,94.8,80.6,62.1,47.2,74,98.2,0.76,84.9,4.5,3.03,6.31,97.2,118,68,16697
2026-06-19,App_A,Desktop Web,Jio,Akamai,Country,VOD Movies,0.86,2.27,0.99,0.36,0.62,1.07,7.23,0.92,9135,40.7,16560,79370,186842,92.4,74,59.6,44.6,66.5,98,0.69,84.1,5.9,3.47,6.01,95.4,123,68,20386
2026-06-19,App_B,Apple TV,Verizon,AWS CloudFront,Country,FAST linear,1.03,2.38,0.77,0.38,0.67,1.05,7.28,0.88,6739,40.4,13667,65683,151050,92.9,79.9,60.9,46.2,74.1,93,0.71,85,4.7,3.35,6.9,97.4,87,62,20745
2026-06-20,App_A,iOS,Comcast Xfinity,Fastly,Metro,FAST linear,0.8,2.81,0.86,0.36,0.7,1.41,7.43,0.86,8877,38.3,14747,70346,171035,89.3,74.2,61.3,47,72.3,95.3,0.62,83.9,5.5,3.72,6.29,98.4,101,73,25867
2026-06-20,App_B,Android,Broadband,Cloudflare,Metro,VOD Series,0.86,2.39,0.74,0.38,0.67,1.2,8.19,0.71,7075,42.7,13689,65678,149160,93.2,74.7,58.8,52,73.8,94.8,0.78,90.4,4.8,3.38,6.42,95.5,121,72,18612
2026-06-21,App_A,Apple TV,Broadband,Cloudflare,Region,VOD Series,0.94,2.58,0.94,0.35,0.67,1.02,7.32,0.72,8907,37.5,16102,76935,170947,91.9,73.9,61.3,48.1,65.7,92.1,0.62,86.4,4.9,3.02,6.76,96,123,62,26667
2026-06-21,App_B,FireTV,T-Mobile,Cloudflare,Region,FAST linear,0.99,2.46,0.84,0.39,0.65,1.23,7.64,0.91,6511,40,12770,61479,129131,89.8,75.7,59.6,48.7,69.3,93.3,0.72,88.7,5.3,3.06,5.9,98.4,107,64,18471
2026-06-22,App_A,iOS,Jio,AWS CloudFront,Region,VOD Movies,1,2.81,0.82,0.4,0.76,1.45,8.09,0.85,8356,35.9,15883,76028,178690,94.5,75.4,60.4,47,68.4,93.1,0.71,82.9,5.1,2.99,6.77,97.6,106,76,25440
2026-06-22,App_B,Tizen,Comcast Xfinity,Fastly,Region,VOD Series,1.03,2.18,0.98,0.4,0.54,1.26,8.22,0.78,7215,40.8,13755,65390,171265,90,75.1,60.5,49.7,73,98.1,0.66,83.5,5.7,2.96,5.94,97,115,77,23937
2026-06-23,App_A,WebOS,Comcast Xfinity,Cloudflare,Country,VOD Series,0.86,2.35,0.82,0.4,0.55,1.14,8.11,1,8204,40.2,16785,81078,197239,95,79.4,61.4,48.5,70.4,96.7,0.65,84.6,4.7,3.71,5.97,98.2,107,77,23281
2026-06-23,App_B,iOS,Broadband,AWS CloudFront,Country,Live Sports/Events,0.88,2.17,0.86,0.36,0.74,0.98,7.13,0.98,6424,42.9,14031,67709,142156,89.5,74.6,59.3,50,68.3,96.1,0.82,91.3,5.8,3.1,7.03,98.2,112,62,21215
2026-06-24,App_A,Desktop Web,Jio,Akamai,Country,Live Sports/Events,0.99,2.29,0.72,0.42,0.67,1.31,6.53,0.74,9227,36.9,16197,77552,177718,90.6,81.4,62.2,47.1,69.6,96.3,0.72,84.9,5.9,3,6.02,97.1,88,75,24623
2026-06-24,App_B,Tizen,Comcast Xfinity,Fastly,Country,Live Sports/Events,0.99,2.15,0.78,0.31,0.69,1.46,7.2,0.71,7743,39.6,12124,58470,148035,91,76.1,63,47.2,72.9,93.1,0.75,86.5,5.7,3.18,7.14,98.4,90,78,18450
2026-06-25,App_A,FireTV,T-Mobile,Fastly,Region,VOD Movies,1.04,2.32,0.97,0.3,0.59,1.16,7.65,0.81,9344,41.2,16571,79452,206452,90.9,78.1,64.5,49.9,68.5,97.5,0.62,84.1,4.5,3.08,6.32,96.6,124,82,26589
2026-06-25,App_B,Apple TV,Jio,AWS CloudFront,Region,VOD Movies,0.96,2.54,0.71,0.31,0.71,1.31,8.28,0.69,7370,40.9,13496,64373,174417,89.1,77.4,65.4,47.1,68.9,97.9,0.85,87.1,4.4,3.68,6.97,97.4,103,65,20981
2026-06-26,App_A,Android,T-Mobile,Cloudflare,Country,VOD Series,0.88,2.45,0.94,0.32,0.55,1.04,7.43,0.81,9538,36.4,16952,81470,202438,94.6,75.4,60.3,48,66.9,95.1,0.71,83.5,5,3.25,5.95,95,93,87,27336
2026-06-26,App_B,iOS,Airtel,AWS CloudFront,Region,FAST linear,1.01,2.73,0.72,0.42,0.51,1.12,7.01,0.69,7135,42.8,12745,61034,148456,90.5,81,61.4,48.2,67.6,97.2,0.81,84.4,4.9,3.42,6.71,95.8,122,68,20493
2026-06-27,App_A,Tizen,Comcast Xfinity,Akamai,Country,FAST linear,0.95,2.54,0.98,0.41,0.66,1.03,6.9,1.01,9714,35.5,16796,80861,196876,92.9,80.4,60.3,44.5,67.3,96.4,0.81,88.9,5.2,3,6.93,97.5,87,62,20675
2026-06-27,App_B,FireTV,Verizon,Akamai,Country,VOD Series,0.93,2.77,0.89,0.29,0.7,1.39,7.71,0.98,7420,42.7,12891,61864,129223,89.1,79.2,61.5,48.4,71.6,97.4,0.66,87.4,5.3,3.03,6.58,97.5,97,79,18803
2026-06-28,App_A,Android TV,Airtel,Akamai,Metro,VOD Series,0.85,2.5,0.73,0.3,0.68,1.13,7.03,0.7,7640,40.9,15205,73454,172271,93.8,75.9,64.5,44.2,65.4,96.3,0.71,88.5,4.9,2.96,6.22,98.3,94,69,19603
2026-06-28,App_B,Android,Comcast Xfinity,Cloudflare,Region,Live Sports/Events,0.83,2.2,0.82,0.35,0.67,1.11,7.62,0.76,7752,39.2,12455,60100,141221,90,81.2,65.8,47.7,68.8,95.7,0.68,87.2,4.4,3.01,6.42,98.3,108,84,21756
2026-06-29,App_A,Tizen,Airtel,AWS CloudFront,Metro,VOD Movies,1.01,2.2,0.85,0.31,0.51,1.23,7.41,0.72,8900,39.7,16884,81878,219214,91.3,75.8,61.8,45.5,72.2,93.7,0.61,89,5.5,3.32,6.65,95.1,101,74,27988
2026-06-29,App_B,Android,Comcast Xfinity,Cloudflare,Region,Live Sports/Events,0.99,2.32,0.93,0.31,0.67,1.26,7.05,0.97,7774,42.4,13830,66196,175296,93.6,74.2,65.5,51.6,70,91.9,0.64,83.6,4.9,3.21,6.9,96.7,106,79,22184
2026-06-30,App_A,iOS,Cellular 4G,Cloudflare,Region,Live Sports/Events,0.83,2.38,0.92,0.35,0.74,1.45,7.56,0.88,9636,35.7,15079,72850,167680,93.5,79.4,64.3,44.9,68,95.4,0.65,81.4,5.3,3.68,5.96,96.2,100,83,18567
2026-06-30,App_B,Apple TV,Verizon,Cloudflare,Region,FAST linear,0.93,2.56,0.84,0.34,0.56,1.39,8.21,0.87,8024,44.3,13385,63877,148821,94.6,77.8,61.6,52,72.9,94.6,0.76,85.6,4.5,3.33,7.18,95.3,100,77,17534
2026-07-01,App_A,Tizen,Cellular 5G,AWS CloudFront,Region,VOD Series,1,2.22,0.91,0.31,0.69,1.48,7.34,0.76,9550,39.9,15982,76363,181065,91.1,77.5,65.9,48.3,68.4,94.6,0.76,84.4,4.5,2.99,6.6,96.6,111,71,24992
2026-07-01,App_B,iOS,Comcast Xfinity,Akamai,Region,FAST linear,1.04,2.19,0.8,0.31,0.72,1.16,7.23,0.72,7079,39.7,12758,61024,137301,89.4,74.7,65.7,50.1,69.1,99,0.81,89.1,4.4,3.17,6.82,95.6,89,68,17856
2026-07-02,App_A,Apple TV,T-Mobile,Fastly,Region,VOD Series,0.83,2.49,0.76,0.34,0.58,1.36,8.09,0.73,8994,40.3,15121,71989,160883,89.8,76.4,62,46.6,65.7,92.2,0.64,85.1,5.2,3.37,6.35,98.1,89,77,22921
2026-07-02,App_B,Apple TV,Verizon,Fastly,Region,FAST linear,1.04,2.35,0.71,0.35,0.59,1.12,7.17,0.82,8439,44.6,12589,59846,159409,95.1,74.6,66,49.5,68.7,91.8,0.77,91.2,4.8,3.45,6.2,95.9,118,78,20470
2026-07-03,App_A,WebOS,Verizon,Akamai,Metro,FAST linear,0.98,2.46,0.71,0.31,0.72,1.41,6.61,0.78,8766,38.6,15890,76974,195723,89,81,61.8,47.7,65.7,97.5,0.68,82.7,4.6,3.55,6.39,97.3,123,81,22585
2026-07-03,App_B,Android TV,Broadband,AWS CloudFront,Region,VOD Movies,0.89,2.14,0.98,0.38,0.53,1.39,8.45,0.77,6575,36.6,12758,61529,161180,93.1,78,61.8,50.6,70.6,97.6,0.7,87.7,5.4,3.43,6.77,95.4,100,75,21525
2026-07-04,App_A,iOS,Wi-Fi,Fastly,Metro,FAST linear,0.98,2.79,0.87,0.4,0.55,1.37,6.53,0.82,9836,37.1,15630,75133,169972,94.3,79.5,61.3,47.2,65.4,97.6,0.7,81.3,4.5,3.19,5.93,96.5,101,80,24321
2026-07-04,App_B,Android,Cellular 5G,Akamai,Region,FAST linear,0.92,2.56,0.77,0.4,0.7,1.12,7.53,0.71,6350,44.1,12929,62313,148193,90.8,80.1,63.9,50.9,68.3,96.7,0.76,89.9,5.7,3.1,6.09,95,105,64,19837
2026-07-05,App_A,FireTV,Jio,Cloudflare,Metro,FAST linear,0.87,2.35,0.93,0.41,0.69,1.3,8.29,0.78,8170,39.2,16244,78756,177767,93.4,79.6,59.9,50.6,68.8,92,0.73,82.3,5.7,3.33,6.81,95.5,122,81,26030
2026-07-05,App_B,FireTV,T-Mobile,Akamai,Country,VOD Movies,0.88,2.71,0.91,0.33,0.74,1.38,7.83,0.83,7002,44,13946,66439,173945,93.6,80.6,64.5,47.7,70.6,93.1,0.8,86,5.1,3.33,6.52,96,90,76,19026
2026-07-06,App_A,Apple TV,Jio,Akamai,Country,Live Sports/Events,0.93,2.42,0.96,0.33,0.61,1.03,6.9,0.76,10054,36,16931,80621,169460,90.4,78.6,66.2,46.7,66.7,93.3,0.83,82.5,4.7,3.04,6.87,97.3,87,65,24468
2026-07-06,App_B,WebOS,Broadband,Cloudflare,Metro,Live Sports/Events,0.85,2.05,0.96,0.37,0.71,0.99,6.91,0.68,7044,39.1,13086,62881,135804,90.9,77.6,62.5,50,70,98.2,0.77,92.1,5.5,3.3,6.28,96.5,91,65,17292
2026-07-07,App_A,Android,Comcast Xfinity,Cloudflare,Region,VOD Series,1.02,2.25,0.81,0.44,0.7,1.27,6.9,0.71,8301,38.8,15402,73846,157702,95.2,78.9,65.8,47.9,66.3,93,0.62,86,5.7,3.61,6.67,97.4,113,72,27666
2026-07-07,App_B,Tizen,Wi-Fi,AWS CloudFront,Region,FAST linear,0.92,2.19,0.78,0.39,0.66,0.99,7.68,0.92,8106,44.3,12618,60213,146704,88.5,78.5,59.7,49.8,67.5,98.3,0.8,86.8,5.4,3.09,6.62,95.8,108,67,16609
2026-07-08,App_A,Android TV,Cellular 5G,Akamai,Country,VOD Series,0.81,2.38,0.99,0.33,0.64,1.13,7.71,0.69,7589,36.3,14794,71597,158465,92.2,79.2,61.5,50.5,71.8,98.5,0.6,85.7,5,3.47,6.91,95.8,96,75,25687
2026-07-08,App_B,Android,AT&T,AWS CloudFront,Metro,Live Sports/Events,0.96,2.64,0.73,0.42,0.5,1.25,7.77,0.87,7300,41,12600,60118,140166,92,78,66,50.7,69.6,96.6,0.61,89.7,4.9,3.12,6.46,95.7,96,74,15859
2026-07-09,App_A,Desktop Web,Airtel,Fastly,Country,FAST linear,0.97,2.26,0.88,0.37,0.61,1.15,7.68,0.8,7922,41.5,16063,76425,189896,92.3,75.1,62.5,44.3,68.5,96.8,0.62,82.4,5.2,3.16,5.88,95.7,115,74,23361
2026-07-09,App_B,Android,Airtel,Akamai,Country,VOD Movies,0.93,2.7,0.75,0.41,0.69,1.29,6.93,0.98,8435,39.3,13588,64847,142846,93.3,81.4,65,46.5,70.1,92.2,0.75,84.9,5.7,2.94,6.47,98,118,66,19543
2026-07-10,App_A,WebOS,Cellular 5G,AWS CloudFront,Region,VOD Series,1.05,2.16,0.75,0.4,0.73,1.05,6.72,0.96,9887,42.7,15536,74428,161397,91.5,75.9,62.4,50.3,66.5,96.3,0.71,89.2,5.3,3.57,5.98,95.3,114,61,20097
2026-07-10,App_B,iOS,Comcast Xfinity,Akamai,Country,FAST linear,0.86,2.46,0.97,0.4,0.64,1.38,6.78,0.86,7369,38.7,13827,65736,153924,88.9,80.9,58.8,48.3,72.7,93.8,0.6,88.4,4.8,3.46,6.05,95.9,104,71,23996
2026-07-11,App_A,iOS,Jio,Cloudflare,Metro,VOD Movies,0.81,2.45,0.91,0.3,0.58,1.32,7.92,0.96,9419,35.9,16300,78296,196677,95.1,74.6,66,44.8,65.7,96.6,0.87,85.7,5.9,3.53,6.1,96.7,116,61,22665
2026-07-11,App_B,Android,Cellular 5G,Fastly,Metro,Live Sports/Events,0.78,2.14,0.88,0.38,0.66,1.02,7.65,0.82,7299,37.5,14107,67311,183313,94.7,81.2,60.2,45.7,68.5,97.6,0.69,84.7,4.8,3.38,7.17,98.1,86,81,24700
2026-07-12,App_A,FireTV,Wi-Fi,Akamai,Country,VOD Movies,0.96,2.66,0.8,0.41,0.69,1.2,7.39,0.72,8764,42.9,16086,76725,167555,91.3,76.3,66.1,49.2,67.1,94.7,0.86,81.5,4.8,3.33,6.94,94.9,111,80,22709
2026-07-12,App_B,FireTV,AT&T,Cloudflare,Region,FAST linear,0.89,2.24,0.73,0.35,0.59,1.2,7.64,0.81,6649,37.6,13748,65601,148727,94.3,76.8,59.5,52,69.5,94.4,0.8,87,5.3,2.92,6.19,95.2,114,77,18145
2026-07-13,App_A,Apple TV,Airtel,Fastly,Country,FAST linear,0.87,2.19,0.7,0.31,0.67,1.44,6.81,0.91,8008,36.4,16352,78237,173065,91.8,75.7,65.6,44.8,73.7,92.9,0.75,84.5,5,3.08,6.47,96.2,102,66,22683
2026-07-13,App_B,Apple TV,Broadband,AWS CloudFront,Metro,VOD Movies,0.78,2.71,0.97,0.38,0.71,0.98,7.21,0.92,6666,40.2,13447,64119,139095,94.9,79.9,60.9,48.6,70.3,93.3,0.81,87.3,4.5,2.96,6.96,98.4,87,63,21995
2026-07-14,App_A,iOS,Broadband,Akamai,Metro,VOD Movies,0.86,2.5,0.83,0.41,0.62,1.43,7.36,0.93,9917,39.9,15564,74280,196183,88.5,78.2,64.6,48.2,66.8,94.4,0.62,85.4,4.6,3.59,6.5,96.5,111,71,23744
2026-07-14,App_B,Desktop Web,Broadband,AWS CloudFront,Country,Live Sports/Events,0.95,2.61,0.66,0.32,0.68,0.99,8.28,0.91,7624,42.7,13705,65154,158910,92.3,78.5,63.4,46.2,71.1,97.7,0.66,88,5.6,3.33,6.25,96.4,89,83,23127
2026-07-15,App_A,FireTV,Broadband,Akamai,Country,Live Sports/Events,0.86,2.47,0.97,0.34,0.54,1.21,7.55,0.69,9738,41.2,15576,74347,189996,90.1,78.7,66.2,49.3,72,93.1,0.86,82.8,5.4,3.25,6.67,96.7,93,65,21613
2026-07-15,App_B,Apple TV,Wi-Fi,Akamai,Country,Live Sports/Events,0.95,2.66,0.86,0.35,0.69,0.99,6.78,0.75,8325,44.3,13894,66164,179807,89.5,78.2,63.9,48,70.2,94,0.61,87.9,5.7,3.35,6.07,96.1,117,59,22079
2026-07-16,App_A,FireTV,Cellular 4G,Cloudflare,Region,FAST linear,0.97,2.27,0.83,0.43,0.73,1.1,8.15,0.91,8186,38.6,16125,77035,173327,91.9,79.2,63.8,45.1,71,94.5,0.85,83.1,5.7,3.06,6.42,97.9,93,62,27162
2026-07-16,App_B,Desktop Web,Broadband,Akamai,Region,VOD Movies,0.78,2.1,0.69,0.33,0.72,1.29,7.74,0.86,7786,38,12713,61186,152327,92.1,78.4,63.7,48.9,74.9,93,0.82,89,4.5,3.16,6.47,98.6,118,68,21652
2026-07-17,App_A,FireTV,T-Mobile,Fastly,Country,VOD Series,0.97,2.62,0.87,0.3,0.54,1.35,6.67,0.9,9248,43.1,16489,79619,204419,95.3,75.1,59.3,45.8,68.7,96.5,0.6,84.3,5.3,3.11,6.41,97,97,80,20113
2026-07-17,App_B,Tizen,T-Mobile,Akamai,Metro,Live Sports/Events,0.89,2.61,0.96,0.32,0.65,1.33,6.95,0.81,8248,39.1,13950,66732,143580,94.7,76.7,64.1,49.2,67.5,99,0.63,91.7,4.7,2.97,6.92,97.8,116,75,16808
2026-07-18,App_A,Android TV,Wi-Fi,Cloudflare,Country,VOD Movies,0.83,2.53,0.86,0.31,0.5,1.09,6.71,0.69,8171,36.6,16898,81573,218311,89.5,81.1,64.1,45.1,72.4,99,0.65,81.9,4.5,3.12,6.68,98.5,87,73,28851
2026-07-18,App_B,WebOS,Wi-Fi,AWS CloudFront,Country,FAST linear,0.95,2.25,0.66,0.4,0.61,0.98,7.1,0.74,8237,41.6,12351,59694,156643,89.9,73.9,61.4,45.6,75.3,93.4,0.78,85.1,5.7,3.4,6.25,97.7,118,83,20596
2026-07-19,App_A,Android TV,Comcast Xfinity,AWS CloudFront,Metro,Live Sports/Events,0.92,2.77,0.82,0.32,0.69,1.06,7.63,0.74,8465,38.3,15130,72402,168169,89.5,76,65.4,50.7,69.1,95,0.62,88.2,5.4,3.37,5.88,98.1,100,60,22905
2026-07-19,App_B,WebOS,Wi-Fi,Akamai,Region,Live Sports/Events,0.82,2.22,0.82,0.37,0.7,1.02,6.74,0.9,7833,37.6,13315,63305,169596,89.5,77.7,64.6,50.3,70.4,91.9,0.83,85.8,4.8,3.05,6.61,97.7,93,75,17390
2026-07-20,App_A,Desktop Web,Broadband,AWS CloudFront,Region,VOD Movies,0.93,2.6,0.77,0.41,0.73,1.2,6.93,0.96,7589,36.6,15512,73866,186428,90.5,78.5,59.7,50,66.3,93,0.7,89.6,4.6,3.65,6.17,95.9,97,79,20884
2026-07-20,App_B,Apple TV,Jio,Fastly,Region,FAST linear,0.84,2.74,0.96,0.3,0.5,1.23,7.32,0.8,8014,37.9,13293,64380,166401,95.2,80.1,65.2,51.4,69.1,92.8,0.83,91.3,5.3,3.21,6.02,96.5,109,80,23889
2026-07-21,App_A,Android TV,Broadband,Akamai,Region,Live Sports/Events,0.97,2.74,0.96,0.29,0.7,1.33,7.34,0.71,9009,43.1,16208,78254,163320,93.1,74.2,63.2,46.4,71.5,98.2,0.61,85.2,5.2,3.32,5.81,98.6,116,76,26913
2026-07-21,App_B,WebOS,Airtel,Akamai,Region,VOD Series,0.98,2.53,0.7,0.29,0.66,1.19,7.88,0.77,8096,41.4,12812,62118,152273,91.3,74.9,66.1,48,74.3,96.4,0.83,87.8,5.7,3.52,6.61,95.6,96,71,19621
2026-07-22,App_A,Android TV,Broadband,AWS CloudFront,Country,Live Sports/Events,0.86,2.15,0.84,0.33,0.55,1.33,6.78,0.81,9536,38.5,16936,80665,219339,93,75.6,59.3,50.4,69.5,92,0.76,89.5,5.8,3.11,6.48,95.1,91,84,27280
2026-07-22,App_B,Desktop Web,Broadband,AWS CloudFront,Country,FAST linear,0.82,2.42,0.75,0.36,0.68,1.11,8.27,0.92,7041,44.4,13726,65386,157869,89.1,75.4,61.7,47.3,73.5,98.7,0.59,86.2,4.5,3.01,6.06,95.4,95,69,18486
2026-07-23,App_A,FireTV,Broadband,Cloudflare,Metro,VOD Movies,0.87,2.49,0.74,0.43,0.59,1.02,7.35,0.78,8247,37.6,14536,69068,170423,93.4,78.1,62.6,50.4,68.6,97.9,0.82,82.1,4.6,3.45,6.44,96.7,97,76,22301
2026-07-23,App_B,WebOS,Wi-Fi,Fastly,Country,VOD Series,0.87,2.46,0.79,0.35,0.54,1.12,8.44,0.73,8356,38.9,13803,66933,170342,91.1,77.3,64.6,52.3,70.7,98.7,0.58,91.7,4.6,2.91,7.12,96.9,93,78,17011
2026-07-24,App_A,Desktop Web,Airtel,Fastly,Region,VOD Movies,0.99,2.29,0.88,0.34,0.56,1.44,8.1,0.75,8111,36.7,16264,78284,202871,91.6,80.3,60.3,44.7,66.3,98.1,0.6,88.7,5.3,3.7,6.67,97.4,118,84,24530
2026-07-24,App_B,Android TV,Cellular 4G,AWS CloudFront,Region,VOD Series,0.92,2.56,0.82,0.33,0.6,1.23,8.22,0.74,7718,43.8,13001,62248,139737,94.5,80.6,61.9,46.6,71.3,93.3,0.63,88.7,5.6,3.5,6.04,97.3,115,61,17484
2026-07-25,App_A,Apple TV,AT&T,Fastly,Country,VOD Series,1,2.13,0.85,0.33,0.68,1.21,6.98,0.94,10176,41.4,16548,79693,198415,90.8,79.7,60.1,49.2,66.5,97.3,0.75,87,4.4,3.39,6.9,95.6,121,78,29552
2026-07-25,App_B,WebOS,Comcast Xfinity,Akamai,Region,Live Sports/Events,0.77,2.11,0.84,0.29,0.59,1.23,8.06,0.76,7305,44,12593,60147,132010,90.2,79.5,59.9,51.2,74.6,97.2,0.72,88,5.4,3.34,6.19,96.8,97,67,22584
2026-07-26,App_A,FireTV,Cellular 5G,AWS CloudFront,Region,VOD Series,0.81,2.61,0.76,0.31,0.7,1.33,6.68,0.98,8977,38,14748,71193,161279,93.6,78,65.8,45.7,66.9,94.3,0.65,82,4.8,3,5.96,97.1,96,71,20846
2026-07-26,App_B,FireTV,Wi-Fi,Akamai,Country,Live Sports/Events,0.86,2.69,0.71,0.41,0.59,1.19,8.08,0.71,7366,39.8,13444,64871,148905,88.3,76.3,61.1,47.6,72.4,96.9,0.76,83.7,5.1,2.98,6.45,96.1,117,69,18229
2026-07-27,App_A,Android,Comcast Xfinity,AWS CloudFront,Country,FAST linear,0.89,2.13,0.78,0.34,0.52,1.1,7.31,0.67,7866,36.7,15397,74226,159549,91.7,80.9,61.5,47.1,69.5,93,0.68,82.2,5.3,3.43,6.1,96.7,107,62,26970
2026-07-27,App_B,Desktop Web,Airtel,Cloudflare,Region,Live Sports/Events,0.83,2.06,0.89,0.33,0.54,1.11,6.9,0.72,7262,38.2,12520,60708,128214,90.7,79.4,63.9,52.1,74.5,98.5,0.78,85.8,5.3,3.25,6.07,96.6,93,74,15732
2026-07-28,App_A,Android,T-Mobile,Fastly,Metro,FAST linear,0.86,2.07,0.79,0.31,0.7,1.28,8.01,0.87,7683,39.4,15210,73008,154657,91,80.4,59.2,46.8,72.9,96.8,0.84,87.8,5.4,3.39,6.55,95.6,95,64,18489
2026-07-28,App_B,WebOS,Cellular 5G,Fastly,Region,Live Sports/Events,0.86,2.14,0.78,0.41,0.58,0.97,6.98,0.93,6775,43.8,13146,62453,140829,90.9,75.7,61.8,48.4,75,98.3,0.7,90.6,5.2,3.3,6.72,95,87,82,20492
2026-07-29,App_A,Android,Wi-Fi,Fastly,Country,VOD Series,0.9,2.53,0.68,0.42,0.73,1.45,8.06,0.68,9742,35.6,16095,77200,170323,88.9,76.1,63.4,46.7,69.1,97.3,0.76,88.7,5.5,3.67,6,98.6,116,76,26102
2026-07-29,App_B,Tizen,Wi-Fi,Cloudflare,Country,Live Sports/Events,0.94,2.05,0.95,0.41,0.51,1.25,7.67,0.65,8102,39.5,13070,63062,143943,89.8,77.8,64.8,50.3,75.9,97.3,0.7,90.7,5.4,3.07,6.39,97.6,89,59,19545
2026-07-30,App_A,Android,Verizon,Cloudflare,Country,VOD Movies,0.92,2.22,0.68,0.34,0.66,1.33,6.83,0.75,8913,35.8,15756,75255,166610,89.9,78.2,65.9,47,69,96,0.8,89.1,5,3.39,7.01,95.1,120,61,27017
2026-07-30,App_B,FireTV,AT&T,Fastly,Country,VOD Movies,0.92,2.36,0.75,0.35,0.64,1.02,7.14,0.88,7363,37.9,12356,58884,131093,89.3,76.8,60.7,48.6,75.8,92.3,0.76,84.7,4.7,3.16,6.33,97.2,85,66,20915
2026-07-31,App_A,Desktop Web,Cellular 5G,Cloudflare,Region,FAST linear,0.85,2.43,0.77,0.3,0.5,1.07,7.51,0.8,9635,36.5,16570,79314,203499,91,76.5,65.5,44.5,65.7,98,0.76,88.2,5.6,3.37,5.89,95.7,121,72,22538
2026-07-31,App_B,Android TV,Verizon,Fastly,Region,Live Sports/Events,0.93,2.29,0.73,0.36,0.49,0.99,7.48,0.8,6554,40,13760,66679,153728,90.6,79.4,65.5,50.3,68.7,93,0.76,86.3,4.7,3.43,6.3,96,110,79,17724
2026-08-01,App_A,Apple TV,Broadband,Akamai,Region,VOD Movies,0.82,2.34,0.85,0.38,0.69,1.36,7.21,0.67,7623,40.4,16581,79143,176223,90.9,76.2,60.7,46.8,67.8,94,0.78,84.6,5.7,3,6.19,96,99,74,22239
2026-08-01,App_B,Apple TV,Cellular 5G,Fastly,Region,VOD Movies,0.98,2.71,0.84,0.38,0.56,1.35,7.8,0.89,7649,43.4,12911,62176,163282,93.6,78,59.4,49.4,72.9,98.8,0.68,90.6,4.3,3.51,7.24,98.7,88,74,21639
2026-08-02,App_A,Apple TV,Cellular 4G,Cloudflare,Region,Live Sports/Events,0.86,2.42,0.96,0.3,0.64,0.99,8.27,0.86,7836,38.7,16598,79031,210923,92.4,74.5,65.5,48,67.3,99.3,0.85,83.3,5.5,3.63,6.78,97.8,109,69,24433
2026-08-02,App_B,WebOS,Wi-Fi,Cloudflare,Region,FAST linear,0.88,2.21,0.85,0.34,0.5,1.17,8.21,0.68,7494,37.8,12689,61059,129184,89.7,79.3,60.9,45.8,74.3,94.5,0.65,91.8,5.7,3.17,6.04,97.3,98,59,21029
2026-08-03,App_A,iOS,Cellular 5G,Fastly,Metro,VOD Movies,0.96,2.42,0.91,0.4,0.5,1.25,7.45,0.8,9604,37.6,14544,69759,168794,93.2,76.6,65.7,50.1,67.4,96,0.59,85.4,5.2,3.47,6.97,97.7,89,73,18601
2026-08-03,App_B,WebOS,Verizon,Akamai,Country,FAST linear,0.85,2.71,0.79,0.33,0.51,1.4,7.88,0.73,6478,43.1,14044,66750,181344,95.4,80,62,48.7,71.9,98.5,0.62,91.9,4.8,3.09,6.04,98.7,98,76,24962
2026-08-04,App_A,WebOS,T-Mobile,Cloudflare,Region,VOD Series,0.85,2.68,0.94,0.32,0.63,0.98,6.93,0.69,9175,41.6,15612,75407,183817,91.5,80.4,61.6,47.7,73.7,93.6,0.6,83.6,4.9,3.11,6.12,97,86,70,19506
2026-08-04,App_B,iOS,Jio,AWS CloudFront,Region,VOD Series,0.99,2.63,0.69,0.36,0.56,1.2,7.77,0.78,6979,40.4,13973,67122,145310,93.8,78,60.3,47.9,69.3,96.1,0.62,91.8,4.7,2.97,6.28,95,107,58,16913
2026-08-05,App_A,Android,Cellular 5G,AWS CloudFront,Metro,FAST linear,0.87,2.71,0.91,0.37,0.73,1.18,7.08,0.89,8890,35.9,15503,74208,163375,93.5,76.6,60.5,51,67,96.5,0.65,87.9,5.2,2.99,6.63,95.5,97,71,24295
2026-08-05,App_B,Desktop Web,AT&T,Fastly,Country,Live Sports/Events,0.92,2.15,0.79,0.31,0.58,1.39,7.1,0.83,7533,38.3,13430,64021,140494,91.4,76.7,59.5,46.6,68.1,92.5,0.64,89.9,5.6,3.51,6.73,97.3,95,75,23758
2026-08-06,App_A,iOS,Verizon,AWS CloudFront,Country,FAST linear,0.91,2.06,0.83,0.36,0.54,1.3,8.22,0.92,8343,39.9,16594,79655,210132,89.6,77.3,64.9,46.4,67,95.1,0.75,85,5.1,2.97,6.86,95.2,98,66,27473
2026-08-06,App_B,iOS,AT&T,Cloudflare,Region,VOD Movies,0.95,2.45,0.83,0.36,0.67,1.05,7.55,0.82,6282,39.3,12622,61217,159875,93.8,81.2,61.2,47.5,70,98.6,0.72,91.6,5.5,3.64,6.28,96.1,112,74,20984
2026-08-07,App_A,Tizen,Comcast Xfinity,Cloudflare,Region,FAST linear,0.89,2.16,0.95,0.38,0.54,1.08,6.97,0.92,10053,36.9,15872,75721,186449,94.1,77.1,65.3,45.8,69.2,94.5,0.62,89.2,5.7,3.08,6.9,95.4,108,75,23674
2026-08-07,App_B,Apple TV,Broadband,Fastly,Region,VOD Series,0.85,2.27,0.65,0.39,0.65,1.23,7.94,0.71,7235,37.3,13653,65414,150906,92.7,77.3,65,48.9,68.7,97.9,0.58,90.5,5.5,3.21,6.95,98.5,112,59,18290
2026-08-08,App_A,Apple TV,T-Mobile,Cloudflare,Region,VOD Movies,0.87,2.32,0.97,0.38,0.61,1.35,7.27,0.91,8503,40.7,16775,80035,169175,91,75,63.5,45.4,73,94.9,0.6,84.2,5.1,3.38,6.65,98.4,110,70,26428
2026-08-08,App_B,Android,Verizon,Fastly,Region,VOD Series,0.76,2.47,0.9,0.36,0.52,1.04,7.65,0.89,6684,38.4,12852,61872,145465,93.6,79.1,62.7,47.3,74.5,95.3,0.69,88.6,4.7,3.28,6.49,98.1,106,77,15738
2026-08-09,App_A,Desktop Web,Wi-Fi,AWS CloudFront,Region,Live Sports/Events,0.94,2.23,0.66,0.42,0.66,1.21,7.35,0.74,9228,38,16792,80726,177971,90.9,78.1,62.5,47.2,69.9,95.5,0.78,88.8,5.8,3.71,7.01,96.9,98,83,26542
2026-08-09,App_B,FireTV,Jio,Akamai,Country,VOD Series,0.85,2.44,0.9,0.37,0.65,1.1,8.49,0.95,7699,39.3,12377,59701,128152,91.4,78.4,64.7,51.3,72.8,98,0.72,92.6,5.1,3,6.39,97.7,108,82,15938
2026-08-10,App_A,FireTV,Airtel,Cloudflare,Region,FAST linear,1,2.77,0.96,0.41,0.66,1.14,6.64,0.66,7610,42.1,15692,74575,199359,89.4,78.4,62.4,49.5,73.6,93.8,0.72,84.3,5.8,3.28,6.04,95.5,108,80,27772
2026-08-10,App_B,Android,Verizon,Fastly,Country,VOD Movies,0.93,2.5,0.7,0.41,0.53,1.08,7.83,0.68,7875,37.9,12043,57726,141174,92.1,81.1,63.5,47.4,68.3,97.2,0.75,86,4.6,3.08,6.89,95,98,81,20088
2026-08-11,App_A,iOS,Cellular 5G,Fastly,Region,FAST linear,0.89,2.67,0.83,0.43,0.49,1.37,7.89,0.82,7542,38.2,15595,75227,185857,88.6,80.7,64.9,46.6,66.4,97.7,0.68,86.3,5.5,3.55,6.65,97.7,99,59,25654
2026-08-11,App_B,FireTV,Cellular 5G,AWS CloudFront,Country,FAST linear,0.91,2.37,0.95,0.33,0.71,1.18,7.58,0.7,7713,42.2,12305,59642,153973,91.2,80.3,66.3,47.4,75.6,97.5,0.7,90.2,4.7,3.21,6.39,95.8,113,70,19537
2026-08-12,App_A,WebOS,Wi-Fi,Cloudflare,Region,FAST linear,0.99,2.25,0.74,0.4,0.56,1.36,8.34,0.75,7903,36.5,15498,74156,189925,94.8,80.2,65.1,46.1,67.8,92.5,0.67,85.6,4.4,2.98,6.58,96.8,118,78,21077
2026-08-12,App_B,Android,AT&T,Akamai,Country,VOD Movies,0.89,2.63,0.91,0.33,0.71,1.37,8.52,0.75,7356,41.5,12089,57844,152582,94.4,77.8,60.6,47.2,73.6,98.6,0.82,86.5,4.8,3.37,6.01,97.5,93,73,20450
2026-08-13,App_A,Tizen,Jio,Fastly,Country,VOD Series,0.86,2.22,0.83,0.39,0.73,1.1,7.99,0.84,9068,35.6,15120,72290,187224,92.8,76.3,62.5,46.4,71.7,93.2,0.78,87.1,5.5,3.68,6.18,95.2,115,84,23773
2026-08-13,App_B,Apple TV,AT&T,AWS CloudFront,Country,FAST linear,1,2.39,0.91,0.36,0.57,1.09,7.12,0.91,7992,44,13843,65833,175270,91,81.6,64.9,48.5,67.9,94.4,0.61,88.8,4.8,2.91,6.89,98.5,106,77,22639
2026-08-14,App_A,Android TV,Broadband,Fastly,Region,VOD Movies,0.86,2.46,0.86,0.39,0.68,1.31,6.95,0.94,8095,36.8,14764,71178,161505,89.9,78.3,66,48.4,68.2,95.6,0.71,83.1,4.4,3.13,5.93,95.2,120,79,24830
2026-08-14,App_B,WebOS,Verizon,Fastly,Region,Live Sports/Events,0.87,2.3,0.8,0.4,0.53,1.19,8.57,0.86,8277,43.3,12547,60190,127554,88.6,76,65.7,51.4,75.4,97.6,0.56,87.4,5,3.04,6.15,95.2,86,70,15311
2026-08-15,App_A,Tizen,Wi-Fi,Fastly,Region,Live Sports/Events,0.96,2.59,0.71,0.35,0.54,1.22,8.31,0.81,8430,37.6,14506,69308,170937,89.6,76.4,66.5,48.4,65.9,92.1,0.85,87.7,5.2,3.25,6.33,95.8,101,66,18037
2026-08-15,App_B,WebOS,Wi-Fi,Cloudflare,Region,VOD Series,0.81,2.04,0.88,0.36,0.58,1,8.47,0.88,8281,37.9,13465,63965,146070,90.2,77.1,65.2,47.7,67.6,96.7,0.61,91.2,4.5,2.9,6.99,97.7,102,79,19951
2026-08-16,App_A,FireTV,Cellular 5G,Cloudflare,Country,Live Sports/Events,0.77,2.32,0.95,0.42,0.51,1.1,7.97,0.83,8906,36.9,16421,78361,171492,91.6,79,59.2,48.1,69.1,95.9,0.82,89,5.8,3.63,7.11,97.3,87,61,25810
2026-08-16,App_B,Apple TV,AT&T,Cloudflare,Metro,Live Sports/Events,0.79,2.45,0.82,0.3,0.64,0.95,7.55,0.84,6324,40.1,12010,58106,155321,93.5,79.8,64.7,50.2,75.6,96.5,0.78,84.9,5,3.43,7.08,96.8,113,67,15751
2026-08-17,App_A,Android TV,Broadband,AWS CloudFront,Region,FAST linear,0.89,2.42,0.66,0.41,0.61,1.24,7.94,0.76,7829,35.4,14677,69978,190777,88.6,77.7,61.4,51.1,67.5,97.4,0.7,87.2,4.9,3.19,6.01,95.5,92,68,24444
2026-08-17,App_B,Apple TV,Airtel,Fastly,Region,VOD Movies,0.99,2.51,0.78,0.29,0.56,1.18,8.04,0.84,8238,38.7,11953,57775,142350,94.8,78.6,62.3,51.1,74.6,93.7,0.82,90.4,5.6,3.02,6.9,97,87,79,19323
2026-08-18,App_A,Desktop Web,Airtel,Akamai,Country,FAST linear,0.8,2.66,0.93,0.32,0.71,1.2,8.34,0.94,7760,38.2,15630,74820,185688,88.7,80.6,61.7,46.7,72.1,95.9,0.59,84.6,5,3.7,6.07,97.2,119,73,24402
2026-08-18,App_B,Apple TV,T-Mobile,AWS CloudFront,Metro,VOD Movies,1,2.28,0.88,0.35,0.7,1.1,7.73,0.8,6990,37.8,12944,62067,151440,90.4,76.1,66.5,46,76.1,94.2,0.76,88.1,4.8,3.25,6.53,97.1,115,74,16953
2026-08-19,App_A,Tizen,Airtel,AWS CloudFront,Country,VOD Series,0.97,2.05,0.75,0.39,0.61,1.13,7.62,0.81,9768,36.7,16047,76980,161259,95,77.7,64.8,46,70.4,94,0.77,82.1,4.5,3.37,6,97.6,89,58,27905
2026-08-19,App_B,FireTV,AT&T,Akamai,Metro,VOD Series,0.99,2.52,0.74,0.33,0.52,1.41,6.98,0.71,7805,36.9,12510,60057,155050,89.3,79.6,61.4,48.9,76.1,94.2,0.71,87.3,4.7,3.24,6.11,97.6,116,73,16386
2026-08-20,App_A,WebOS,Jio,Akamai,Country,VOD Movies,0.91,2.51,0.86,0.33,0.68,1.33,6.81,0.9,9367,41.1,14795,71607,171423,89.6,74.7,62.6,47.6,68.9,94.9,0.58,85.1,5.8,3.35,6.71,98,89,81,25212
2026-08-20,App_B,Desktop Web,Broadband,Fastly,Region,VOD Series,0.81,2.33,0.69,0.37,0.68,1.27,8.08,0.75,7501,41.1,13852,66549,140638,89.3,77.1,64.3,51.2,68.9,92.4,0.59,91.8,5.3,2.88,6.59,95.9,109,57,22984
2026-08-21,App_A,Desktop Web,T-Mobile,Fastly,Metro,FAST linear,0.83,2.73,0.92,0.42,0.51,0.98,8.16,0.93,8270,37.7,14267,67802,172968,94.4,80.3,63,45.4,70.4,98.6,0.59,88.7,4.7,3.7,6.88,96.8,96,68,18417
2026-08-21,App_B,WebOS,Wi-Fi,Akamai,Region,VOD Series,0.91,2.52,0.78,0.34,0.7,1.42,8.05,0.75,7460,35.9,12272,58486,140375,89.3,76.8,64.4,47.3,73.9,99.6,0.57,92.6,5.7,3.23,6.82,98.5,90,73,18677
2026-08-22,App_A,Tizen,AT&T,Fastly,Country,FAST linear,1.03,2.65,0.96,0.31,0.52,1.25,7.69,0.65,8854,41.6,15540,74900,157609,91.3,74.2,60,44.6,65.8,94.3,0.77,83.8,5.5,2.91,5.93,97.8,118,62,21460
2026-08-22,App_B,Apple TV,Broadband,Cloudflare,Region,VOD Movies,0.82,2.23,0.69,0.39,0.59,1.09,6.83,0.86,7650,38.3,12245,58422,153432,91.1,75.3,63.4,46.4,68.9,93,0.81,90.9,4.5,2.91,7.14,95.5,94,69,17319
2026-08-23,App_A,Apple TV,AT&T,AWS CloudFront,Region,VOD Series,0.9,2.28,0.94,0.35,0.54,0.97,7.63,0.95,8005,42.3,16171,77299,202560,94,77.2,61,44.8,66.9,99.2,0.82,86.5,5.2,3.24,6.5,96.8,94,67,25994
2026-08-23,App_B,Apple TV,Cellular 4G,AWS CloudFront,Metro,VOD Movies,0.9,2.46,0.65,0.34,0.5,1.06,7.25,0.89,6892,36.5,13666,66043,176635,94.6,81.6,64.2,49.1,69.5,92.7,0.7,84.2,4.6,3.53,6.54,95.5,82,81,18186
2026-08-24,App_A,Apple TV,Jio,AWS CloudFront,Region,FAST linear,0.89,2.54,0.82,0.29,0.56,1.39,8,0.81,9782,40.7,14589,70148,146637,95.2,77.8,60,44.8,66.7,97.5,0.66,84.7,4.6,2.99,6.14,95.7,99,65,26119
2026-08-24,App_B,WebOS,Verizon,Cloudflare,Country,Live Sports/Events,0.89,2.42,0.76,0.28,0.61,0.95,8.58,0.77,6569,41.5,13028,62081,132285,93.3,80.2,64.9,47.1,75.3,92.5,0.8,84.4,5.2,2.99,6.36,95.6,114,63,16768
2026-08-25,App_A,Apple TV,AT&T,Akamai,Metro,VOD Movies,0.84,2.43,0.72,0.4,0.63,1.11,8.19,0.9,8418,36.9,15862,75647,174293,90.6,79.9,64.3,48.7,68.1,98.6,0.72,83.4,4.5,3.23,5.91,98.5,84,77,19256
2026-08-25,App_B,Apple TV,Cellular 4G,Akamai,Region,Live Sports/Events,0.82,2.32,0.79,0.29,0.48,1.13,7.98,0.67,7858,35.7,11773,56801,147173,92.8,81.7,60.2,52.7,73.9,95.2,0.76,87.6,5.5,3.39,7.07,95.6,101,57,16243
2026-08-26,App_A,Android,Cellular 5G,AWS CloudFront,Metro,VOD Movies,0.96,2.33,0.87,0.3,0.54,1.19,7.59,0.66,7965,37.2,15667,75328,163481,89.6,74.3,62.5,48.9,73.7,95.7,0.68,90.1,5.3,3.64,6.66,97.6,97,80,27427
2026-08-26,App_B,Android,Broadband,Cloudflare,Region,FAST linear,0.85,2.08,0.79,0.32,0.7,1.34,8.22,0.74,6611,39,12134,58373,135401,88.6,76.4,59.4,52.4,72.9,92.1,0.58,89,5.2,3.56,7.31,96.4,101,72,19729
2026-08-27,App_A,Desktop Web,AT&T,AWS CloudFront,Region,Live Sports/Events,0.93,2.75,0.87,0.41,0.6,1.31,7.16,0.68,7663,35.7,16003,77554,173449,92.2,80,61.1,47,74.1,93.7,0.76,85.3,4.6,3.52,6.8,95.8,115,60,23710
2026-08-27,App_B,iOS,Jio,AWS CloudFront,Country,FAST linear,0.77,2.26,0.84,0.34,0.5,1.04,7.11,0.77,6484,38.9,12533,60756,137378,94.7,78.8,61,48,75.4,96,0.62,89.7,5.3,3.1,6.87,98.4,87,79,22144
2026-08-28,App_A,Android TV,Jio,Akamai,Region,Live Sports/Events,0.91,2.16,0.87,0.41,0.61,1.28,8.2,0.92,7833,34.4,14918,71822,159369,92.3,80.4,60.1,46.5,68.7,97.9,0.79,89,4.7,3.2,6.31,95.6,98,68,21489
2026-08-28,App_B,iOS,Airtel,Fastly,Metro,VOD Series,0.92,2.13,0.78,0.3,0.58,1.14,8.13,0.77,7194,39.1,12646,60672,163221,90.4,79.2,60.9,50.1,74.5,95.8,0.58,90.2,5.5,3.48,6.62,98.6,89,58,22220
2026-08-29,App_A,WebOS,AT&T,Akamai,Region,Live Sports/Events,0.87,2.22,0.77,0.38,0.48,1.2,6.81,0.7,8457,40.3,16176,77772,200976,88.5,74.6,63.4,50.4,69.4,98,0.71,84.3,5.2,2.93,6.81,98.8,104,65,28597
2026-08-29,App_B,FireTV,Cellular 4G,Cloudflare,Metro,FAST linear,1.01,2.18,0.71,0.38,0.71,1,8.47,0.7,7086,38.9,13374,64852,134382,93.6,74.4,64.3,46.9,75.7,93.5,0.79,89.6,4.9,3.04,6.18,95.1,116,70,19508
2026-08-30,App_A,iOS,Airtel,Fastly,Metro,VOD Movies,0.98,2.07,0.88,0.39,0.51,0.98,7.03,0.87,8533,39.6,15431,73677,155423,94.9,77.7,66.1,50.5,67.3,96.9,0.64,84.1,5.1,3.6,6.37,95.7,102,81,21417
2026-08-30,App_B,Android,Broadband,Akamai,Region,VOD Movies,0.88,2.71,0.69,0.35,0.54,1.4,8.28,0.76,7972,37.5,12195,58949,124127,90.8,80.3,66,52.6,69.1,95,0.79,85.7,4.5,3.45,6.27,97.6,81,77,21662
2026-08-31,App_A,Tizen,Verizon,Akamai,Metro,VOD Series,0.87,2.19,0.87,0.36,0.52,1.05,8.07,0.68,7850,39.2,14056,67196,169522,91.4,76.9,60.5,46.9,70.9,97.4,0.64,89.9,5.7,3.53,7.07,97.3,87,66,21669
2026-08-31,App_B,Android TV,Airtel,Fastly,Metro,VOD Series,1.01,2.01,0.82,0.4,0.49,1.34,7.98,0.88,7260,42.9,12138,57852,142814,90.5,76.9,65.9,48.2,74.2,92.3,0.74,92.2,4.3,3.53,6.96,96.4,87,70,17963
2026-09-01,App_A,WebOS,Wi-Fi,Fastly,Region,Live Sports/Events,1.02,2.19,0.8,0.3,0.67,1.44,7.47,0.81,8966,40.5,15815,75591,191541,88.9,79.8,65.1,49.1,66.4,95.9,0.72,83.5,5.3,3.55,6.59,95.2,112,58,25462
2026-09-01,App_B,Android TV,AT&T,Cloudflare,Country,VOD Movies,0.93,2.08,0.73,0.31,0.61,1.33,8.45,0.74,7079,41.5,12364,59896,124254,92.2,81.8,64,46.4,70.3,99.5,0.8,84.5,4.4,3.46,6.73,95.1,112,72,16453
2026-09-02,App_A,FireTV,Cellular 5G,Akamai,Metro,VOD Series,0.84,2.09,0.83,0.4,0.55,1.26,6.95,0.65,9522,38.8,15173,73557,181613,93.2,77.4,59.4,47.3,67.6,95.8,0.66,82.1,4.9,3.1,6.88,98,104,67,23721
2026-09-02,App_B,Android,AT&T,Cloudflare,Country,VOD Series,0.99,2.5,0.73,0.35,0.69,1.17,8.38,0.86,7231,41.1,12058,57473,138106,92.3,79.8,63.1,48.6,69.1,95.9,0.82,90.1,5.3,3.2,6.86,98.1,81,74,17349
2026-09-03,App_A,Desktop Web,AT&T,AWS CloudFront,Country,FAST linear,0.93,2.45,0.73,0.39,0.66,0.99,7.39,0.7,9007,38.3,15955,75836,170121,95.4,75.5,66.3,48.7,69.7,94.3,0.8,88.6,5,3.48,6.32,98.4,87,64,21778
2026-09-03,App_B,Tizen,AT&T,Akamai,Metro,VOD Series,0.77,2.06,0.68,0.29,0.52,1.15,8.43,0.63,6772,37.9,11743,56796,117749,90.5,76.9,65.6,51.4,70.8,97.4,0.58,88.4,5,3.36,6.27,95.1,81,74,19494
